id,ekatte,name_bg,name_en,type_prefix,obl_code,state_id/id,mun_code,mun_name,nuts3,postcode,lat,lng
bg_settlement_11048,11048,Виево,Vievo,с.,SML,tk_loan_management_bg.state_bg_SML,SML31,Смолян,BG424,4748,41.640891,24.828937
bg_settlement_06923,06923,Буката,Bukata,с.,SML,tk_loan_management_bg.state_bg_SML,SML31,Смолян,BG424,4763,41.495289,24.654177
bg_settlement_23950,23950,Дряново,Dryanovo,с.,PDV,tk_loan_management_bg.state_bg_PDV,PDV15,Лъки,BG421,4241,41.796329,24.787472
bg_settlement_20883,20883,Джурково,Dzhurkovo,с.,PDV,tk_loan_management_bg.state_bg_PDV,PDV15,Лъки,BG421,4241,41.774605,24.819809
bg_settlement_66130,66130,Селча,Selcha,с.,SML,tk_loan_management_bg.state_bg_SML,SML09,Девин,BG424,4814,41.839668,24.387413
bg_settlement_54198,54198,Осиково,Osikovo,с.,SML,tk_loan_management_bg.state_bg_SML,SML09,Девин,BG424,4819,41.902796,24.482243
bg_settlement_36796,36796,Кестен,Kesten,с.,SML,tk_loan_management_bg.state_bg_SML,SML09,Девин,BG424,4828,41.553422,24.43525
bg_settlement_29502,29502,Жребево,Zhrebevo,с.,SML,tk_loan_management_bg.state_bg_SML,SML09,Девин,BG424,4827,41.566174,24.416994
bg_settlement_18424,18424,Гьоврен,Gyovren,с.,SML,tk_loan_management_bg.state_bg_SML,SML09,Девин,BG424,4811,41.662374,24.372773
bg_settlement_11733,11733,Водни пад,Vodni pad,с.,SML,tk_loan_management_bg.state_bg_SML,SML09,Девин,BG424,4826,41.551914,24.380281
bg_settlement_39614,39614,Кремен,Kremen,с.,BLG,tk_loan_management_bg.state_bg_BLG,BLG01,Банско,BG413,2771,41.745012,23.640703
bg_settlement_44906,44906,Левище,Levishte,с.,SFO,tk_loan_management_bg.state_bg_SFO,SFO43,Своге,BG412,2276,43.08205,23.462327
bg_settlement_39270,39270,Краище,Kraishte,с.,BLG,tk_loan_management_bg.state_bg_BLG,BLG02,Белица,BG413,2781,41.912859,23.585224
bg_settlement_62685,62685,Рилски манастир,Rilski manastir,ман.,KNL,tk_loan_management_bg.state_bg_KNL,KNL38,Рила,BG415,2643,42.133951,23.339036
bg_settlement_55083,55083,Падала,Padala,с.,KNL,tk_loan_management_bg.state_bg_KNL,KNL38,Рила,BG415,2632,42.143627,23.191693
bg_settlement_73147,73147,Три могили,Tri mogili,с.,PDV,tk_loan_management_bg.state_bg_PDV,PDV01,Асеновград,BG421,4263,41.82314,25.06377
bg_settlement_70737,70737,Сини връх,Sini vrah,с.,PDV,tk_loan_management_bg.state_bg_PDV,PDV01,Асеновград,BG421,4236,41.8498,24.980266
bg_settlement_49151,49151,Мостово,Mostovo,с.,PDV,tk_loan_management_bg.state_bg_PDV,PDV01,Асеновград,BG421,4257,41.849703,24.937059
bg_settlement_80251,80251,Чеканец,Chekanets,с.,KNL,tk_loan_management_bg.state_bg_KNL,KNL31,Невестино,BG415,2577,42.076733,22.720378
bg_settlement_62058,62058,Раково,Rakovo,с.,KNL,tk_loan_management_bg.state_bg_KNL,KNL31,Невестино,BG415,2577,42.084364,22.719923
bg_settlement_21676,21676,Добростан,Dobrostan,с.,PDV,tk_loan_management_bg.state_bg_PDV,PDV01,Асеновград,BG421,4256,41.905255,24.925128
bg_settlement_12992,12992,Врата,Vrata,с.,PDV,tk_loan_management_bg.state_bg_PDV,PDV01,Асеновград,BG421,4234,41.86017,24.966584
bg_settlement_07870,07870,Бор,Bor,с.,PDV,tk_loan_management_bg.state_bg_PDV,PDV01,Асеновград,BG421,4233,41.835751,25.04794
bg_settlement_87816,87816,Свети Спас,Sveti Spas,с.,SFO,tk_loan_management_bg.state_bg_SFO,SFO59,Долна баня,BG412,,0,0
bg_settlement_24325,24325,Долна Дъбева,Dolna Dabeva,с.,PAZ,tk_loan_management_bg.state_bg_PAZ,PAZ08,Велинград,BG423,4655,42.026576,23.881126
bg_settlement_18527,18527,Горна Дъбева,Gorna Dabeva,с.,PAZ,tk_loan_management_bg.state_bg_PAZ,PAZ08,Велинград,BG423,4648,41.997499,23.820604
bg_settlement_68240,68240,Сполука,Spoluka,с.,KRZ,tk_loan_management_bg.state_bg_KRZ,KRZ02,Ардино,BG425,6799,41.694127,25.148323
bg_settlement_18513,18513,Горна Биркова,Gorna Birkova,с.,PAZ,tk_loan_management_bg.state_bg_PAZ,PAZ08,Велинград,BG423,4657,41.958804,23.805582
bg_settlement_06879,06879,Буйново,Buynovo,с.,SML,tk_loan_management_bg.state_bg_SML,SML05,Борино,BG424,4812,41.560379,24.314631
bg_settlement_05462,05462,Борино,Borino,с.,SML,tk_loan_management_bg.state_bg_SML,SML05,Борино,BG424,4824,41.683555,24.292536
bg_settlement_87223,87223,Ягодина,Yagodina,с.,SML,tk_loan_management_bg.state_bg_SML,SML05,Борино,BG424,4835,41.634355,24.351428
bg_settlement_80159,80159,Чала,Chala,с.,SML,tk_loan_management_bg.state_bg_SML,SML05,Борино,BG424,4836,41.631392,24.302904
bg_settlement_37592,37592,Кожари,Kozhari,с.,SML,tk_loan_management_bg.state_bg_SML,SML05,Борино,BG424,4813,41.543334,24.338723
bg_settlement_05737,05737,Босилково,Bosilkovo,с.,SML,tk_loan_management_bg.state_bg_SML,SML02,Баните,BG424,4945,41.699065,24.952315
bg_settlement_70158,70158,Стърница,Starnitsa,с.,SML,tk_loan_management_bg.state_bg_SML,SML02,Баните,BG424,4957,41.6655,24.929396
bg_settlement_40326,40326,Кръстатица,Krastatitsa,с.,SML,tk_loan_management_bg.state_bg_SML,SML02,Баните,BG424,4741,41.639573,24.958481
bg_settlement_30209,30209,Загражден,Zagrazhden,с.,SML,tk_loan_management_bg.state_bg_SML,SML02,Баните,BG424,4950,41.719495,24.994143
bg_settlement_20033,20033,Давидково,Davidkovo,с.,SML,tk_loan_management_bg.state_bg_SML,SML02,Баните,BG424,4944,41.666592,24.963992
bg_settlement_30034,30034,Забърдо,Zabardo,с.,SML,tk_loan_management_bg.state_bg_SML,SML38,Чепеларе,BG424,4872,41.784256,24.590643
bg_settlement_23929,23929,Дряновец,Dryanovets,с.,SML,tk_loan_management_bg.state_bg_SML,SML38,Чепеларе,BG424,4856,41.766913,24.696959
bg_settlement_15117,15117,Глогино,Glogino,с.,SML,tk_loan_management_bg.state_bg_SML,SML02,Баните,BG424,4948,41.713246,24.962927
bg_settlement_37472,37472,Ковачевица,Kovachevitsa,с.,BLG,tk_loan_management_bg.state_bg_BLG,BLG13,Гърмен,BG413,2969,41.685338,23.82696
bg_settlement_48146,48146,Миле,Mile,с.,SML,tk_loan_management_bg.state_bg_SML,SML16,Мадан,BG424,4921,41.584707,24.991616
bg_settlement_20064,20064,Дагоново,Dagonovo,с.,BLG,tk_loan_management_bg.state_bg_BLG,BLG02,Белица,BG413,2779,41.95434,23.593379
bg_settlement_02107,02107,Бабяк,Babyak,с.,BLG,tk_loan_management_bg.state_bg_BLG,BLG02,Белица,BG413,2784,41.955328,23.681105
bg_settlement_80649,80649,Черешово,Chereshovo,с.,BLG,tk_loan_management_bg.state_bg_BLG,BLG02,Белица,BG413,2787,41.948938,23.708215
bg_settlement_77596,77596,Горно Краище,Gorno Kraishte,с.,BLG,tk_loan_management_bg.state_bg_BLG,BLG02,Белица,BG413,2783,41.902036,23.589126
bg_settlement_04100,04100,Билянска,Bilyanska,с.,SML,tk_loan_management_bg.state_bg_SML,SML31,Смолян,BG424,4789,41.449879,24.61833
bg_settlement_02782,02782,Горна Арда,Gorna Arda,с.,SML,tk_loan_management_bg.state_bg_SML,SML31,Смолян,BG424,4788,41.449924,24.608792
bg_settlement_02076,02076,Баблон,Bablon,с.,SML,tk_loan_management_bg.state_bg_SML,SML31,Смолян,BG424,4774,41.479216,24.700614
bg_settlement_00597,00597,Арда,Arda,с.,SML,tk_loan_management_bg.state_bg_SML,SML31,Смолян,BG424,4790,41.462901,24.639544
bg_settlement_00388,00388,Алиговска,Aligovska,с.,SML,tk_loan_management_bg.state_bg_SML,SML31,Смолян,BG424,4787,41.449169,24.642018
bg_settlement_06255,06255,Бреза,Breza,с.,SML,tk_loan_management_bg.state_bg_SML,SML27,Рудозем,BG424,4959,41.450314,24.87099
bg_settlement_57399,57399,Поляна,Polyana,с.,SML,tk_loan_management_bg.state_bg_SML,SML27,Рудозем,BG424,4977,41.430366,24.747592
bg_settlement_49165,49165,Мочуре,Mochure,с.,SML,tk_loan_management_bg.state_bg_SML,SML27,Рудозем,BG424,4978,41.405243,24.76384
bg_settlement_83274,83274,Широка лъка,Shiroka laka,с.,SML,tk_loan_management_bg.state_bg_SML,SML31,Смолян,BG424,4710,41.6802,24.581008
bg_settlement_81520,81520,Чокманово,Chokmanovo,с.,SML,tk_loan_management_bg.state_bg_SML,SML31,Смолян,BG424,4760,41.535864,24.730484
bg_settlement_80666,80666,Черешово,Chereshovo,с.,SML,tk_loan_management_bg.state_bg_SML,SML31,Смолян,BG424,4772,41.516924,24.641143
bg_settlement_80604,80604,Черешките,Chereshkite,с.,SML,tk_loan_management_bg.state_bg_SML,SML31,Смолян,BG424,4771,41.503574,24.589598
bg_settlement_80412,80412,Чеплетен,Chepleten,с.,SML,tk_loan_management_bg.state_bg_SML,SML31,Смолян,BG424,4786,41.460649,24.756795
bg_settlement_80193,80193,Чамла,Chamla,с.,SML,tk_loan_management_bg.state_bg_SML,SML31,Смолян,BG424,4716,41.622657,24.45366
bg_settlement_77205,77205,Хасовица,Hasovitsa,с.,SML,tk_loan_management_bg.state_bg_SML,SML31,Смолян,BG424,4746,41.58252,24.752149
bg_settlement_59330,59330,Палатик,Palatik,с.,BLG,tk_loan_management_bg.state_bg_BLG,BLG02,Белица,BG413,2782,41.910561,23.669598
bg_settlement_76042,76042,Фатово,Fatovo,с.,SML,tk_loan_management_bg.state_bg_SML,SML31,Смолян,BG424,4797,41.54269,24.780803
bg_settlement_75215,75215,Ухловица,Uhlovitsa,с.,SML,tk_loan_management_bg.state_bg_SML,SML31,Смолян,BG424,4769,41.510275,24.655642
bg_settlement_30847,30847,Зимевица,Zimevitsa,с.,SFO,tk_loan_management_bg.state_bg_SFO,SFO43,Своге,BG412,2282,43.048605,23.292036
bg_settlement_40662,40662,Купен,Kupen,с.,SML,tk_loan_management_bg.state_bg_SML,SML16,Мадан,BG424,4921,41.605891,24.979477
bg_settlement_18040,18040,Губислав,Gubislav,с.,SFO,tk_loan_management_bg.state_bg_SFO,SFO43,Своге,BG412,2274,43.09721,23.314669
bg_settlement_00881,00881,Абланица,Ablanitsa,с.,PAZ,tk_loan_management_bg.state_bg_PAZ,PAZ08,Велинград,BG423,4645,42.009569,23.861914
bg_settlement_14194,14194,Габровница,Gabrovnitsa,с.,SFO,tk_loan_management_bg.state_bg_SFO,SFO43,Своге,BG412,2277,43.054433,23.47551
bg_settlement_07435,07435,Бърдо,Bardo,с.,SFO,tk_loan_management_bg.state_bg_SFO,SFO20,Ихтиман,BG412,2060,42.568939,23.806866
bg_settlement_17823,17823,Грашево,Grashevo,с.,PAZ,tk_loan_management_bg.state_bg_PAZ,PAZ08,Велинград,BG423,4618,41.958822,23.923588
bg_settlement_73482,73482,Турян,Turyan,с.,SML,tk_loan_management_bg.state_bg_SML,SML31,Смолян,BG424,4753,41.535487,24.67488
bg_settlement_73033,73033,Требище,Trebishte,с.,SML,tk_loan_management_bg.state_bg_SML,SML31,Смолян,BG424,4737,41.563732,24.900588
bg_settlement_12989,12989,Враненци,Vranentsi,с.,PAZ,tk_loan_management_bg.state_bg_PAZ,PAZ08,Велинград,BG423,4649,41.9949,23.815639
bg_settlement_72391,72391,Тикале,Tikale,с.,SML,tk_loan_management_bg.state_bg_SML,SML31,Смолян,BG424,4729,41.600701,24.829901
bg_settlement_12334,12334,Всемирци,Vsemirtsi,с.,PAZ,tk_loan_management_bg.state_bg_PAZ,PAZ08,Велинград,BG423,4622,42.029673,23.865213
bg_settlement_07867,07867,Бутрева,Butreva,с.,PAZ,tk_loan_management_bg.state_bg_PAZ,PAZ08,Велинград,BG423,4652,42.006351,23.799473
bg_settlement_07853,07853,Бозьова,Bozyova,с.,PAZ,tk_loan_management_bg.state_bg_PAZ,PAZ08,Велинград,BG423,4654,41.935587,23.758899
bg_settlement_07836,07836,Биркова,Birkova,с.,PAZ,tk_loan_management_bg.state_bg_PAZ,PAZ08,Велинград,BG423,4650,41.984486,23.814507
bg_settlement_04491,04491,Бобешино,Bobeshino,с.,KNL,tk_loan_management_bg.state_bg_KNL,KNL29,Кюстендил,BG415,2567,42.304704,22.427898
bg_settlement_04801,04801,Богутево,Bogutevo,с.,SML,tk_loan_management_bg.state_bg_SML,SML38,Чепеларе,BG424,4855,41.758044,24.718423
bg_settlement_15638,15638,Гълъбово,Galabovo,с.,BLG,tk_loan_management_bg.state_bg_BLG,BLG02,Белица,BG413,2784,41.969622,23.655256
bg_settlement_81623,81623,Чуйпетлово,Chuypetlovo,с.,PER,tk_loan_management_bg.state_bg_PER,PER32,Перник,BG414,2346,42.517168,23.242623
bg_settlement_61100,61100,Равна,Ravna,с.,SFO,tk_loan_management_bg.state_bg_SFO,SFO09,Годеч,BG412,2249,43.04706,23.012881
bg_settlement_14903,14903,Гинци,Gintsi,с.,SFO,tk_loan_management_bg.state_bg_SFO,SFO09,Годеч,BG412,2250,43.08447,23.102647
bg_settlement_18037,18037,Губеш,Gubesh,с.,SFO,tk_loan_management_bg.state_bg_SFO,SFO09,Годеч,BG412,2255,43.077522,23.042878
bg_settlement_14221,14221,Габрово,Gabrovo,с.,KRZ,tk_loan_management_bg.state_bg_KRZ,KRZ35,Черноочене,BG425,6691,41.796637,25.273928
bg_settlement_61220,61220,Равногор,Ravnogor,с.,PAZ,tk_loan_management_bg.state_bg_PAZ,PAZ06,Брацигово,BG423,4582,41.951189,24.36788
bg_settlement_53998,53998,Орцево,Ortsevo,с.,BLG,tk_loan_management_bg.state_bg_BLG,BLG02,Белица,BG413,2785,41.96661,23.734782
bg_settlement_56624,56624,Плана,Plana,с.,SOF,tk_loan_management_bg.state_bg_SOF,SOF46,Столична,BG411,1475,42.487933,23.408146
bg_settlement_29150,29150,Железница,Zheleznitsa,с.,SOF,tk_loan_management_bg.state_bg_SOF,SOF46,Столична,BG411,1475,42.535545,23.365305
bg_settlement_40138,40138,Крушево,Krushevo,с.,BLG,tk_loan_management_bg.state_bg_BLG,BLG13,Гърмен,BG413,2945,41.601084,23.876982
bg_settlement_44762,44762,Лютово,Lyutovo,с.,BLG,tk_loan_management_bg.state_bg_BLG,BLG02,Белица,BG413,2791,41.945887,23.632068
bg_settlement_04323,04323,Блатец,Blatets,с.,KNL,tk_loan_management_bg.state_bg_KNL,KNL29,Кюстендил,BG415,2548,42.315043,22.602452
bg_settlement_83421,83421,Алендарова,Alendarova,с.,PAZ,tk_loan_management_bg.state_bg_PAZ,PAZ08,Велинград,BG423,4621,42.023142,23.882772
bg_settlement_70620,70620,Сърнино,Sarnino,с.,SML,tk_loan_management_bg.state_bg_SML,SML31,Смолян,BG424,4799,41.44895,24.700554
bg_settlement_69585,69585,Стража,Strazha,с.,SML,tk_loan_management_bg.state_bg_SML,SML31,Смолян,BG424,4726,41.595821,24.792178
bg_settlement_69345,69345,Стойките,Stoykite,с.,SML,tk_loan_management_bg.state_bg_SML,SML31,Смолян,BG424,4715,41.656918,24.629432
bg_settlement_69256,69256,Стикъл,Stikal,с.,SML,tk_loan_management_bg.state_bg_SML,SML31,Смолян,BG424,4712,41.63967,24.579382
bg_settlement_68521,68521,Средок,Sredok,с.,SML,tk_loan_management_bg.state_bg_SML,SML31,Смолян,BG424,4798,41.45752,24.608228
bg_settlement_68000,68000,Солища,Solishta,с.,SML,tk_loan_management_bg.state_bg_SML,SML31,Смолян,BG424,4711,41.651247,24.592425
bg_settlement_67965,67965,Соколовци,Sokolovtsi,с.,SML,tk_loan_management_bg.state_bg_SML,SML31,Смолян,BG424,4751,41.654018,24.75844
bg_settlement_81863,81863,Чолакова,Cholakova,с.,PAZ,tk_loan_management_bg.state_bg_PAZ,PAZ08,Велинград,BG423,4636,41.980184,23.793036
bg_settlement_67430,67430,Сливово,Slivovo,с.,SML,tk_loan_management_bg.state_bg_SML,SML31,Смолян,BG424,4710,41.698616,24.551928
bg_settlement_66957,66957,Славейно,Slaveyno,с.,SML,tk_loan_management_bg.state_bg_SML,SML31,Смолян,BG424,4747,41.631072,24.863095
bg_settlement_66384,66384,Сивино,Sivino,с.,SML,tk_loan_management_bg.state_bg_SML,SML31,Смолян,BG424,4780,41.449666,24.690224
bg_settlement_66069,66069,Селище,Selishte,с.,SML,tk_loan_management_bg.state_bg_SML,SML31,Смолян,BG424,4735,41.579635,24.86356
bg_settlement_62534,62534,Речани,Rechani,с.,SML,tk_loan_management_bg.state_bg_SML,SML31,Смолян,BG424,4793,41.453334,24.633026
bg_settlement_57916,57916,Потока,Potoka,с.,SML,tk_loan_management_bg.state_bg_SML,SML31,Смолян,BG424,4768,41.471719,24.605503
bg_settlement_57710,57710,Попрелка,Poprelka,с.,SML,tk_loan_management_bg.state_bg_SML,SML31,Смолян,BG424,4759,41.535637,24.63678
bg_settlement_56455,56455,Писаница,Pisanitsa,с.,SML,tk_loan_management_bg.state_bg_SML,SML31,Смолян,BG424,4744,41.59387,24.752561
bg_settlement_56294,56294,Пещера,Peshtera,с.,SML,tk_loan_management_bg.state_bg_SML,SML31,Смолян,BG424,4754,41.543877,24.69568
bg_settlement_53792,53792,Орешец,Oreshets,с.,SML,tk_loan_management_bg.state_bg_SML,SML31,Смолян,BG424,4727,41.60764,24.794934
bg_settlement_51038,51038,Надарци,Nadartsi,с.,SML,tk_loan_management_bg.state_bg_SML,SML31,Смолян,BG424,4758,41.527217,24.62354
bg_settlement_49285,49285,Мугла,Mugla,с.,SML,tk_loan_management_bg.state_bg_SML,SML31,Смолян,BG424,4716,41.616496,24.493164
bg_settlement_49014,49014,Момчиловци,Momchilovtsi,с.,SML,tk_loan_management_bg.state_bg_SML,SML31,Смолян,BG424,4750,41.656164,24.774532
bg_settlement_48218,48218,Милково,Milkovo,с.,SML,tk_loan_management_bg.state_bg_SML,SML31,Смолян,BG424,4779,41.525093,24.683341
bg_settlement_81606,81606,Чудинци,Chudintsi,с.,KNL,tk_loan_management_bg.state_bg_KNL,KNL29,Кюстендил,BG415,2562,42.387952,22.503505
bg_settlement_78598,78598,Цървена ябълка,Tsarvena yabalka,с.,KNL,tk_loan_management_bg.state_bg_KNL,KNL29,Кюстендил,BG415,2576,42.156313,22.615459
bg_settlement_78543,78543,Црешново,Tsreshnovo,с.,KNL,tk_loan_management_bg.state_bg_KNL,KNL29,Кюстендил,BG415,2567,42.322719,22.445439
bg_settlement_65142,65142,Сажденик,Sazhdenik,с.,KNL,tk_loan_management_bg.state_bg_KNL,KNL29,Кюстендил,BG415,2576,42.131841,22.575783
bg_settlement_78272,78272,Цветино,Tsvetino,с.,PAZ,tk_loan_management_bg.state_bg_PAZ,PAZ08,Велинград,BG423,4630,41.992418,23.841187
bg_settlement_80371,80371,Чепеларе,Chepelare,гр.,SML,tk_loan_management_bg.state_bg_SML,SML38,Чепеларе,BG424,4850,41.725891,24.685009
bg_settlement_70072,70072,Студенец,Studenets,с.,SML,tk_loan_management_bg.state_bg_SML,SML38,Чепеларе,BG424,4878,41.819596,24.655003
bg_settlement_58517,58517,Проглед,Progled,с.,SML,tk_loan_management_bg.state_bg_SML,SML38,Чепеларе,BG424,4871,41.677127,24.714135
bg_settlement_54376,54376,Острица,Ostritsa,с.,SML,tk_loan_management_bg.state_bg_SML,SML38,Чепеларе,BG424,4859,41.7756,24.725252
bg_settlement_43668,43668,Лилеково,Lilekovo,с.,SML,tk_loan_management_bg.state_bg_SML,SML38,Чепеларе,BG424,4858,41.785479,24.723598
bg_settlement_31351,31351,Зорница,Zornitsa,с.,SML,tk_loan_management_bg.state_bg_SML,SML38,Чепеларе,BG424,4857,41.76521,24.666601
bg_settlement_65534,65534,Света Петка,Sveta Petka,с.,PAZ,tk_loan_management_bg.state_bg_PAZ,PAZ08,Велинград,BG423,4620,42.038226,23.874431
bg_settlement_54136,54136,Осеново,Osenovo,с.,BLG,tk_loan_management_bg.state_bg_BLG,BLG01,Банско,BG413,2774,41.778028,23.725427
bg_settlement_76162,76162,Фотиново,Fotinovo,с.,PAZ,tk_loan_management_bg.state_bg_PAZ,PAZ03,Батак,BG423,4571,41.882951,24.351823
bg_settlement_46019,46019,Магарджица,Magardzhitsa,с.,SML,tk_loan_management_bg.state_bg_SML,SML31,Смолян,BG424,4710,41.656937,24.561902
bg_settlement_44673,44673,Люлка,Lyulka,с.,SML,tk_loan_management_bg.state_bg_SML,SML31,Смолян,BG424,4785,41.463604,24.693493
bg_settlement_43219,43219,Левочево,Levochevo,с.,SML,tk_loan_management_bg.state_bg_SML,SML31,Смолян,BG424,4743,41.608015,24.740114
bg_settlement_40748,40748,Кутела,Kutela,с.,SML,tk_loan_management_bg.state_bg_SML,SML31,Смолян,BG424,4752,41.657271,24.83009
bg_settlement_40498,40498,Кукувица,Kukuvitsa,с.,SML,tk_loan_management_bg.state_bg_SML,SML31,Смолян,BG424,4710,41.701181,24.615401
bg_settlement_39637,39637,Кремене,Kremene,с.,SML,tk_loan_management_bg.state_bg_SML,SML31,Смолян,BG424,4755,41.537934,24.628175
bg_settlement_51874,51874,Нова махала,Nova mahala,с.,PAZ,tk_loan_management_bg.state_bg_PAZ,PAZ03,Батак,BG423,4581,41.934582,24.267416
bg_settlement_83209,83209,Шипковица,Shipkovitsa,с.,PER,tk_loan_management_bg.state_bg_PER,PER51,Трън,BG414,2493,42.648404,22.508691
bg_settlement_70648,70648,Сърница,Sarnitsa,гр.,PAZ,tk_loan_management_bg.state_bg_PAZ,PAZ39,Сърница,BG423,4633,41.738449,24.022195
bg_settlement_59224,59224,Побит камък,Pobit kamak,с.,PAZ,tk_loan_management_bg.state_bg_PAZ,PAZ39,Сърница,BG423,4638,41.824485,23.885641
bg_settlement_47559,47559,Медени поляни,Medeni polyani,с.,PAZ,tk_loan_management_bg.state_bg_PAZ,PAZ39,Сърница,BG423,4637,41.857807,23.803829
bg_settlement_86101,86101,Юруково,Yurukovo,с.,BLG,tk_loan_management_bg.state_bg_BLG,BLG53,Якоруда,BG413,2796,41.974461,23.616815
bg_settlement_40453,40453,Кузьово,Kuzyovo,с.,BLG,tk_loan_management_bg.state_bg_BLG,BLG02,Белица,BG413,2788,41.938431,23.656133
bg_settlement_87825,87825,Свети Константин,Sveti Konstantin,с.,PAZ,tk_loan_management_bg.state_bg_PAZ,PAZ21,Пещера,BG423,,0,0
bg_settlement_53059,53059,Обидим,Obidim,с.,BLG,tk_loan_management_bg.state_bg_BLG,BLG01,Банско,BG413,2776,41.787757,23.640673
bg_settlement_63687,63687,Рохлева,Rohleva,с.,PAZ,tk_loan_management_bg.state_bg_PAZ,PAZ08,Велинград,BG423,4653,42.018339,23.803597
bg_settlement_03441,03441,Бели Искър,Beli Iskar,с.,SFO,tk_loan_management_bg.state_bg_SFO,SFO39,Самоков,BG412,2011,42.271639,23.538411
bg_settlement_87552,87552,Ярлово,Yarlovo,с.,SFO,tk_loan_management_bg.state_bg_SFO,SFO39,Самоков,BG412,2029,42.46796,23.280273
bg_settlement_87535,87535,Яребковица,Yarebkovitsa,с.,SFO,tk_loan_management_bg.state_bg_SFO,SFO39,Самоков,BG412,2023,42.38582,23.239272
bg_settlement_46276,46276,Мала църква,Mala tsarkva,с.,SFO,tk_loan_management_bg.state_bg_SFO,SFO39,Самоков,BG412,2021,42.26495,23.510852
bg_settlement_46067,46067,Маджаре,Madzhare,с.,SFO,tk_loan_management_bg.state_bg_SFO,SFO39,Самоков,BG412,2022,42.266554,23.496896
bg_settlement_43832,43832,Лисец,Lisets,с.,SFO,tk_loan_management_bg.state_bg_SFO,SFO39,Самоков,BG412,2023,42.422379,23.2314
bg_settlement_37294,37294,Клисура,Klisura,с.,SFO,tk_loan_management_bg.state_bg_SFO,SFO39,Самоков,BG412,2026,42.329975,23.3646
bg_settlement_16599,16599,Горни Окол,Gorni Okol,с.,SFO,tk_loan_management_bg.state_bg_SFO,SFO39,Самоков,BG412,2027,42.464863,23.51631
bg_settlement_15285,15285,Говедарци,Govedartsi,с.,SFO,tk_loan_management_bg.state_bg_SFO,SFO39,Самоков,BG412,2020,42.258763,23.475158
bg_settlement_55631,55631,Пашови,Pashovi,с.,PAZ,tk_loan_management_bg.state_bg_PAZ,PAZ08,Велинград,BG423,4632,42.043497,23.826511
bg_settlement_81325,81325,Чешлянци,Cheshlyantsi,с.,KNL,tk_loan_management_bg.state_bg_KNL,KNL50,Трекляно,BG415,2556,42.574097,22.530399
bg_settlement_75232,75232,Уши,Ushi,с.,KNL,tk_loan_management_bg.state_bg_KNL,KNL50,Трекляно,BG415,2557,42.524746,22.561094
bg_settlement_65047,65047,Савойски,Savoyski,с.,KNL,tk_loan_management_bg.state_bg_KNL,KNL29,Кюстендил,BG415,2576,42.157542,22.641761
bg_settlement_56887,56887,Побит камък,Pobit kamak,с.,KNL,tk_loan_management_bg.state_bg_KNL,KNL50,Трекляно,BG415,2554,42.598156,22.455917
bg_settlement_47929,47929,Метохия,Metohia,с.,KNL,tk_loan_management_bg.state_bg_KNL,KNL50,Трекляно,BG415,2556,42.573922,22.485863
bg_settlement_23399,23399,Драгойчинци,Dragoychintsi,с.,KNL,tk_loan_management_bg.state_bg_KNL,KNL50,Трекляно,BG415,2554,42.621133,22.495117
bg_settlement_61772,61772,Раздол,Razdol,с.,BLG,tk_loan_management_bg.state_bg_BLG,BLG49,Струмяни,BG413,2835,41.616041,23.008546
bg_settlement_38056,38056,Колибите,Kolibite,с.,BLG,tk_loan_management_bg.state_bg_BLG,BLG49,Струмяни,BG413,2838,41.583012,23.027678
bg_settlement_37191,37191,Клепало,Klepalo,с.,BLG,tk_loan_management_bg.state_bg_BLG,BLG49,Струмяни,BG413,2837,41.622545,22.973213
bg_settlement_16554,16554,Горни Коритен,Gorni Koriten,с.,KNL,tk_loan_management_bg.state_bg_KNL,KNL50,Трекляно,BG415,2557,42.504543,22.573004
bg_settlement_41136,41136,Кръстава,Krastava,с.,PAZ,tk_loan_management_bg.state_bg_PAZ,PAZ08,Велинград,BG423,4647,41.960139,23.820631
bg_settlement_36035,36035,Кандови,Kandovi,с.,PAZ,tk_loan_management_bg.state_bg_PAZ,PAZ08,Велинград,BG423,4631,42.023577,23.829354
bg_settlement_06700,06700,Бръщен,Brashten,с.,SML,tk_loan_management_bg.state_bg_SML,SML10,Доспат,BG424,4821,41.560649,24.091164
bg_settlement_05150,05150,Бойково,Boykovo,с.,PDV,tk_loan_management_bg.state_bg_PDV,PDV26,Родопи,BG421,4103,42.001942,24.620977
bg_settlement_81774,81774,Чурен,Churen,с.,PDV,tk_loan_management_bg.state_bg_PDV,PDV26,Родопи,BG421,4226,41.954094,24.526432
bg_settlement_02779,02779,Барутин,Barutin,с.,SML,tk_loan_management_bg.state_bg_SML,SML10,Доспат,BG424,4830,41.600816,24.181386
bg_settlement_80025,80025,Чавдар,Chavdar,с.,SML,tk_loan_management_bg.state_bg_SML,SML10,Доспат,BG424,4829,41.580377,24.221886
bg_settlement_78567,78567,Црънча,Tsrancha,с.,SML,tk_loan_management_bg.state_bg_SML,SML10,Доспат,BG424,4837,41.567161,24.103738
bg_settlement_44642,44642,Любча,Lyubcha,с.,SML,tk_loan_management_bg.state_bg_SML,SML10,Доспат,BG424,4833,41.618994,24.099781
bg_settlement_22201,22201,Долна Мелна,Dolna Melna,с.,PER,tk_loan_management_bg.state_bg_PER,PER51,Трън,BG414,2490,42.675337,22.526717
bg_settlement_66809,66809,Скобелево,Skobelevo,с.,PDV,tk_loan_management_bg.state_bg_PDV,PDV26,Родопи,BG421,4227,41.996305,24.537943
bg_settlement_66651,66651,Ситово,Sitovo,с.,PDV,tk_loan_management_bg.state_bg_PDV,PDV26,Родопи,BG421,4104,41.926552,24.615238
bg_settlement_70370,70370,Сухострел,Suhostrel,с.,BLG,tk_loan_management_bg.state_bg_BLG,BLG44,Симитли,BG413,2736,41.83038,22.962939
bg_settlement_43671,43671,Лилково,Lilkovo,с.,PDV,tk_loan_management_bg.state_bg_PDV,PDV26,Родопи,BG421,4105,41.90999,24.587143
bg_settlement_20523,20523,Дедово,Dedovo,с.,PDV,tk_loan_management_bg.state_bg_PDV,PDV26,Родопи,BG421,4106,41.995092,24.658662
bg_settlement_14115,14115,Габрина,Gabrina,с.,SML,tk_loan_management_bg.state_bg_SML,SML16,Мадан,BG424,4921,41.614922,24.96483
bg_settlement_16331,16331,Горна Мелна,Gorna Melna,с.,PER,tk_loan_management_bg.state_bg_PER,PER51,Трън,BG414,2491,42.722764,22.519309
bg_settlement_41040,41040,Къшле,Kashle,с.,PER,tk_loan_management_bg.state_bg_PER,PER51,Трън,BG414,2492,42.706962,22.493977
bg_settlement_27601,27601,Ерул,Erul,с.,PER,tk_loan_management_bg.state_bg_PER,PER51,Трън,BG414,2486,42.737326,22.66313
bg_settlement_47857,47857,Места,Mesta,с.,BLG,tk_loan_management_bg.state_bg_BLG,BLG01,Банско,BG413,2772,41.766307,23.671507
bg_settlement_62640,62640,Рибново,Ribnovo,с.,BLG,tk_loan_management_bg.state_bg_BLG,BLG13,Гърмен,BG413,2967,41.718757,23.762296
bg_settlement_05623,05623,Борово,Borovo,с.,PDV,tk_loan_management_bg.state_bg_PDV,PDV15,Лъки,BG421,4243,41.846524,24.873677
bg_settlement_54184,54184,Осиково,Osikovo,с.,BLG,tk_loan_management_bg.state_bg_BLG,BLG13,Гърмен,BG413,2965,41.697763,23.779172
bg_settlement_02453,02453,Балкан махала,Balkan mahala,с.,PDV,tk_loan_management_bg.state_bg_PDV,PDV15,Лъки,BG421,4245,41.74659,24.856767
bg_settlement_52194,52194,Ново село,Novo selo,с.,KNL,tk_loan_management_bg.state_bg_KNL,KNL29,Кюстендил,BG415,2534,42.194824,22.679787
bg_settlement_54225,54225,Осина,Osina,с.,BLG,tk_loan_management_bg.state_bg_BLG,BLG42,Сатовча,BG413,2953,41.633874,24.080285
bg_settlement_21868,21868,Долен,Dolen,с.,BLG,tk_loan_management_bg.state_bg_BLG,BLG42,Сатовча,BG413,2968,41.62321,23.930887
bg_settlement_10046,10046,Ваклиново,Vaklinovo,с.,BLG,tk_loan_management_bg.state_bg_BLG,BLG42,Сатовча,BG413,2957,41.5959,24.063538
bg_settlement_46989,46989,Манастир,Manastir,с.,PDV,tk_loan_management_bg.state_bg_PDV,PDV15,Лъки,BG421,4245,41.724143,24.858612
bg_settlement_44478,44478,Лъки,Laki,гр.,PDV,tk_loan_management_bg.state_bg_PDV,PDV15,Лъки,BG421,4241,41.832994,24.830845
bg_settlement_41006,41006,Късак,Kasak,с.,SML,tk_loan_management_bg.state_bg_SML,SML10,Доспат,BG424,4832,41.634071,24.208204
bg_settlement_31259,31259,Змеица,Zmeitsa,с.,SML,tk_loan_management_bg.state_bg_SML,SML10,Доспат,BG424,4834,41.641936,24.250465
bg_settlement_37945,37945,Кокорово,Kokorovo,с.,SML,tk_loan_management_bg.state_bg_SML,SML31,Смолян,BG424,4725,41.598434,24.808686
bg_settlement_36974,36974,Киселчово,Kiselchovo,с.,SML,tk_loan_management_bg.state_bg_SML,SML31,Смолян,BG424,4765,41.53286,24.593078
bg_settlement_43815,43815,Лисец,Lisets,с.,KNL,tk_loan_management_bg.state_bg_KNL,KNL29,Кюстендил,BG415,2547,42.3086,22.564717
bg_settlement_31841,31841,Чучур,Chuchur,с.,SML,tk_loan_management_bg.state_bg_SML,SML31,Смолян,BG424,4796,41.544651,24.818961
bg_settlement_31285,31285,Змиево,Zmievo,с.,SML,tk_loan_management_bg.state_bg_SML,SML31,Смолян,BG424,4777,41.492909,24.772066
bg_settlement_30226,30226,Заевите,Zaevite,с.,SML,tk_loan_management_bg.state_bg_SML,SML31,Смолян,BG424,4710,41.674391,24.571212
bg_settlement_27415,27415,Ельово,Elyovo,с.,SML,tk_loan_management_bg.state_bg_SML,SML31,Смолян,BG424,4783,41.445938,24.720442
bg_settlement_27262,27262,Еленска,Elenska,с.,SML,tk_loan_management_bg.state_bg_SML,SML31,Смолян,BG424,4731,41.573556,24.8785
bg_settlement_21107,21107,Димово,Dimovo,с.,SML,tk_loan_management_bg.state_bg_SML,SML31,Смолян,BG424,4757,41.538843,24.614946
bg_settlement_18068,18068,Гудевица,Gudevitsa,с.,SML,tk_loan_management_bg.state_bg_SML,SML31,Смолян,BG424,4792,41.452412,24.650721
bg_settlement_17837,17837,Гращица,Grashtitsa,с.,SML,tk_loan_management_bg.state_bg_SML,SML31,Смолян,BG424,4714,41.652717,24.620452
bg_settlement_17631,17631,Градът,Gradat,с.,SML,tk_loan_management_bg.state_bg_SML,SML31,Смолян,BG424,4749,41.587091,24.840135
bg_settlement_17052,17052,Горово,Gorovo,с.,SML,tk_loan_management_bg.state_bg_SML,SML31,Смолян,BG424,4776,41.435855,24.732677
bg_settlement_15343,15343,Гоздевица,Gozdevitsa,с.,SML,tk_loan_management_bg.state_bg_SML,SML31,Смолян,BG424,4791,41.45318,24.657905
bg_settlement_23025,23025,Доспат,Dospat,гр.,SML,tk_loan_management_bg.state_bg_SML,SML10,Доспат,BG424,4831,41.646249,24.15978
bg_settlement_14605,14605,Гела,Gela,с.,SML,tk_loan_management_bg.state_bg_SML,SML31,Смолян,BG424,4710,41.644295,24.573369
bg_settlement_53727,53727,Ореше,Oreshe,с.,BLG,tk_loan_management_bg.state_bg_BLG,BLG13,Гърмен,BG413,2943,41.623576,23.881547
bg_settlement_43373,43373,Леска,Leska,с.,KNL,tk_loan_management_bg.state_bg_KNL,KNL29,Кюстендил,BG415,2547,42.311291,22.531699
bg_settlement_40765,40765,Кутугерци,Kutugertsi,с.,KNL,tk_loan_management_bg.state_bg_KNL,KNL29,Кюстендил,BG415,2567,42.324222,22.486343
bg_settlement_38515,38515,Коприва,Kopriva,с.,KNL,tk_loan_management_bg.state_bg_KNL,KNL29,Кюстендил,BG415,2567,42.286018,22.418281
bg_settlement_32144,32144,Ивановци,Ivanovtsi,с.,KNL,tk_loan_management_bg.state_bg_KNL,KNL29,Кюстендил,BG415,2562,42.367447,22.514086
bg_settlement_29266,29266,Жеравино,Zheravino,с.,KNL,tk_loan_management_bg.state_bg_KNL,KNL29,Кюстендил,BG415,2567,42.318884,22.386231
bg_settlement_18455,18455,Гюешево,Gyueshevo,с.,KNL,tk_loan_management_bg.state_bg_KNL,KNL29,Кюстендил,BG415,2570,42.238868,22.473586
bg_settlement_18112,18112,Гурбановци,Gurbanovtsi,с.,KNL,tk_loan_management_bg.state_bg_KNL,KNL29,Кюстендил,BG415,2567,42.355914,22.473443
bg_settlement_07048,07048,Буново,Bunovo,с.,KNL,tk_loan_management_bg.state_bg_KNL,KNL29,Кюстендил,BG415,2539,42.394188,22.781412
bg_settlement_14129,14129,Габрица,Gabritsa,с.,SML,tk_loan_management_bg.state_bg_SML,SML31,Смолян,BG424,4795,41.543587,24.766199
bg_settlement_12807,12807,Върбово,Varbovo,с.,SML,tk_loan_management_bg.state_bg_SML,SML31,Смолян,BG424,4710,41.698261,24.565441
bg_settlement_06269,06269,Брезе,Breze,с.,SML,tk_loan_management_bg.state_bg_SML,SML09,Девин,BG424,4849,41.723335,24.513542
bg_settlement_21748,21748,Добърско,Dobarsko,с.,BLG,tk_loan_management_bg.state_bg_BLG,BLG37,Разлог,BG413,2799,41.970322,23.47639
bg_settlement_11604,11604,Водата,Vodata,с.,SML,tk_loan_management_bg.state_bg_SML,SML31,Смолян,BG424,4713,41.648367,24.631512
bg_settlement_03112,03112,Беден,Beden,с.,SML,tk_loan_management_bg.state_bg_SML,SML09,Девин,BG424,4817,41.716937,24.47178
bg_settlement_73105,73105,Триград,Trigrad,с.,SML,tk_loan_management_bg.state_bg_SML,SML09,Девин,BG424,4825,41.598616,24.379009
bg_settlement_69465,69465,Стоманево,Stomanevo,с.,SML,tk_loan_management_bg.state_bg_SML,SML09,Девин,BG424,4822,41.808343,24.421923
bg_settlement_87802,87802,Попови ливади,Popovi livadi,с.,BLG,tk_loan_management_bg.state_bg_BLG,BLG11,Гоце Делчев,BG413,,41.546723,23.653617
bg_settlement_44447,44447,Лъкавица,Lakavitsa,с.,PDV,tk_loan_management_bg.state_bg_PDV,PDV15,Лъки,BG421,4241,41.795582,24.856528
bg_settlement_20585,20585,Делчево,Delchevo,с.,BLG,tk_loan_management_bg.state_bg_BLG,BLG11,Гоце Делчев,BG413,2917,41.556117,23.696376
bg_settlement_40244,40244,Крушово,Krushovo,с.,PDV,tk_loan_management_bg.state_bg_PDV,PDV15,Лъки,BG421,4241,41.77185,24.869319
bg_settlement_31423,31423,Здравец,Zdravets,с.,PDV,tk_loan_management_bg.state_bg_PDV,PDV15,Лъки,BG421,4241,41.744039,24.79718
bg_settlement_62414,62414,Редина,Redina,с.,SFO,tk_loan_management_bg.state_bg_SFO,SFO43,Своге,BG412,2269,42.947276,23.377357
bg_settlement_17381,17381,Гостун,Gostun,с.,BLG,tk_loan_management_bg.state_bg_BLG,BLG01,Банско,BG413,2773,41.798226,23.690838
bg_settlement_47322,47322,Марково равнище,Markovo ravnishte,с.,VRC,tk_loan_management_bg.state_bg_VRC,VRC32,Роман,BG313,3133,43.036135,23.939921
bg_settlement_02676,02676,Банско,Bansko,гр.,BLG,tk_loan_management_bg.state_bg_BLG,BLG01,Банско,BG413,2770,41.836986,23.49091
bg_settlement_40302,40302,Крънджилица,Krandzhilitsa,с.,BLG,tk_loan_management_bg.state_bg_BLG,BLG33,Петрич,BG413,2875,41.539702,23.057696
bg_settlement_00059,00059,Аврамово,Avramovo,с.,BLG,tk_loan_management_bg.state_bg_BLG,BLG53,Якоруда,BG413,2795,42.031027,23.812212
bg_settlement_02837,02837,Батак,Batak,гр.,PAZ,tk_loan_management_bg.state_bg_PAZ,PAZ03,Батак,BG423,4580,41.944165,24.219037
bg_settlement_07822,07822,Бунцево,Buntsevo,с.,BLG,tk_loan_management_bg.state_bg_BLG,BLG53,Якоруда,BG413,2791,42.003032,23.71057
bg_settlement_03561,03561,Бел камен,Bel kamen,с.,BLG,tk_loan_management_bg.state_bg_BLG,BLG53,Якоруда,BG413,2793,41.996435,23.748762
bg_settlement_38220,38220,Конарско,Konarsko,с.,BLG,tk_loan_management_bg.state_bg_BLG,BLG53,Якоруда,BG413,2792,42.016779,23.72292
bg_settlement_57769,57769,Попско,Popsko,с.,HKV,tk_loan_management_bg.state_bg_HKV,HKV11,Ивайловград,BG422,6580,41.552079,25.850444
bg_settlement_23039,23039,Доспей,Dospey,с.,SFO,tk_loan_management_bg.state_bg_SFO,SFO39,Самоков,BG412,2012,42.314302,23.515957
bg_settlement_22469,22469,Долни Окол,Dolni Okol,с.,SFO,tk_loan_management_bg.state_bg_SFO,SFO39,Самоков,BG412,2028,42.49012,23.494729
bg_settlement_18201,18201,Гуцал,Gutsal,с.,SFO,tk_loan_management_bg.state_bg_SFO,SFO39,Самоков,BG412,2045,42.343117,23.699876
bg_settlement_03770,03770,Белчински бани,Belchinski bani,с.,SFO,tk_loan_management_bg.state_bg_SFO,SFO39,Самоков,BG412,2024,42.366724,23.412067
bg_settlement_15134,15134,Глоговица,Glogovitsa,с.,PER,tk_loan_management_bg.state_bg_PER,PER51,Трън,BG414,2463,42.792217,22.668154
bg_settlement_14979,14979,Главановци,Glavanovtsi,с.,PER,tk_loan_management_bg.state_bg_PER,PER51,Трън,BG414,2480,42.817917,22.519757
bg_settlement_12348,12348,Вукан,Vukan,с.,PER,tk_loan_management_bg.state_bg_PER,PER51,Трън,BG414,2485,42.773735,22.610829
bg_settlement_12139,12139,Врабча,Vrabcha,с.,PER,tk_loan_management_bg.state_bg_PER,PER51,Трън,BG414,2470,42.867587,22.707211
bg_settlement_11017,11017,Видрар,Vidrar,с.,PER,tk_loan_management_bg.state_bg_PER,PER51,Трън,BG414,2495,42.672713,22.594142
bg_settlement_21324,21324,Добралък,Dobralak,с.,PDV,tk_loan_management_bg.state_bg_PDV,PDV42,Куклен,BG421,4259,41.95388,24.752965
bg_settlement_87179,87179,Яврово,Yavrovo,с.,PDV,tk_loan_management_bg.state_bg_PDV,PDV42,Куклен,BG421,4258,41.996556,24.797596
bg_settlement_78207,78207,Цар Калоян,Tsar Kaloyan,с.,PDV,tk_loan_management_bg.state_bg_PDV,PDV42,Куклен,BG421,4126,42.022041,24.702866
bg_settlement_21943,21943,Долие,Dolie,с.,SML,tk_loan_management_bg.state_bg_SML,SML16,Мадан,BG424,4921,41.561902,24.912395
bg_settlement_14413,14413,Галище,Galishte,с.,SML,tk_loan_management_bg.state_bg_SML,SML16,Мадан,BG424,4934,41.500168,25.014823
bg_settlement_12841,12841,Въргов дол,Vargov dol,с.,SML,tk_loan_management_bg.state_bg_SML,SML16,Мадан,BG424,4907,41.495487,24.965924
bg_settlement_12718,12718,Върбина,Varbina,с.,SML,tk_loan_management_bg.state_bg_SML,SML16,Мадан,BG424,4921,41.562441,24.973518
bg_settlement_12655,12655,Върба,Varba,с.,SML,tk_loan_management_bg.state_bg_SML,SML16,Мадан,BG424,4920,41.479184,24.892855
bg_settlement_12187,12187,Вранинци,Vranintsi,с.,SML,tk_loan_management_bg.state_bg_SML,SML16,Мадан,BG424,4906,41.513248,24.951927
bg_settlement_03767,03767,Белчин,Belchin,с.,SFO,tk_loan_management_bg.state_bg_SFO,SFO39,Самоков,BG412,2025,42.361759,23.380733
bg_settlement_00391,00391,Алино,Alino,с.,SFO,tk_loan_management_bg.state_bg_SFO,SFO39,Самоков,BG412,2019,42.401826,23.383139
bg_settlement_03530,03530,Белица,Belitsa,с.,PDV,tk_loan_management_bg.state_bg_PDV,PDV15,Лъки,BG421,4242,41.826581,24.896609
bg_settlement_58548,58548,Продановци,Prodanovtsi,с.,SFO,tk_loan_management_bg.state_bg_SFO,SFO39,Самоков,BG412,2007,42.345863,23.52323
bg_settlement_57697,57697,Поповяне,Popovyane,с.,SFO,tk_loan_management_bg.state_bg_SFO,SFO39,Самоков,BG412,2014,42.424012,23.349918
bg_settlement_52249,52249,Ново село,Novo selo,с.,SFO,tk_loan_management_bg.state_bg_SFO,SFO39,Самоков,BG412,2016,42.392864,23.634169
bg_settlement_47264,47264,Марица,Maritsa,с.,SFO,tk_loan_management_bg.state_bg_SFO,SFO39,Самоков,BG412,2044,42.307409,23.706811
bg_settlement_37527,37527,Ковачевци,Kovachevtsi,с.,SFO,tk_loan_management_bg.state_bg_SFO,SFO39,Самоков,BG412,2023,42.445928,23.32901
bg_settlement_31228,31228,Злокучене,Zlokuchene,с.,SFO,tk_loan_management_bg.state_bg_SFO,SFO39,Самоков,BG412,2009,42.392355,23.555535
bg_settlement_23491,23491,Драгушиново,Dragushinovo,с.,SFO,tk_loan_management_bg.state_bg_SFO,SFO39,Самоков,BG412,2008,42.368893,23.558822
bg_settlement_83291,83291,Широки дол,Shiroki dol,с.,SFO,tk_loan_management_bg.state_bg_SFO,SFO39,Самоков,BG412,2013,42.389036,23.522838
bg_settlement_53761,53761,Орешец,Oreshets,с.,PDV,tk_loan_management_bg.state_bg_PDV,PDV01,Асеновград,BG421,4255,41.887979,24.941777
bg_settlement_44834,44834,Лясково,Lyaskovo,с.,PDV,tk_loan_management_bg.state_bg_PDV,PDV01,Асеновград,BG421,4238,41.994377,24.823274
bg_settlement_38799,38799,Косово,Kosovo,с.,PDV,tk_loan_management_bg.state_bg_PDV,PDV01,Асеновград,BG421,4240,41.91159,24.70175
bg_settlement_29581,29581,Жълт камък,Zhalt kamak,с.,PDV,tk_loan_management_bg.state_bg_PDV,PDV01,Асеновград,BG421,4298,41.851214,25.133606
bg_settlement_83243,83243,Шипочане,Shipochane,с.,SFO,tk_loan_management_bg.state_bg_SFO,SFO39,Самоков,BG412,2015,42.346493,23.612942
bg_settlement_75254,75254,Узуново,Uzunovo,с.,PDV,tk_loan_management_bg.state_bg_PDV,PDV01,Асеновград,BG421,4237,41.842428,25.099177
bg_settlement_65231,65231,Самоков,Samokov,гр.,SFO,tk_loan_management_bg.state_bg_SFO,SFO39,Самоков,BG412,2000,42.336897,23.552877
bg_settlement_62486,62486,Рельово,Relyovo,с.,SFO,tk_loan_management_bg.state_bg_SFO,SFO39,Самоков,BG412,2018,42.371307,23.44786
bg_settlement_61922,61922,Райово,Rayovo,с.,SFO,tk_loan_management_bg.state_bg_SFO,SFO39,Самоков,BG412,2017,42.373582,23.496712
bg_settlement_38234,38234,Конарското,Konarskoto,с.,GAB,tk_loan_management_bg.state_bg_GAB,GAB35,Трявна,BG322,5364,42.759898,25.62072
bg_settlement_40364,40364,Кръстец,Krastets,с.,GAB,tk_loan_management_bg.state_bg_GAB,GAB35,Трявна,BG322,5364,42.765509,25.550231
bg_settlement_10478,10478,Велиново,Velinovo,с.,PER,tk_loan_management_bg.state_bg_PER,PER51,Трън,BG414,2476,42.789369,22.700206
bg_settlement_07137,07137,Бутроинци,Butrointsi,с.,PER,tk_loan_management_bg.state_bg_PER,PER51,Трън,BG414,2473,42.850772,22.742995
bg_settlement_87062,87062,Ябълково,Yabalkovo,с.,KNL,tk_loan_management_bg.state_bg_KNL,KNL29,Кюстендил,BG415,2544,42.305974,22.737635
bg_settlement_78611,78611,Цървеняно,Tsarvenyano,с.,KNL,tk_loan_management_bg.state_bg_KNL,KNL29,Кюстендил,BG415,2542,42.353204,22.795106
bg_settlement_55035,55035,Павелско,Pavelsko,с.,SML,tk_loan_management_bg.state_bg_SML,SML38,Чепеларе,BG424,4889,41.862492,24.704972
bg_settlement_53669,53669,Орехово,Orehovo,с.,SML,tk_loan_management_bg.state_bg_SML,SML38,Чепеларе,BG424,4877,41.869632,24.614317
bg_settlement_78608,78608,Цървендол,Tsarvendol,с.,KNL,tk_loan_management_bg.state_bg_KNL,KNL29,Кюстендил,BG415,2567,42.280117,22.457521
bg_settlement_78447,78447,Церовица,Tserovitsa,с.,KNL,tk_loan_management_bg.state_bg_KNL,KNL29,Кюстендил,BG415,2567,42.350527,22.532532
bg_settlement_73750,73750,Търсино,Tarsino,с.,KNL,tk_loan_management_bg.state_bg_KNL,KNL29,Кюстендил,BG415,2586,42.216737,22.740653
bg_settlement_46286,46286,Малево,Malevo,с.,SML,tk_loan_management_bg.state_bg_SML,SML38,Чепеларе,BG424,4891,41.864087,24.654659
bg_settlement_77219,77219,Хвойна,Hvoyna,с.,SML,tk_loan_management_bg.state_bg_SML,SML38,Чепеларе,BG424,4890,41.870591,24.690918
bg_settlement_63608,63608,Ръсово,Rasovo,с.,KNL,tk_loan_management_bg.state_bg_KNL,KNL29,Кюстендил,BG415,2568,42.27766,22.542963
bg_settlement_62428,62428,Режинци,Rezhintsi,с.,KNL,tk_loan_management_bg.state_bg_KNL,KNL29,Кюстендил,BG415,2562,42.398648,22.553933
bg_settlement_47144,47144,Манчево,Manchevo,с.,KRZ,tk_loan_management_bg.state_bg_KRZ,KRZ21,Момчилград,BG425,6800,41.541849,25.448212
bg_settlement_62181,62181,Раненци,Ranentsi,с.,KNL,tk_loan_management_bg.state_bg_KNL,KNL29,Кюстендил,BG415,2569,42.256012,22.523441
bg_settlement_61604,61604,Радуил,Raduil,с.,SFO,tk_loan_management_bg.state_bg_SFO,SFO39,Самоков,BG412,2043,42.285898,23.688573
bg_settlement_81517,81517,Чобанка,Chobanka,с.,KRZ,tk_loan_management_bg.state_bg_KRZ,KRZ21,Момчилград,BG425,6836,41.538689,25.485156
bg_settlement_32603,32603,Смолево,Smolevo,с.,BLG,tk_loan_management_bg.state_bg_BLG,BLG53,Якоруда,BG413,2794,42.016674,23.766419
bg_settlement_87338,87338,Якоруда,Yakoruda,гр.,BLG,tk_loan_management_bg.state_bg_BLG,BLG53,Якоруда,BG413,2790,42.018596,23.670067
bg_settlement_81850,81850,Черна Места,Cherna Mesta,с.,BLG,tk_loan_management_bg.state_bg_BLG,BLG53,Якоруда,BG413,2789,42.053747,23.728585
bg_settlement_17449,17449,Градец,Gradets,с.,SFO,tk_loan_management_bg.state_bg_SFO,SFO26,Костинброд,BG412,2239,42.88165,23.205688
bg_settlement_07171,07171,Бучин проход,Buchin prohod,с.,SFO,tk_loan_management_bg.state_bg_SFO,SFO26,Костинброд,BG412,2236,42.972579,23.14022
bg_settlement_57529,57529,Понор,Ponor,с.,SFO,tk_loan_management_bg.state_bg_SFO,SFO26,Костинброд,BG412,2236,42.923423,23.13824
bg_settlement_23844,23844,Дръмша,Dramsha,с.,SFO,tk_loan_management_bg.state_bg_SFO,SFO26,Костинброд,BG412,2238,42.932862,23.195915
bg_settlement_23707,23707,Дреново,Drenovo,с.,SFO,tk_loan_management_bg.state_bg_SFO,SFO26,Костинброд,BG412,2236,42.949862,23.181918
bg_settlement_14341,14341,Гайтаниново,Gaytaninovo,с.,BLG,tk_loan_management_bg.state_bg_BLG,BLG52,Хаджидимово,BG413,2924,41.452043,23.712806
bg_settlement_81356,81356,Чибаовци,Chibaovtsi,с.,SFO,tk_loan_management_bg.state_bg_SFO,SFO26,Костинброд,BG412,2236,42.93455,23.239601
bg_settlement_78197,78197,Царичина,Tsarichina,с.,SFO,tk_loan_management_bg.state_bg_SFO,SFO26,Костинброд,BG412,2236,42.890625,23.239302
bg_settlement_15572,15572,Голеш,Golesh,с.,SFO,tk_loan_management_bg.state_bg_SFO,SFO09,Годеч,BG412,2254,43.049076,22.944679
bg_settlement_15309,15309,Годеч,Godech,гр.,SFO,tk_loan_management_bg.state_bg_SFO,SFO09,Годеч,BG412,2240,43.014544,23.04637
bg_settlement_07555,07555,Бърля,Barlya,с.,SFO,tk_loan_management_bg.state_bg_SFO,SFO09,Годеч,BG412,2255,43.09925,22.983455
bg_settlement_06050,06050,Бракьовци,Brakyovtsi,с.,SFO,tk_loan_management_bg.state_bg_SFO,SFO09,Годеч,BG412,2251,43.06034,23.158589
bg_settlement_44300,44300,Лопушня,Lopushnya,с.,SFO,tk_loan_management_bg.state_bg_SFO,SFO09,Годеч,BG412,2252,42.981294,23.061938
bg_settlement_18561,18561,Горна Василица,Gorna Vasilitsa,с.,SFO,tk_loan_management_bg.state_bg_SFO,SFO25,Костенец,BG412,2046,42.347086,23.850971
bg_settlement_11260,11260,Високите,Visokite,с.,SML,tk_loan_management_bg.state_bg_SML,SML16,Мадан,BG424,4921,41.528115,24.95707
bg_settlement_10910,10910,Вехтино,Vehtino,с.,SML,tk_loan_management_bg.state_bg_SML,SML16,Мадан,BG424,4924,41.546877,25.016676
bg_settlement_07017,07017,Буково,Bukovo,с.,SML,tk_loan_management_bg.state_bg_SML,SML16,Мадан,BG424,4930,41.507168,24.996099
bg_settlement_06937,06937,Букова поляна,Bukova polyana,с.,SML,tk_loan_management_bg.state_bg_SML,SML16,Мадан,BG424,4935,41.529778,25.000538
bg_settlement_76180,76180,Фролош,Frolosh,с.,KNL,tk_loan_management_bg.state_bg_KNL,KNL27,Кочериново,BG415,2682,42.131701,22.921632
bg_settlement_05579,05579,Боровина,Borovina,с.,SML,tk_loan_management_bg.state_bg_SML,SML16,Мадан,BG424,4923,41.585363,24.92567
bg_settlement_02172,02172,Бадино,Badino,с.,KNL,tk_loan_management_bg.state_bg_KNL,KNL05,Бобошево,BG415,2676,42.17755,23.103512
bg_settlement_78495,78495,Циклово,Tsiklovo,с.,KNL,tk_loan_management_bg.state_bg_KNL,KNL05,Бобошево,BG415,2666,42.205927,22.993278
bg_settlement_15374,15374,Голак,Golak,с.,SFO,tk_loan_management_bg.state_bg_SFO,SFO25,Костенец,BG412,2036,42.297393,23.967118
bg_settlement_56993,56993,Подгорие,Podgorie,с.,SFO,tk_loan_management_bg.state_bg_SFO,SFO25,Костенец,BG412,2049,42.375155,23.769699
bg_settlement_54554,54554,Очуша,Ochusha,с.,SFO,tk_loan_management_bg.state_bg_SFO,SFO25,Костенец,BG412,2049,42.387846,23.725342
bg_settlement_24894,24894,Долна Василица,Dolna Vasilitsa,с.,SFO,tk_loan_management_bg.state_bg_SFO,SFO25,Костенец,BG412,2034,42.314464,23.891157
bg_settlement_15446,15446,Голема Фуча,Golema Fucha,с.,KNL,tk_loan_management_bg.state_bg_KNL,KNL04,Бобов дол,BG415,2667,42.374,22.945625
bg_settlement_44210,44210,Локвата,Lokvata,с.,KNL,tk_loan_management_bg.state_bg_KNL,KNL04,Бобов дол,BG415,2656,42.230907,22.956631
bg_settlement_38635,38635,Коркина,Korkina,с.,KNL,tk_loan_management_bg.state_bg_KNL,KNL04,Бобов дол,BG415,2688,42.318823,22.955716
bg_settlement_38186,38186,Комщица,Komshtitsa,с.,SFO,tk_loan_management_bg.state_bg_SFO,SFO09,Годеч,BG412,2255,43.092867,22.993154
bg_settlement_83466,83466,Шума,Shuma,с.,SFO,tk_loan_management_bg.state_bg_SFO,SFO09,Годеч,BG412,2252,42.99378,23.090361
bg_settlement_38558,38558,Копривщица,Koprivshtitsa,гр.,SFO,tk_loan_management_bg.state_bg_SFO,SFO24,Копривщица,BG412,2077,42.636161,24.360185
bg_settlement_46766,46766,Мало Малово,Malo Malovo,с.,SFO,tk_loan_management_bg.state_bg_SFO,SFO16,Драгоман,BG412,2205,42.949494,23.047784
bg_settlement_43757,43757,Липинци,Lipintsi,с.,SFO,tk_loan_management_bg.state_bg_SFO,SFO16,Драгоман,BG412,2212,43.011658,22.866887
bg_settlement_23409,23409,Драгоман,Dragoman,гр.,SFO,tk_loan_management_bg.state_bg_SFO,SFO16,Драгоман,BG412,2210,42.9298,22.931659
bg_settlement_23354,23354,Драгоил,Dragoil,с.,SFO,tk_loan_management_bg.state_bg_SFO,SFO16,Драгоман,BG412,2208,42.942489,22.882243
bg_settlement_67641,67641,Смолча,Smolcha,с.,SFO,tk_loan_management_bg.state_bg_SFO,SFO09,Годеч,BG412,2255,43.077379,22.980547
bg_settlement_63001,63001,Ропот,Ropot,с.,SFO,tk_loan_management_bg.state_bg_SFO,SFO09,Годеч,BG412,2254,43.038867,22.983056
bg_settlement_80265,80265,Чеканец,Chekanets,с.,SFO,tk_loan_management_bg.state_bg_SFO,SFO16,Драгоман,BG412,2220,42.857347,22.806056
bg_settlement_78553,78553,Цръклевци,Tsraklevtsi,с.,SFO,tk_loan_management_bg.state_bg_SFO,SFO16,Драгоман,BG412,2205,42.952349,23.104665
bg_settlement_62342,62342,Раяновци,Rayanovtsi,с.,SFO,tk_loan_management_bg.state_bg_SFO,SFO16,Драгоман,BG412,2204,42.944359,23.026955
bg_settlement_61652,61652,Разбоище,Razboishte,с.,SFO,tk_loan_management_bg.state_bg_SFO,SFO09,Годеч,BG412,2253,43.012817,22.956615
bg_settlement_32086,32086,Иваново,Ivanovo,с.,BLG,tk_loan_management_bg.state_bg_BLG,BLG33,Петрич,BG413,2875,41.532946,23.068117
bg_settlement_22650,22650,Долно Кобиле,Dolno Kobile,с.,KNL,tk_loan_management_bg.state_bg_KNL,KNL50,Трекляно,BG415,2556,42.549098,22.53319
bg_settlement_22410,22410,Долни Коритен,Dolni Koriten,с.,KNL,tk_loan_management_bg.state_bg_KNL,KNL50,Трекляно,BG415,2558,42.486217,22.589109
bg_settlement_21422,21422,Добри дол,Dobri dol,с.,KNL,tk_loan_management_bg.state_bg_KNL,KNL50,Трекляно,BG415,2559,42.495903,22.665114
bg_settlement_16804,16804,Горно Кобиле,Gorno Kobile,с.,KNL,tk_loan_management_bg.state_bg_KNL,KNL50,Трекляно,BG415,2556,42.565143,22.519818
bg_settlement_14101,14101,Габрешевци,Gabreshevtsi,с.,KNL,tk_loan_management_bg.state_bg_KNL,KNL50,Трекляно,BG415,2557,42.522171,22.639494
bg_settlement_07226,07226,Бъзовица,Bazovitsa,с.,KNL,tk_loan_management_bg.state_bg_KNL,KNL50,Трекляно,BG415,2555,42.597039,22.542851
bg_settlement_06392,06392,Брест,Brest,с.,KNL,tk_loan_management_bg.state_bg_KNL,KNL50,Трекляно,BG415,2558,42.461337,22.608973
bg_settlement_38786,38786,Косово,Kosovo,с.,KNL,tk_loan_management_bg.state_bg_KNL,KNL50,Трекляно,BG415,2557,42.596339,22.580727
bg_settlement_36960,36960,Киселица,Kiselitsa,с.,KNL,tk_loan_management_bg.state_bg_KNL,KNL50,Трекляно,BG415,2556,42.547149,22.511193
bg_settlement_31200,31200,Злогош,Zlogosh,с.,KNL,tk_loan_management_bg.state_bg_KNL,KNL50,Трекляно,BG415,2558,42.456661,22.640226
bg_settlement_73047,73047,Трекляно,Treklyano,с.,KNL,tk_loan_management_bg.state_bg_KNL,KNL50,Трекляно,BG415,2557,42.551003,22.598038
bg_settlement_70411,70411,Сушица,Sushitsa,с.,KNL,tk_loan_management_bg.state_bg_KNL,KNL50,Трекляно,BG415,2558,42.486049,22.645907
bg_settlement_68535,68535,Средорек,Sredorek,с.,KNL,tk_loan_management_bg.state_bg_KNL,KNL50,Трекляно,BG415,2555,42.559925,22.551357
bg_settlement_04220,04220,Бистрица,Bistritsa,с.,KNL,tk_loan_management_bg.state_bg_KNL,KNL48,Дупница,BG415,2644,42.239743,23.163641
bg_settlement_39640,39640,Кременик,Kremenik,с.,KNL,tk_loan_management_bg.state_bg_KNL,KNL48,Дупница,BG415,2653,42.364163,23.069082
bg_settlement_31317,31317,Зойчене,Zoychene,с.,BLG,tk_loan_management_bg.state_bg_BLG,BLG33,Петрич,BG413,2882,41.456624,23.017556
bg_settlement_23697,23697,Дреново,Drenovo,с.,BLG,tk_loan_management_bg.state_bg_BLG,BLG33,Петрич,BG413,2876,41.510334,23.154944
bg_settlement_30764,30764,Зелено дърво,Zeleno darvo,с.,GAB,tk_loan_management_bg.state_bg_GAB,GAB05,Габрово,BG322,5304,42.796501,25.270028
bg_settlement_07096,07096,Бусинци,Busintsi,с.,PER,tk_loan_management_bg.state_bg_PER,PER51,Трън,BG414,2486,42.781615,22.625531
bg_settlement_16585,16585,Горни Маренци,Gorni Marentsi,с.,GAB,tk_loan_management_bg.state_bg_GAB,GAB35,Трявна,BG322,5360,42.836233,25.411642
bg_settlement_16609,16609,Горни Радковци,Gorni Radkovtsi,с.,GAB,tk_loan_management_bg.state_bg_GAB,GAB35,Трявна,BG322,5360,42.833243,25.422273
bg_settlement_22486,22486,Долни Радковци,Dolni Radkovtsi,с.,GAB,tk_loan_management_bg.state_bg_GAB,GAB35,Трявна,BG322,5360,42.831829,25.428992
bg_settlement_05918,05918,Бохова,Bohova,с.,PER,tk_loan_management_bg.state_bg_PER,PER51,Трън,BG414,2483,42.764267,22.497559
bg_settlement_04697,04697,Богойна,Bogoyna,с.,PER,tk_loan_management_bg.state_bg_PER,PER51,Трън,BG414,2467,42.870995,22.66101
bg_settlement_03873,03873,Берайнци,Berayntsi,с.,PER,tk_loan_management_bg.state_bg_PER,PER51,Трън,BG414,2488,42.808171,22.594537
bg_settlement_23488,23488,Драгуш,Dragush,с.,BLG,tk_loan_management_bg.state_bg_BLG,BLG33,Петрич,BG413,2875,41.51703,23.09259
bg_settlement_29413,29413,Житарник,Zhitarnik,с.,KRZ,tk_loan_management_bg.state_bg_KRZ,KRZ16,Кърджали,BG425,6636,41.563777,25.279006
bg_settlement_87312,87312,Яково,Yakovo,с.,BLG,tk_loan_management_bg.state_bg_BLG,BLG33,Петрич,BG413,2875,41.515017,23.140253
bg_settlement_81788,81788,Чурилово,Churilovo,с.,BLG,tk_loan_management_bg.state_bg_BLG,BLG33,Петрич,BG413,2885,41.460777,23.0021
bg_settlement_39267,39267,Краево,Kraevo,с.,SFO,tk_loan_management_bg.state_bg_SFO,SFO07,Ботевград,BG412,2149,42.982108,23.607336
bg_settlement_20626,20626,Делян,Delyan,с.,SFO,tk_loan_management_bg.state_bg_SFO,SFO06,Божурище,BG412,2225,42.761124,23.008411
bg_settlement_77400,77400,Храбърско,Hrabarsko,с.,SFO,tk_loan_management_bg.state_bg_SFO,SFO06,Божурище,BG412,2224,42.804578,23.05676
bg_settlement_63121,63121,Росоман,Rosoman,с.,SFO,tk_loan_management_bg.state_bg_SFO,SFO06,Божурище,BG412,2225,42.757575,23.077472
bg_settlement_12512,12512,Вълчан,Valchan,с.,SML,tk_loan_management_bg.state_bg_SML,SML31,Смолян,BG424,4775,41.482157,24.773659
bg_settlement_11572,11572,Влахово,Vlahovo,с.,SML,tk_loan_management_bg.state_bg_SML,SML31,Смолян,BG424,4724,41.574515,24.805788
bg_settlement_05801,05801,Бостина,Bostina,с.,SML,tk_loan_management_bg.state_bg_SML,SML31,Смолян,BG424,4745,41.609573,24.759154
bg_settlement_59358,59358,Паничище,Panichishte,с.,KNL,tk_loan_management_bg.state_bg_KNL,KNL41,Сапарева баня,BG415,2650,42.264534,23.298066
bg_settlement_53254,53254,Овчарци,Ovchartsi,с.,KNL,tk_loan_management_bg.state_bg_KNL,KNL41,Сапарева баня,BG415,2647,42.275444,23.224286
bg_settlement_05414,05414,Бориково,Borikovo,с.,SML,tk_loan_management_bg.state_bg_SML,SML31,Смолян,BG424,4762,41.493177,24.613081
bg_settlement_03321,03321,Белев дол,Belev dol,с.,SML,tk_loan_management_bg.state_bg_SML,SML31,Смолян,BG424,4738,41.613009,24.935962
bg_settlement_02988,02988,Букаците,Bukatsite,с.,SML,tk_loan_management_bg.state_bg_SML,SML31,Смолян,BG424,4782,41.470222,24.73496
bg_settlement_65379,65379,Сапарево,Saparevo,с.,KNL,tk_loan_management_bg.state_bg_KNL,KNL41,Сапарева баня,BG415,2645,42.301722,23.292847
bg_settlement_65365,65365,Сапарева баня,Sapareva banya,гр.,KNL,tk_loan_management_bg.state_bg_KNL,KNL41,Сапарева баня,BG415,2650,42.288584,23.262471
bg_settlement_21680,21680,Добротино,Dobrotino,с.,BLG,tk_loan_management_bg.state_bg_BLG,BLG11,Гоце Делчев,BG413,2919,41.585747,23.67166
bg_settlement_55539,55539,Пастра,Pastra,с.,KNL,tk_loan_management_bg.state_bg_KNL,KNL38,Рила,BG415,2631,42.127381,23.222867
bg_settlement_68093,68093,Сопотот,Sopotot,с.,SML,tk_loan_management_bg.state_bg_SML,SML27,Рудозем,BG424,4974,41.463376,24.85638
bg_settlement_62637,62637,Рибница,Ribnitsa,с.,SML,tk_loan_management_bg.state_bg_SML,SML27,Рудозем,BG424,4973,41.4622,24.87997
bg_settlement_22112,22112,Долна Козница,Dolna Koznitsa,с.,KNL,tk_loan_management_bg.state_bg_KNL,KNL31,Невестино,BG415,2595,42.265436,22.911463
bg_settlement_10817,10817,Ветрен,Vetren,с.,KNL,tk_loan_management_bg.state_bg_KNL,KNL31,Невестино,BG415,2579,42.049911,22.776858
bg_settlement_10050,10050,Ваксево,Vaksevo,с.,KNL,tk_loan_management_bg.state_bg_KNL,KNL31,Невестино,BG415,2590,42.161591,22.854421
bg_settlement_35119,35119,Кадровица,Kadrovitsa,с.,KNL,tk_loan_management_bg.state_bg_KNL,KNL31,Невестино,BG415,2593,42.202645,22.745254
bg_settlement_32696,32696,Илия,Ilia,с.,KNL,tk_loan_management_bg.state_bg_KNL,KNL31,Невестино,BG415,2581,42.072893,22.812043
bg_settlement_78584,78584,Църварица,Tsarvaritsa,с.,KNL,tk_loan_management_bg.state_bg_KNL,KNL31,Невестино,BG415,2580,42.073761,22.837894
bg_settlement_72494,72494,Тишаново,Tishanovo,с.,KNL,tk_loan_management_bg.state_bg_KNL,KNL31,Невестино,BG415,2591,42.100327,22.814365
bg_settlement_61501,61501,Радово,Radovo,с.,PER,tk_loan_management_bg.state_bg_PER,PER51,Трън,BG414,2488,42.799612,22.590399
bg_settlement_58551,58551,Проданча,Prodancha,с.,PER,tk_loan_management_bg.state_bg_PER,PER51,Трън,BG414,2471,42.872635,22.754055
bg_settlement_55814,55814,Пенкьовци,Penkyovtsi,с.,PER,tk_loan_management_bg.state_bg_PER,PER51,Трън,BG414,2499,42.620879,22.616605
bg_settlement_55453,55453,Парамун,Paramun,с.,PER,tk_loan_management_bg.state_bg_PER,PER51,Трън,BG414,2474,42.791846,22.745852
bg_settlement_51343,51343,Неделково,Nedelkovo,с.,PER,tk_loan_management_bg.state_bg_PER,PER51,Трън,BG414,2477,42.797539,22.786049
bg_settlement_57282,57282,Полковник Серафимово,Polkovnik Serafimovo,с.,SML,tk_loan_management_bg.state_bg_SML,SML31,Смолян,BG424,4794,41.529193,24.779604
bg_settlement_51130,51130,Насалевци,Nasalevtsi,с.,PER,tk_loan_management_bg.state_bg_PER,PER51,Трън,BG414,2478,42.823227,22.506144
bg_settlement_49196,49196,Мрамор,Mramor,с.,PER,tk_loan_management_bg.state_bg_PER,PER51,Трън,BG414,2487,42.751942,22.611515
bg_settlement_49182,49182,Мракетинци,Mraketintsi,с.,PER,tk_loan_management_bg.state_bg_PER,PER51,Трън,BG414,2477,42.81145,22.74377
bg_settlement_56962,56962,Подвис,Podvis,с.,SML,tk_loan_management_bg.state_bg_SML,SML31,Смолян,BG424,4733,41.568535,24.832826
bg_settlement_55991,55991,Петково,Petkovo,с.,SML,tk_loan_management_bg.state_bg_SML,SML31,Смолян,BG424,4740,41.623174,24.893893
bg_settlement_54359,54359,Остри пазлак,Ostri pazlak,с.,SML,tk_loan_management_bg.state_bg_SML,SML31,Смолян,BG424,4732,41.559317,24.833962
bg_settlement_48814,48814,Могилица,Mogilitsa,с.,SML,tk_loan_management_bg.state_bg_SML,SML31,Смолян,BG424,4761,41.495737,24.635193
bg_settlement_44433,44433,Лъка,Laka,с.,SML,tk_loan_management_bg.state_bg_SML,SML31,Смолян,BG424,4726,41.564795,24.823326
bg_settlement_43743,43743,Липец,Lipets,с.,SML,tk_loan_management_bg.state_bg_SML,SML31,Смолян,BG424,4784,41.482985,24.733055
bg_settlement_39181,39181,Кошница,Koshnitsa,с.,SML,tk_loan_management_bg.state_bg_SML,SML31,Смолян,BG424,4778,41.514908,24.678995
bg_settlement_36631,36631,Катраница,Katranitsa,с.,SML,tk_loan_management_bg.state_bg_SML,SML31,Смолян,BG424,4739,41.58385,24.902644
bg_settlement_32891,32891,Исьовци,Isyovtsi,с.,SML,tk_loan_management_bg.state_bg_SML,SML31,Смолян,BG424,4767,41.498763,24.6499
bg_settlement_24089,24089,Дунево,Dunevo,с.,SML,tk_loan_management_bg.state_bg_SML,SML31,Смолян,BG424,4723,41.57845,24.732616
bg_settlement_80678,80678,Черешовска река,Chereshovska reka,с.,SML,tk_loan_management_bg.state_bg_SML,SML31,Смолян,BG424,4773,41.516562,24.633979
bg_settlement_73777,73777,Търън,Taran,с.,SML,tk_loan_management_bg.state_bg_SML,SML31,Смолян,BG424,4730,41.556138,24.874242
bg_settlement_67653,67653,Смолян,Smolyan,гр.,SML,tk_loan_management_bg.state_bg_SML,SML31,Смолян,BG424,4700,41.583472,24.680767
bg_settlement_67547,67547,Смилян,Smilyan,с.,SML,tk_loan_management_bg.state_bg_SML,SML31,Смолян,BG424,4770,41.506215,24.726827
bg_settlement_62760,62760,Ровина,Rovina,с.,SML,tk_loan_management_bg.state_bg_SML,SML31,Смолян,BG424,4736,41.562296,24.846191
bg_settlement_62462,62462,Река,Reka,с.,SML,tk_loan_management_bg.state_bg_SML,SML31,Смолян,BG424,4734,41.590965,24.855665
bg_settlement_21347,21347,Добрева череша,Dobreva cheresha,с.,SML,tk_loan_management_bg.state_bg_SML,SML27,Рудозем,BG424,4917,41.511399,24.824161
bg_settlement_17676,17676,Грамаде,Gramade,с.,SML,tk_loan_management_bg.state_bg_SML,SML27,Рудозем,BG424,4968,41.450561,24.838364
bg_settlement_11870,11870,Войкова лъка,Voykova laka,с.,SML,tk_loan_management_bg.state_bg_SML,SML27,Рудозем,BG424,4967,41.477219,24.833271
bg_settlement_11301,11301,Витина,Vitina,с.,SML,tk_loan_management_bg.state_bg_SML,SML27,Рудозем,BG424,4975,41.430784,24.766815
bg_settlement_07689,07689,Бяла река,Byala reka,с.,SML,tk_loan_management_bg.state_bg_SML,SML27,Рудозем,BG424,4966,41.492469,24.816677
bg_settlement_07569,07569,Бърчево,Barchevo,с.,SML,tk_loan_management_bg.state_bg_SML,SML27,Рудозем,BG424,4965,41.470449,24.821411
bg_settlement_05365,05365,Борие,Borie,с.,SML,tk_loan_management_bg.state_bg_SML,SML27,Рудозем,BG424,4961,41.499083,24.873456
bg_settlement_04861,04861,Боево,Boevo,с.,SML,tk_loan_management_bg.state_bg_SML,SML27,Рудозем,BG424,4964,41.518686,24.841727
bg_settlement_12927,12927,Върлино,Varlino,с.,SML,tk_loan_management_bg.state_bg_SML,SML18,Неделино,BG424,4983,41.469706,25.158973
bg_settlement_12896,12896,Върли дол,Varli dol,с.,SML,tk_loan_management_bg.state_bg_SML,SML18,Неделино,BG424,4989,41.464395,25.021843
bg_settlement_53388,53388,Оградна,Ogradna,с.,SML,tk_loan_management_bg.state_bg_SML,SML18,Неделино,BG424,4990,41.505543,25.033011
bg_settlement_61193,61193,Равнината,Ravninata,с.,SML,tk_loan_management_bg.state_bg_SML,SML27,Рудозем,BG424,4781,41.480092,24.785106
bg_settlement_69571,69571,Страдалово,Stradalovo,с.,KNL,tk_loan_management_bg.state_bg_KNL,KNL31,Невестино,BG415,2584,42.126701,22.757138
bg_settlement_16794,16794,Горно Камарци,Gorno Kamartsi,с.,SFO,tk_loan_management_bg.state_bg_SFO,SFO10,Горна Малина,BG412,2138,42.756436,23.822093
bg_settlement_02258,02258,Байлово,Baylovo,с.,SFO,tk_loan_management_bg.state_bg_SFO,SFO10,Горна Малина,BG412,2133,42.656086,23.82054
bg_settlement_20729,20729,Джамузовци,Dzhamuzovtsi,с.,SFO,tk_loan_management_bg.state_bg_SFO,SFO20,Ихтиман,BG412,2060,42.535794,23.804304
bg_settlement_70127,70127,Стъргел,Stargel,с.,SFO,tk_loan_management_bg.state_bg_SFO,SFO10,Горна Малина,BG412,2135,42.749852,23.866582
bg_settlement_10690,10690,Веринско,Verinsko,с.,SFO,tk_loan_management_bg.state_bg_SFO,SFO20,Ихтиман,BG412,2063,42.479346,23.754447
bg_settlement_10656,10656,Венковец,Venkovets,с.,SFO,tk_loan_management_bg.state_bg_SFO,SFO20,Ихтиман,BG412,2066,42.453793,23.696822
bg_settlement_56798,56798,Пловдивци,Plovdivtsi,с.,SML,tk_loan_management_bg.state_bg_SML,SML27,Рудозем,BG424,4979,41.410578,24.80074
bg_settlement_10029,10029,Вакарел,Vakarel,с.,SFO,tk_loan_management_bg.state_bg_SFO,SFO20,Ихтиман,BG412,2060,42.55899,23.709862
bg_settlement_07960,07960,Белица,Belitsa,с.,SFO,tk_loan_management_bg.state_bg_SFO,SFO20,Ихтиман,BG412,2062,42.509431,23.890141
bg_settlement_06851,06851,Бузяковци,Buzyakovtsi,с.,SFO,tk_loan_management_bg.state_bg_SFO,SFO20,Ихтиман,BG412,2060,42.535836,23.790454
bg_settlement_05390,05390,Борика,Borika,с.,SFO,tk_loan_management_bg.state_bg_SFO,SFO20,Ихтиман,BG412,2064,42.487811,23.662226
bg_settlement_04892,04892,Боерица,Boeritsa,с.,SFO,tk_loan_management_bg.state_bg_SFO,SFO20,Ихтиман,BG412,2066,42.455632,23.719386
bg_settlement_04649,04649,Богдановци,Bogdanovtsi,с.,SFO,tk_loan_management_bg.state_bg_SFO,SFO20,Ихтиман,BG412,2060,42.536915,23.766156
bg_settlement_02689,02689,Банчовци,Banchovtsi,с.,SFO,tk_loan_management_bg.state_bg_SFO,SFO20,Ихтиман,BG412,2060,42.522363,23.697791
bg_settlement_53309,53309,Оглед,Ogled,с.,SML,tk_loan_management_bg.state_bg_SML,SML27,Рудозем,BG424,4972,41.444242,24.830354
bg_settlement_02539,02539,Бальовци,Balyovtsi,с.,SFO,tk_loan_management_bg.state_bg_SFO,SFO20,Ихтиман,BG412,2060,42.570562,23.683253
bg_settlement_57683,57683,Поповци,Popovtsi,с.,SFO,tk_loan_management_bg.state_bg_SFO,SFO20,Ихтиман,BG412,2060,42.530255,23.690786
bg_settlement_57443,57443,Полянци,Polyantsi,с.,SFO,tk_loan_management_bg.state_bg_SFO,SFO20,Ихтиман,BG412,2068,42.42235,23.735644
bg_settlement_22472,22472,Долни Пасарел,Dolni Pasarel,с.,SOF,tk_loan_management_bg.state_bg_SOF,SOF46,Столична,BG411,1165,42.541258,23.498461
bg_settlement_07884,07884,Бабинци,Babintsi,с.,LOV,tk_loan_management_bg.state_bg_LOV,LOV33,Тетевен,BG315,5726,42.948733,24.268115
bg_settlement_11394,11394,Владая,Vladaya,с.,SOF,tk_loan_management_bg.state_bg_SOF,SOF46,Столична,BG411,1641,42.628359,23.195551
bg_settlement_04234,04234,Бистрица,Bistritsa,с.,SOF,tk_loan_management_bg.state_bg_SOF,SOF46,Столична,BG411,1444,42.58592,23.359522
bg_settlement_49597,49597,Мърчаево,Marchaevo,с.,SOF,tk_loan_management_bg.state_bg_SOF,SOF46,Столична,BG411,1696,42.601081,23.168421
bg_settlement_38604,38604,Коритата,Koritata,с.,SML,tk_loan_management_bg.state_bg_SML,SML27,Рудозем,BG424,4976,41.409646,24.784525
bg_settlement_37959,37959,Кокорци,Kokortsi,с.,SML,tk_loan_management_bg.state_bg_SML,SML27,Рудозем,BG424,4971,41.522386,24.823641
bg_settlement_44063,44063,Лозен,Lozen,с.,SOF,tk_loan_management_bg.state_bg_SOF,SOF46,Столична,BG411,1151,42.60165,23.484
bg_settlement_37280,37280,Клисура,Klisura,с.,SOF,tk_loan_management_bg.state_bg_SOF,SOF46,Столична,BG411,1320,42.719345,23.08363
bg_settlement_55600,55600,Пауново,Paunovo,с.,SFO,tk_loan_management_bg.state_bg_SFO,SFO20,Ихтиман,BG412,2069,42.516706,23.711305
bg_settlement_55405,55405,Пановци,Panovtsi,с.,SFO,tk_loan_management_bg.state_bg_SFO,SFO20,Ихтиман,BG412,2060,42.538921,23.777483
bg_settlement_48369,48369,Мирово,Mirovo,с.,SFO,tk_loan_management_bg.state_bg_SFO,SFO20,Ихтиман,BG412,2059,42.383082,23.875305
bg_settlement_48009,48009,Мечковци,Mechkovtsi,с.,SFO,tk_loan_management_bg.state_bg_SFO,SFO20,Ихтиман,BG412,2060,42.558775,23.760393
bg_settlement_41191,41191,Костадинкино,Kostadinkino,с.,SFO,tk_loan_management_bg.state_bg_SFO,SFO20,Ихтиман,BG412,2060,42.535686,23.663432
bg_settlement_40628,40628,Кундево,Kundevo,с.,SML,tk_loan_management_bg.state_bg_SML,SML18,Неделино,BG424,4990,41.510462,25.097784
bg_settlement_66144,66144,Селянин,Selyanin,с.,SFO,tk_loan_management_bg.state_bg_SFO,SFO20,Ихтиман,BG412,2060,42.570523,23.724462
bg_settlement_63522,63522,Ръжана,Razhana,с.,SFO,tk_loan_management_bg.state_bg_SFO,SFO20,Ихтиман,BG412,2060,42.529719,23.758029
bg_settlement_32559,32559,Изгрев,Izgrev,с.,SML,tk_loan_management_bg.state_bg_SML,SML18,Неделино,BG424,4990,41.492012,25.105588
bg_settlement_73883,73883,Тънка бара,Tanka bara,с.,SML,tk_loan_management_bg.state_bg_SML,SML18,Неделино,BG424,4983,41.473558,25.145854
bg_settlement_72672,72672,Тонско дабе,Tonsko dabe,с.,BLG,tk_loan_management_bg.state_bg_BLG,BLG33,Петрич,BG413,2875,41.503731,23.130602
bg_settlement_83212,83212,Шипково,Shipkovo,с.,LOV,tk_loan_management_bg.state_bg_LOV,LOV34,Троян,BG315,5663,42.878289,24.554765
bg_settlement_05476,05476,Бориново,Borinovo,с.,SML,tk_loan_management_bg.state_bg_SML,SML16,Мадан,BG424,4905,41.475557,24.948576
bg_settlement_05387,05387,Борика,Borika,с.,SML,tk_loan_management_bg.state_bg_SML,SML16,Мадан,BG424,4926,41.565819,24.922296
bg_settlement_18374,18374,Гърнати,Garnati,с.,SML,tk_loan_management_bg.state_bg_SML,SML18,Неделино,BG424,4991,41.489467,25.142556
bg_settlement_07003,07003,Буково,Bukovo,с.,BLG,tk_loan_management_bg.state_bg_BLG,BLG11,Гоце Делчев,BG413,2915,41.711826,23.714635
bg_settlement_05147,05147,Бойковец,Boykovets,с.,SFO,tk_loan_management_bg.state_bg_SFO,SFO18,Етрополе,BG412,2181,42.827346,23.927142
bg_settlement_14647,14647,Генерал Гешево,General Geshevo,с.,KRZ,tk_loan_management_bg.state_bg_KRZ,KRZ08,Джебел,BG425,6856,41.43229,25.193872
bg_settlement_58387,58387,Припек,Pripek,с.,KRZ,tk_loan_management_bg.state_bg_KRZ,KRZ08,Джебел,BG425,6858,41.462323,25.183947
bg_settlement_48252,48252,Милославци,Miloslavtsi,с.,PER,tk_loan_management_bg.state_bg_PER,PER51,Трън,BG414,2478,42.834123,22.534588
bg_settlement_48249,48249,Милкьовци,Milkyovtsi,с.,PER,tk_loan_management_bg.state_bg_PER,PER51,Трън,BG414,2475,42.754593,22.698537
bg_settlement_44781,44781,Лялинци,Lyalintsi,с.,PER,tk_loan_management_bg.state_bg_PER,PER51,Трън,BG414,2474,42.771912,22.759211
bg_settlement_44269,44269,Ломница,Lomnitsa,с.,PER,tk_loan_management_bg.state_bg_PER,PER51,Трън,BG414,2465,42.867763,22.634898
bg_settlement_43551,43551,Лешниковци,Leshnikovtsi,с.,PER,tk_loan_management_bg.state_bg_PER,PER51,Трън,BG414,2481,42.779901,22.536643
bg_settlement_43195,43195,Лева река,Leva reka,с.,PER,tk_loan_management_bg.state_bg_PER,PER51,Трън,BG414,2494,42.66797,22.576723
bg_settlement_39027,39027,Костуринци,Kosturintsi,с.,PER,tk_loan_management_bg.state_bg_PER,PER51,Трън,BG414,2489,42.764957,22.576454
bg_settlement_37602,37602,Кожинци,Kozhintsi,с.,PER,tk_loan_management_bg.state_bg_PER,PER51,Трън,BG414,2487,42.744772,22.623027
bg_settlement_30716,30716,Зелениград,Zelenigrad,с.,PER,tk_loan_management_bg.state_bg_PER,PER51,Трън,BG414,2478,42.836964,22.560627
bg_settlement_30017,30017,Забел,Zabel,с.,PER,tk_loan_management_bg.state_bg_PER,PER51,Трън,BG414,2469,42.833462,22.584296
bg_settlement_27351,27351,Еловица,Elovitsa,с.,PER,tk_loan_management_bg.state_bg_PER,PER51,Трън,BG414,2489,42.744481,22.561166
bg_settlement_27084,27084,Ездимирци,Ezdimirtsi,с.,PER,tk_loan_management_bg.state_bg_PER,PER51,Трън,BG414,2464,42.811461,22.690345
bg_settlement_32929,32929,Иваново,Ivanovo,с.,SML,tk_loan_management_bg.state_bg_SML,SML27,Рудозем,BG424,4918,41.469055,24.777774
bg_settlement_24517,24517,Дълга лука,Dalga luka,с.,PER,tk_loan_management_bg.state_bg_PER,PER51,Трън,BG414,2492,42.642255,22.552493
bg_settlement_43178,43178,Лебед,Lebed,с.,KRZ,tk_loan_management_bg.state_bg_KRZ,KRZ08,Джебел,BG425,6859,41.467463,25.202123
bg_settlement_87566,87566,Ярловци,Yarlovtsi,с.,PER,tk_loan_management_bg.state_bg_PER,PER51,Трън,BG414,2481,42.80592,22.553456
bg_settlement_78327,78327,Цегриловци,Tsegrilovtsi,с.,PER,tk_loan_management_bg.state_bg_PER,PER51,Трън,BG414,2479,42.783216,22.509962
bg_settlement_76114,76114,Филиповци,Filipovtsi,с.,PER,tk_loan_management_bg.state_bg_PER,PER51,Трън,BG414,2472,42.819789,22.726144
bg_settlement_73479,73479,Туроковци,Turokovtsi,с.,PER,tk_loan_management_bg.state_bg_PER,PER51,Трън,BG414,2468,42.823465,22.604634
bg_settlement_73273,73273,Трън,Tran,гр.,PER,tk_loan_management_bg.state_bg_PER,PER51,Трън,BG414,2460,42.836484,22.650987
bg_settlement_70086,70086,Студен извор,Studen izvor,с.,PER,tk_loan_management_bg.state_bg_PER,PER51,Трън,BG414,2488,42.792127,22.596912
bg_settlement_69777,69777,Стрезимировци,Strezimirovtsi,с.,PER,tk_loan_management_bg.state_bg_PER,PER51,Трън,BG414,2482,42.799231,22.451676
bg_settlement_68641,68641,Стайчовци,Staychovtsi,с.,PER,tk_loan_management_bg.state_bg_PER,PER51,Трън,BG414,2489,42.761087,22.539839
bg_settlement_67458,67458,Слишовци,Slishovtsi,с.,PER,tk_loan_management_bg.state_bg_PER,PER51,Трън,BG414,2484,42.808031,22.469474
bg_settlement_62565,62565,Реяновци,Reyanovtsi,с.,PER,tk_loan_management_bg.state_bg_PER,PER51,Трън,BG414,2483,42.783317,22.486929
bg_settlement_62205,62205,Рани луг,Rani lug,с.,PER,tk_loan_management_bg.state_bg_PER,PER51,Трън,BG414,2484,42.823307,22.491937
bg_settlement_16208,16208,Горна Диканя,Gorna Dikanya,с.,PER,tk_loan_management_bg.state_bg_PER,PER36,Радомир,BG414,2419,42.423505,23.185268
bg_settlement_02230,02230,Байкалско,Baykalsko,с.,PER,tk_loan_management_bg.state_bg_PER,PER36,Радомир,BG414,2427,42.401361,22.830538
bg_settlement_55467,55467,Парил,Paril,с.,BLG,tk_loan_management_bg.state_bg_BLG,BLG52,Хаджидимово,BG413,2926,41.434209,23.681215
bg_settlement_52101,52101,Ново Лески,Novo Leski,с.,BLG,tk_loan_management_bg.state_bg_BLG,BLG52,Хаджидимово,BG413,2923,41.53414,23.781912
bg_settlement_51860,51860,Нова Ловча,Nova Lovcha,с.,BLG,tk_loan_management_bg.state_bg_BLG,BLG52,Хаджидимово,BG413,2925,41.420433,23.720719
bg_settlement_38371,38371,Контил,Kontil,с.,KRZ,tk_loan_management_bg.state_bg_KRZ,KRZ08,Джебел,BG425,6841,41.503691,25.18448
bg_settlement_81935,81935,Черешка,Chereshka,с.,KRZ,tk_loan_management_bg.state_bg_KRZ,KRZ08,Джебел,BG425,6841,41.488302,25.189271
bg_settlement_72374,72374,Тешово,Teshovo,с.,BLG,tk_loan_management_bg.state_bg_BLG,BLG52,Хаджидимово,BG413,2927,41.466426,23.692892
bg_settlement_78642,78642,Църквица,Tsarkvitsa,с.,KRZ,tk_loan_management_bg.state_bg_KRZ,KRZ08,Джебел,BG425,6844,41.542957,25.208023
bg_settlement_75201,75201,Устрен,Ustren,с.,KRZ,tk_loan_management_bg.state_bg_KRZ,KRZ08,Джебел,BG425,6853,41.459477,25.226617
bg_settlement_63714,63714,Рожденско,Rozhdensko,с.,KRZ,tk_loan_management_bg.state_bg_KRZ,KRZ08,Джебел,BG425,6841,41.510317,25.176609
bg_settlement_62582,62582,Рибарица,Ribaritsa,с.,SFO,tk_loan_management_bg.state_bg_SFO,SFO18,Етрополе,BG412,2192,42.835072,24.031816
bg_settlement_21467,21467,Добри лаки,Dobri laki,с.,BLG,tk_loan_management_bg.state_bg_BLG,BLG49,Струмяни,BG413,2838,41.580594,22.996613
bg_settlement_16362,16362,Горна Рибница,Gorna Ribnitsa,с.,BLG,tk_loan_management_bg.state_bg_BLG,BLG49,Струмяни,BG413,2836,41.643677,23.036895
bg_settlement_16033,16033,Гореме,Goreme,с.,BLG,tk_loan_management_bg.state_bg_BLG,BLG49,Струмяни,BG413,2834,41.640562,23.093029
bg_settlement_12142,12142,Вракуповица,Vrakupovitsa,с.,BLG,tk_loan_management_bg.state_bg_BLG,BLG49,Струмяни,BG413,2834,41.662116,23.090158
bg_settlement_47473,47473,Махалата,Mahalata,с.,BLG,tk_loan_management_bg.state_bg_BLG,BLG49,Струмяни,BG413,2849,41.578912,23.095094
bg_settlement_32665,32665,Илинденци,Ilindentsi,с.,BLG,tk_loan_management_bg.state_bg_BLG,BLG49,Струмяни,BG413,2833,41.651433,23.235095
bg_settlement_32322,32322,Игралище,Igralishte,с.,BLG,tk_loan_management_bg.state_bg_BLG,BLG49,Струмяни,BG413,2848,41.566487,23.124695
bg_settlement_78046,78046,Цапарево,Tsaparevo,с.,BLG,tk_loan_management_bg.state_bg_BLG,BLG49,Струмяни,BG413,2834,41.626859,23.099508
bg_settlement_65930,65930,Седелец,Sedelets,с.,BLG,tk_loan_management_bg.state_bg_BLG,BLG49,Струмяни,BG413,2834,41.588343,23.095616
bg_settlement_06306,06306,Брезница,Breznitsa,с.,BLG,tk_loan_management_bg.state_bg_BLG,BLG11,Гоце Делчев,BG413,2972,41.6723,23.663459
bg_settlement_65293,65293,Самуилово,Samuilovo,с.,BLG,tk_loan_management_bg.state_bg_BLG,BLG33,Петрич,BG413,2879,41.372482,23.088393
bg_settlement_44416,44416,Лъжница,Lazhnitsa,с.,BLG,tk_loan_management_bg.state_bg_BLG,BLG11,Гоце Делчев,BG413,2971,41.619006,23.675904
bg_settlement_14581,14581,Гега,Gega,с.,BLG,tk_loan_management_bg.state_bg_BLG,BLG33,Петрич,BG413,2882,41.451581,23.002399
bg_settlement_22753,22753,Долно Осеново,Dolno Osenovo,с.,BLG,tk_loan_management_bg.state_bg_BLG,BLG44,Симитли,BG413,2757,41.954487,23.240669
bg_settlement_21837,21837,Докатичево,Dokatichevo,с.,BLG,tk_loan_management_bg.state_bg_BLG,BLG44,Симитли,BG413,2734,41.882643,23.055742
bg_settlement_06522,06522,Брестово,Brestovo,с.,BLG,tk_loan_management_bg.state_bg_BLG,BLG44,Симитли,BG413,2735,41.829065,23.000998
bg_settlement_48012,48012,Мечкул,Mechkul,с.,BLG,tk_loan_management_bg.state_bg_BLG,BLG44,Симитли,BG413,2754,41.824595,23.199941
bg_settlement_73184,73184,Тросково,Troskovo,с.,BLG,tk_loan_management_bg.state_bg_BLG,BLG44,Симитли,BG413,2733,41.87003,23.04689
bg_settlement_66247,66247,Сенокос,Senokos,с.,BLG,tk_loan_management_bg.state_bg_BLG,BLG44,Симитли,BG413,2752,41.832434,23.228899
bg_settlement_12036,12036,Волно,Volno,с.,BLG,tk_loan_management_bg.state_bg_BLG,BLG33,Петрич,BG413,2886,41.478523,23.027233
bg_settlement_24284,24284,Дъбова,Dabova,с.,SML,tk_loan_management_bg.state_bg_SML,SML27,Рудозем,BG424,4969,41.531805,24.85093
bg_settlement_14074,14074,Габра,Gabra,с.,SFO,tk_loan_management_bg.state_bg_SFO,SFO17,Елин Пелин,BG412,2112,42.533737,23.613646
bg_settlement_15312,15312,Годешево,Godeshevo,с.,BLG,tk_loan_management_bg.state_bg_BLG,BLG42,Сатовча,BG413,2938,41.476016,24.05267
bg_settlement_12499,12499,Вълкосел,Valkosel,с.,BLG,tk_loan_management_bg.state_bg_BLG,BLG42,Сатовча,BG413,2930,41.528181,23.985103
bg_settlement_56740,56740,Плетена,Pletena,с.,BLG,tk_loan_management_bg.state_bg_BLG,BLG42,Сатовча,BG413,2954,41.639283,23.957858
bg_settlement_39726,39726,Крибул,Kribul,с.,BLG,tk_loan_management_bg.state_bg_BLG,BLG42,Сатовча,BG413,2951,41.572387,23.946871
bg_settlement_39089,39089,Кочан,Kochan,с.,BLG,tk_loan_management_bg.state_bg_BLG,BLG42,Сатовча,BG413,2955,41.586903,24.027699
bg_settlement_29372,29372,Жижево,Zhizhevo,с.,BLG,tk_loan_management_bg.state_bg_BLG,BLG42,Сатовча,BG413,2956,41.550736,24.030399
bg_settlement_76203,76203,Фъргово,Fargovo,с.,BLG,tk_loan_management_bg.state_bg_BLG,BLG42,Сатовча,BG413,2952,41.575415,23.997267
bg_settlement_73519,73519,Туховища,Tuhovishta,с.,BLG,tk_loan_management_bg.state_bg_BLG,BLG42,Сатовча,BG413,2939,41.498524,24.04463
bg_settlement_65440,65440,Сатовча,Satovcha,с.,BLG,tk_loan_management_bg.state_bg_BLG,BLG42,Сатовча,BG413,2950,41.619141,23.9769
bg_settlement_40227,40227,Крушовица,Krushovitsa,с.,SFO,tk_loan_management_bg.state_bg_SFO,SFO17,Елин Пелин,BG412,2112,42.560725,23.637906
bg_settlement_21909,21909,Долени,Doleni,с.,BLG,tk_loan_management_bg.state_bg_BLG,BLG40,Сандански,BG413,2811,41.57172,23.414171
bg_settlement_15583,15583,Голешово,Goleshovo,с.,BLG,tk_loan_management_bg.state_bg_BLG,BLG40,Сандански,BG413,2818,41.432234,23.590598
bg_settlement_15549,15549,Голем Цалим,Golem Tsalim,с.,BLG,tk_loan_management_bg.state_bg_BLG,BLG40,Сандански,BG413,2800,41.607689,23.336574
bg_settlement_11315,11315,Вихрен,Vihren,с.,BLG,tk_loan_management_bg.state_bg_BLG,BLG40,Сандански,BG413,2800,41.614754,23.331407
bg_settlement_04933,04933,Бождово,Bozhdovo,с.,BLG,tk_loan_management_bg.state_bg_BLG,BLG40,Сандански,BG413,2811,41.599741,23.359431
bg_settlement_03784,03784,Бельово,Belyovo,с.,BLG,tk_loan_management_bg.state_bg_BLG,BLG40,Сандански,BG413,2824,41.480665,23.549913
bg_settlement_46526,46526,Малки Цалим,Malki Tsalim,с.,BLG,tk_loan_management_bg.state_bg_BLG,BLG40,Сандански,BG413,2800,41.601657,23.343433
bg_settlement_27365,27365,Елховец,Elhovets,с.,SML,tk_loan_management_bg.state_bg_SML,SML27,Рудозем,BG424,4970,41.444612,24.801152
bg_settlement_70189,70189,Сугарево,Sugarevo,с.,BLG,tk_loan_management_bg.state_bg_BLG,BLG40,Сандански,BG413,2820,41.559613,23.427183
bg_settlement_22811,22811,Долно село,Dolno selo,с.,KNL,tk_loan_management_bg.state_bg_KNL,KNL29,Кюстендил,BG415,2567,42.298952,22.497857
bg_settlement_21782,21782,Дождевица,Dozhdevitsa,с.,KNL,tk_loan_management_bg.state_bg_KNL,KNL29,Кюстендил,BG415,2547,42.329301,22.576651
bg_settlement_18352,18352,Гърляно,Garlyano,с.,KNL,tk_loan_management_bg.state_bg_KNL,KNL29,Кюстендил,BG415,2568,42.254271,22.550867
bg_settlement_22602,22602,Долно Драглище,Dolno Draglishte,с.,BLG,tk_loan_management_bg.state_bg_BLG,BLG37,Разлог,BG413,2798,41.933612,23.514473
bg_settlement_16754,16754,Горно Драглище,Gorno Draglishte,с.,BLG,tk_loan_management_bg.state_bg_BLG,BLG37,Разлог,BG413,2797,41.950849,23.505605
bg_settlement_15326,15326,Годлево,Godlevo,с.,BLG,tk_loan_management_bg.state_bg_BLG,BLG37,Разлог,BG413,2768,41.929047,23.478568
bg_settlement_02960,02960,Бачево,Bachevo,с.,BLG,tk_loan_management_bg.state_bg_BLG,BLG37,Разлог,BG413,2769,41.921555,23.452763
bg_settlement_02693,02693,Баня,Banya,с.,BLG,tk_loan_management_bg.state_bg_BLG,BLG37,Разлог,BG413,2778,41.882756,23.522761
bg_settlement_27293,27293,Елешница,Eleshnitsa,с.,BLG,tk_loan_management_bg.state_bg_BLG,BLG37,Разлог,BG413,2782,41.866631,23.620678
bg_settlement_61813,61813,Разлог,Razlog,гр.,BLG,tk_loan_management_bg.state_bg_BLG,BLG37,Разлог,BG413,2760,41.886366,23.467859
bg_settlement_21885,21885,Долене,Dolene,с.,BLG,tk_loan_management_bg.state_bg_BLG,BLG33,Петрич,BG413,2887,41.445443,23.03034
bg_settlement_18318,18318,Гърбино,Garbino,с.,KNL,tk_loan_management_bg.state_bg_KNL,KNL29,Кюстендил,BG415,2550,42.41147,22.712001
bg_settlement_17302,17302,Горчево,Gorchevo,с.,BLG,tk_loan_management_bg.state_bg_BLG,BLG33,Петрич,BG413,2882,41.449866,23.026709
bg_settlement_17680,17680,Грамаждано,Gramazhdano,с.,KNL,tk_loan_management_bg.state_bg_KNL,KNL29,Кюстендил,BG415,2574,42.259414,22.650913
bg_settlement_16995,16995,Горно Уйно,Gorno Uyno,с.,KNL,tk_loan_management_bg.state_bg_KNL,KNL29,Кюстендил,BG415,2561,42.451761,22.57358
bg_settlement_16141,16141,Горна Брестница,Gorna Brestnitsa,с.,KNL,tk_loan_management_bg.state_bg_KNL,KNL29,Кюстендил,BG415,2575,42.282783,22.610824
bg_settlement_04796,04796,Богослов,Bogoslov,с.,KNL,tk_loan_management_bg.state_bg_KNL,KNL29,Кюстендил,BG415,2509,42.253238,22.673429
bg_settlement_58129,58129,Преколница,Prekolnitsa,с.,KNL,tk_loan_management_bg.state_bg_KNL,KNL29,Кюстендил,BG415,2571,42.273858,22.478369
bg_settlement_57319,57319,Полска Скакавица,Polska Skakavitsa,с.,KNL,tk_loan_management_bg.state_bg_KNL,KNL29,Кюстендил,BG415,2551,42.411512,22.663349
bg_settlement_57188,57188,Полетинци,Poletintsi,с.,KNL,tk_loan_management_bg.state_bg_KNL,KNL29,Кюстендил,BG415,2561,42.429756,22.621988
bg_settlement_81760,81760,Чурек,Churek,с.,SFO,tk_loan_management_bg.state_bg_SFO,SFO17,Елин Пелин,BG412,2126,42.772405,23.716924
bg_settlement_20328,20328,Дебочица,Debochitsa,с.,BLG,tk_loan_management_bg.state_bg_BLG,BLG03,Благоевград,BG413,2748,41.865142,22.94748
bg_settlement_18321,18321,Гърбище,Garbishte,с.,KRZ,tk_loan_management_bg.state_bg_KRZ,KRZ02,Ардино,BG425,6760,41.534363,25.153405
bg_settlement_16910,16910,Горно Прахово,Gorno Prahovo,с.,KRZ,tk_loan_management_bg.state_bg_KRZ,KRZ02,Ардино,BG425,6780,41.645317,25.156313
bg_settlement_02991,02991,Башево,Bashevo,с.,KRZ,tk_loan_management_bg.state_bg_KRZ,KRZ02,Ардино,BG425,6777,41.661305,25.152108
bg_settlement_00864,00864,Ахрянско,Ahryansko,с.,KRZ,tk_loan_management_bg.state_bg_KRZ,KRZ02,Ардино,BG425,6761,41.600326,25.108781
bg_settlement_17004,17004,Горно Хърсово,Gorno Harsovo,с.,BLG,tk_loan_management_bg.state_bg_BLG,BLG03,Благоевград,BG413,2727,42.018645,23.178087
bg_settlement_14204,14204,Габрово,Gabrovo,с.,BLG,tk_loan_management_bg.state_bg_BLG,BLG03,Благоевград,BG413,2747,41.898432,22.944918
bg_settlement_55912,55912,Песнопой,Pesnopoy,с.,KRZ,tk_loan_management_bg.state_bg_KRZ,KRZ02,Ардино,BG425,6798,41.699693,25.123608
bg_settlement_00134,00134,Изгрев,Izgrev,с.,BLG,tk_loan_management_bg.state_bg_BLG,BLG03,Благоевград,BG413,2711,41.990223,23.110218
bg_settlement_53031,53031,Обел,Obel,с.,BLG,tk_loan_management_bg.state_bg_BLG,BLG03,Благоевград,BG413,2738,41.970823,22.913147
bg_settlement_07380,07380,Бънзарето,Banzareto,с.,SZR,tk_loan_management_bg.state_bg_SZR,SZR22,Мъглиж,BG344,6186,42.703703,25.607195
bg_settlement_05671,05671,Борущица,Borushtitsa,с.,SZR,tk_loan_management_bg.state_bg_SZR,SZR22,Мъглиж,BG344,6187,42.725853,25.579457
bg_settlement_66103,66103,Селце,Seltse,с.,SZR,tk_loan_management_bg.state_bg_SZR,SZR22,Мъглиж,BG344,6184,42.685454,25.53703
bg_settlement_47370,47370,Марулево,Marulevo,с.,BLG,tk_loan_management_bg.state_bg_BLG,BLG03,Благоевград,BG413,2725,41.995533,23.158995
bg_settlement_43863,43863,Лисия,Lisia,с.,BLG,tk_loan_management_bg.state_bg_BLG,BLG03,Благоевград,BG413,2743,42.048793,22.953705
bg_settlement_03188,03188,Безводно,Bezvodno,с.,KRZ,tk_loan_management_bg.state_bg_KRZ,KRZ35,Черноочене,BG425,6718,41.750634,25.100123
bg_settlement_55395,55395,Паничково,Panichkovo,с.,KRZ,tk_loan_management_bg.state_bg_KRZ,KRZ35,Черноочене,BG425,6723,41.846893,25.157092
bg_settlement_37263,37263,Клисура,Klisura,с.,BLG,tk_loan_management_bg.state_bg_BLG,BLG03,Благоевград,BG413,2738,41.997547,22.913247
bg_settlement_27231,27231,Еленово,Elenovo,с.,BLG,tk_loan_management_bg.state_bg_BLG,BLG03,Благоевград,BG413,2726,42.001916,23.130499
bg_settlement_23652,23652,Дренково,Drenkovo,с.,BLG,tk_loan_management_bg.state_bg_BLG,BLG03,Благоевград,BG413,2739,42.013949,22.945021
bg_settlement_58894,58894,Пчелиново,Pchelinovo,с.,SZR,tk_loan_management_bg.state_bg_SZR,SZR37,Гурково,BG344,6196,42.717127,25.716476
bg_settlement_22616,22616,Долно Дряново,Dolno Dryanovo,с.,BLG,tk_loan_management_bg.state_bg_BLG,BLG13,Гърмен,BG413,2944,41.587079,23.897666
bg_settlement_20331,20331,Дебрен,Debren,с.,BLG,tk_loan_management_bg.state_bg_BLG,BLG13,Гърмен,BG413,2961,41.583962,23.821782
bg_settlement_16763,16763,Горно Дряново,Gorno Dryanovo,с.,BLG,tk_loan_management_bg.state_bg_BLG,BLG13,Гърмен,BG413,2963,41.651314,23.828981
bg_settlement_06135,06135,Братан,Bratan,с.,SLV,tk_loan_management_bg.state_bg_SLV,SLV11,Котел,BG342,8983,42.985914,26.341979
bg_settlement_16938,16938,Горно село,Gorno selo,с.,SFO,tk_loan_management_bg.state_bg_SFO,SFO16,Драгоман,BG412,2213,42.869538,22.778749
bg_settlement_15518,15518,Големо Малово,Golemo Malovo,с.,SFO,tk_loan_management_bg.state_bg_SFO,SFO16,Драгоман,BG412,2204,42.934362,23.003798
bg_settlement_10269,10269,Василовци,Vasilovtsi,с.,SFO,tk_loan_management_bg.state_bg_SFO,SFO16,Драгоман,BG412,2205,42.945693,23.081024
bg_settlement_58133,58133,Прекръсте,Prekraste,с.,SFO,tk_loan_management_bg.state_bg_SFO,SFO16,Драгоман,BG412,2206,42.974634,22.929568
bg_settlement_52043,52043,Ново бърдо,Novo bardo,с.,SFO,tk_loan_management_bg.state_bg_SFO,SFO16,Драгоман,BG412,2212,42.969732,22.844705
bg_settlement_43606,43606,Лещен,Leshten,с.,BLG,tk_loan_management_bg.state_bg_BLG,BLG13,Гърмен,BG413,2962,41.636984,23.828769
bg_settlement_48355,48355,Вратца,Vrattsa,с.,KNL,tk_loan_management_bg.state_bg_KNL,KNL29,Кюстендил,BG415,2575,42.263346,22.590419
bg_settlement_44255,44255,Ломница,Lomnitsa,с.,KNL,tk_loan_management_bg.state_bg_KNL,KNL29,Кюстендил,BG415,2562,42.376365,22.546927
bg_settlement_40991,40991,Кършалево,Karshalevo,с.,KNL,tk_loan_management_bg.state_bg_KNL,KNL29,Кюстендил,BG415,2563,42.359362,22.548792
bg_settlement_35835,35835,Каменичка Скакавица,Kamenichka Skakavitsa,с.,KNL,tk_loan_management_bg.state_bg_KNL,KNL29,Кюстендил,BG415,2572,42.233049,22.510512
bg_settlement_29386,29386,Жиленци,Zhilentsi,с.,KNL,tk_loan_management_bg.state_bg_KNL,KNL29,Кюстендил,BG415,2573,42.2696,22.642873
bg_settlement_61354,61354,Радибош,Radibosh,с.,PER,tk_loan_management_bg.state_bg_PER,PER36,Радомир,BG414,2447,42.552389,22.861954
bg_settlement_38460,38460,Копаница,Kopanitsa,с.,PER,tk_loan_management_bg.state_bg_PER,PER36,Радомир,BG414,2409,42.570593,22.934491
bg_settlement_24832,24832,Друган,Drugan,с.,PER,tk_loan_management_bg.state_bg_PER,PER36,Радомир,BG414,2410,42.475173,23.067049
bg_settlement_23649,23649,Дрен,Dren,с.,PER,tk_loan_management_bg.state_bg_PER,PER36,Радомир,BG414,2430,42.409011,23.159732
bg_settlement_23443,23443,Драгомирово,Dragomirovo,с.,PER,tk_loan_management_bg.state_bg_PER,PER36,Радомир,BG414,2428,42.394799,22.845068
bg_settlement_80399,80399,Чепинци,Chepintsi,с.,SML,tk_loan_management_bg.state_bg_SML,SML27,Рудозем,BG424,4958,41.431109,24.871388
bg_settlement_66874,66874,Скребатно,Skrebatno,с.,BLG,tk_loan_management_bg.state_bg_BLG,BLG13,Гърмен,BG413,2964,41.660049,23.797106
bg_settlement_49326,49326,Мурга,Murga,с.,KRZ,tk_loan_management_bg.state_bg_KRZ,KRZ35,Черноочене,BG425,6725,41.813409,25.134951
bg_settlement_29252,29252,Женда,Zhenda,с.,KRZ,tk_loan_management_bg.state_bg_KRZ,KRZ35,Черноочене,BG425,6693,41.777101,25.180991
bg_settlement_06421,06421,Брестака,Brestaka,с.,SFO,tk_loan_management_bg.state_bg_SFO,SFO56,Мирково,BG412,2072,42.605816,23.919528
bg_settlement_75023,75023,Углярци,Uglyartsi,с.,PER,tk_loan_management_bg.state_bg_PER,PER36,Радомир,BG414,2418,42.387446,22.892339
bg_settlement_69064,69064,Старо село,Staro selo,с.,PER,tk_loan_management_bg.state_bg_PER,PER36,Радомир,BG414,2412,42.482473,23.10699
bg_settlement_61577,61577,Радомир,Radomir,гр.,PER,tk_loan_management_bg.state_bg_PER,PER36,Радомир,BG414,2400,42.543991,22.961261
bg_settlement_58267,58267,Преспа,Prespa,с.,SFO,tk_loan_management_bg.state_bg_SFO,SFO56,Мирково,BG412,2072,42.589161,23.951637
bg_settlement_32651,32651,Илинден,Ilinden,с.,SFO,tk_loan_management_bg.state_bg_SFO,SFO56,Мирково,BG412,2072,42.580608,23.94018
bg_settlement_03294,03294,Беласица,Belasitsa,с.,BLG,tk_loan_management_bg.state_bg_BLG,BLG33,Петрич,BG413,2881,41.366765,23.133916
bg_settlement_67893,67893,Соколите,Sokolite,с.,KRZ,tk_loan_management_bg.state_bg_KRZ,KRZ35,Черноочене,BG425,6694,41.776078,25.165938
bg_settlement_80707,80707,Черковище,Cherkovishte,с.,SFO,tk_loan_management_bg.state_bg_SFO,SFO56,Мирково,BG412,2072,42.599411,23.917695
bg_settlement_77236,77236,Хвърчил,Hvarchil,с.,SFO,tk_loan_management_bg.state_bg_SFO,SFO56,Мирково,BG412,2072,42.60565,23.929118
bg_settlement_49401,49401,Мусево,Musevo,с.,KRZ,tk_loan_management_bg.state_bg_KRZ,KRZ02,Ардино,BG425,6774,41.569393,25.017463
bg_settlement_47809,47809,Теменуга,Temenuga,с.,KRZ,tk_loan_management_bg.state_bg_KRZ,KRZ02,Ардино,BG425,6759,41.521414,25.165795
bg_settlement_44584,44584,Любино,Lyubino,с.,KRZ,tk_loan_management_bg.state_bg_KRZ,KRZ02,Ардино,BG425,6796,41.664526,25.116814
bg_settlement_43164,43164,Латинка,Latinka,с.,KRZ,tk_loan_management_bg.state_bg_KRZ,KRZ02,Ардино,BG425,6767,41.632629,25.105065
bg_settlement_27543,27543,Еньовче,Enyovche,с.,KRZ,tk_loan_management_bg.state_bg_KRZ,KRZ02,Ардино,BG425,6788,41.517251,25.042381
bg_settlement_02806,02806,Баскалци,Baskaltsi,с.,BLG,tk_loan_management_bg.state_bg_BLG,BLG33,Петрич,BG413,2883,41.47408,23.006675
bg_settlement_40508,40508,Кукурахцево,Kukurahtsevo,с.,BLG,tk_loan_management_bg.state_bg_BLG,BLG33,Петрич,BG413,2882,41.469159,22.99633
bg_settlement_62133,62133,Ралиновци,Ralinovtsi,с.,VTR,tk_loan_management_bg.state_bg_VTR,VTR13,Елена,BG321,5098,42.850333,25.96189
bg_settlement_00504,00504,Антон,Anton,с.,SFO,tk_loan_management_bg.state_bg_SFO,SFO54,Антон,BG412,2089,42.734933,24.259247
bg_settlement_32305,32305,Игнатовци,Ignatovtsi,с.,VTR,tk_loan_management_bg.state_bg_VTR,VTR13,Елена,BG321,5098,42.851191,25.965991
bg_settlement_02213,02213,Баждари,Bazhdari,с.,VTR,tk_loan_management_bg.state_bg_VTR,VTR13,Елена,BG321,5095,42.841186,25.771006
bg_settlement_11274,11274,Високовци,Visokovtsi,с.,VTR,tk_loan_management_bg.state_bg_VTR,VTR13,Елена,BG321,5098,42.850033,25.957461
bg_settlement_18294,18294,Гълъбовци,Galabovtsi,с.,SFO,tk_loan_management_bg.state_bg_SFO,SFO45,Сливница,BG412,2223,42.810282,23.006405
bg_settlement_18133,18133,Гургулят,Gurgulyat,с.,SFO,tk_loan_management_bg.state_bg_SFO,SFO45,Сливница,BG412,2223,42.791831,22.97612
bg_settlement_56914,56914,Повалиръж,Povalirazh,с.,SFO,tk_loan_management_bg.state_bg_SFO,SFO45,Сливница,BG412,2218,42.835733,22.893701
bg_settlement_56558,56558,Пищане,Pishtane,с.,SFO,tk_loan_management_bg.state_bg_SFO,SFO45,Сливница,BG412,2218,42.824127,22.862942
bg_settlement_14521,14521,Златарица,Zlataritsa,с.,BLG,tk_loan_management_bg.state_bg_BLG,BLG02,Белица,BG413,2783,41.905634,23.728317
bg_settlement_61964,61964,Ракита,Rakita,с.,SFO,tk_loan_management_bg.state_bg_SFO,SFO45,Сливница,BG412,2223,42.788346,22.932077
bg_settlement_61621,61621,Радуловци,Radulovtsi,с.,SFO,tk_loan_management_bg.state_bg_SFO,SFO45,Сливница,BG412,2222,42.829271,22.932882
bg_settlement_03504,03504,Белица,Belitsa,гр.,BLG,tk_loan_management_bg.state_bg_BLG,BLG02,Белица,BG413,2780,41.950749,23.557441
bg_settlement_87059,87059,Ябълковец,Yabalkovets,с.,KRZ,tk_loan_management_bg.state_bg_KRZ,KRZ02,Ардино,BG425,6787,41.604302,25.190196
bg_settlement_00669,00669,Арпаджик,Arpadzhik,с.,SML,tk_loan_management_bg.state_bg_SML,SML16,Мадан,BG424,4922,41.533827,24.943586
bg_settlement_61234,61234,Равно нивище,Ravno nivishte,с.,SML,tk_loan_management_bg.state_bg_SML,SML16,Мадан,BG424,4913,41.494908,24.9555
bg_settlement_61176,61176,Равнища,Ravnishta,с.,SML,tk_loan_management_bg.state_bg_SML,SML16,Мадан,BG424,4955,41.543932,24.90939
bg_settlement_61162,61162,Равнил,Ravnil,с.,SML,tk_loan_management_bg.state_bg_SML,SML16,Мадан,BG424,4931,41.530344,24.974205
bg_settlement_56681,56681,Планинци,Planintsi,с.,SML,tk_loan_management_bg.state_bg_SML,SML16,Мадан,BG424,4921,41.580305,24.968021
bg_settlement_56246,56246,Печинска,Pechinska,с.,SML,tk_loan_management_bg.state_bg_SML,SML16,Мадан,BG424,4912,41.469496,24.967095
bg_settlement_56157,56157,Петров дол,Petrov dol,с.,SML,tk_loan_management_bg.state_bg_SML,SML16,Мадан,BG424,4911,41.476756,24.990344
bg_settlement_49504,49504,Мъглища,Maglishta,с.,SML,tk_loan_management_bg.state_bg_SML,SML16,Мадан,BG424,4910,41.504028,24.910269
bg_settlement_48461,48461,Митовска,Mitovska,с.,SML,tk_loan_management_bg.state_bg_SML,SML16,Мадан,BG424,4909,41.511077,24.964351
bg_settlement_43637,43637,Ливаде,Livade,с.,SML,tk_loan_management_bg.state_bg_SML,SML16,Мадан,BG424,4921,41.576176,24.960834
bg_settlement_21751,21751,Добърчин,Dobarchin,с.,SFO,tk_loan_management_bg.state_bg_SFO,SFO43,Своге,BG412,2289,43.000228,23.291057
bg_settlement_20986,20986,Дивотино,Divotino,с.,PER,tk_loan_management_bg.state_bg_PER,PER32,Перник,BG414,2350,42.655374,23.049326
bg_settlement_15504,15504,Големо Бучино,Golemo Buchino,с.,PER,tk_loan_management_bg.state_bg_PER,PER32,Перник,BG414,2348,42.630534,23.120052
bg_settlement_11209,11209,Вискяр,Viskyar,с.,PER,tk_loan_management_bg.state_bg_PER,PER32,Перник,BG414,2358,42.714043,22.964596
bg_settlement_05760,05760,Боснек,Bosnek,с.,PER,tk_loan_management_bg.state_bg_PER,PER32,Перник,BG414,2345,42.493696,23.179222
bg_settlement_04618,04618,Богданов дол,Bogdanov dol,с.,PER,tk_loan_management_bg.state_bg_PER,PER32,Перник,BG414,2341,42.615156,22.970501
bg_settlement_56650,56650,Планиница,Planinitsa,с.,PER,tk_loan_management_bg.state_bg_PER,PER32,Перник,BG414,2340,42.600076,22.879367
bg_settlement_48037,48037,Мещица,Meshtitsa,с.,PER,tk_loan_management_bg.state_bg_PER,PER32,Перник,BG414,2353,42.666414,23.001332
bg_settlement_44656,44656,Люлин,Lyulin,с.,PER,tk_loan_management_bg.state_bg_PER,PER32,Перник,BG414,2352,42.64791,23.086229
bg_settlement_43428,43428,Лесковец,Leskovets,с.,PER,tk_loan_management_bg.state_bg_PER,PER32,Перник,BG414,2342,42.592262,22.914183
bg_settlement_39387,39387,Кралев дол,Kralev dol,с.,PER,tk_loan_management_bg.state_bg_PER,PER32,Перник,BG414,2349,42.560468,23.093689
bg_settlement_37174,37174,Кладница,Kladnitsa,с.,PER,tk_loan_management_bg.state_bg_PER,PER32,Перник,BG414,2347,42.56306,23.183098
bg_settlement_30836,30836,Зидарци,Zidartsi,с.,PER,tk_loan_management_bg.state_bg_PER,PER32,Перник,BG414,2356,42.647792,22.956652
bg_settlement_23251,23251,Драгичево,Dragichevo,с.,PER,tk_loan_management_bg.state_bg_PER,PER32,Перник,BG414,2351,42.604264,23.13908
bg_settlement_70038,70038,Студена,Studena,с.,PER,tk_loan_management_bg.state_bg_PER,PER32,Перник,BG414,2344,42.544539,23.120873
bg_settlement_66072,66072,Селищен дол,Selishten dol,с.,PER,tk_loan_management_bg.state_bg_PER,PER32,Перник,BG414,2377,42.655206,22.912247
bg_settlement_63152,63152,Рударци,Rudartsi,с.,PER,tk_loan_management_bg.state_bg_PER,PER32,Перник,BG414,2343,42.582628,23.165682
bg_settlement_62219,62219,Расник,Rasnik,с.,PER,tk_loan_management_bg.state_bg_PER,PER32,Перник,BG414,2357,42.7043,23.000899
bg_settlement_61618,61618,Радуй,Raduy,с.,PER,tk_loan_management_bg.state_bg_PER,PER32,Перник,BG414,2359,42.730946,23.02522
bg_settlement_80248,80248,Чеганци,Chegantsi,с.,KRZ,tk_loan_management_bg.state_bg_KRZ,KRZ16,Кърджали,BG425,6744,41.714289,25.294777
bg_settlement_43582,43582,Лещак,Leshtak,с.,SML,tk_loan_management_bg.state_bg_SML,SML16,Мадан,BG424,4929,41.54643,24.934391
bg_settlement_43387,43387,Леска,Leska,с.,SML,tk_loan_management_bg.state_bg_SML,SML16,Мадан,BG424,4928,41.541927,24.961383
bg_settlement_40110,40110,Крушев дол,Krushev dol,с.,SML,tk_loan_management_bg.state_bg_SML,SML16,Мадан,BG424,4919,41.444578,24.939012
bg_settlement_39311,39311,Крайна,Krayna,с.,SML,tk_loan_management_bg.state_bg_SML,SML16,Мадан,BG424,4900,41.481325,24.918317
bg_settlement_80385,80385,Чепино,Chepino,с.,PER,tk_loan_management_bg.state_bg_PER,PER22,Ковачевци,BG414,2436,42.616476,22.787182
bg_settlement_67266,67266,Слатино,Slatino,с.,PER,tk_loan_management_bg.state_bg_PER,PER22,Ковачевци,BG414,2449,42.592169,22.841395
bg_settlement_38594,38594,Кориите,Koriite,с.,SML,tk_loan_management_bg.state_bg_SML,SML16,Мадан,BG424,4921,41.55585,24.94283
bg_settlement_36556,36556,Касапско,Kasapsko,с.,SML,tk_loan_management_bg.state_bg_SML,SML16,Мадан,BG424,4921,41.591962,24.999585
bg_settlement_83048,83048,Шаренска,Sharenska,с.,SML,tk_loan_management_bg.state_bg_SML,SML16,Мадан,BG424,4916,41.491958,24.911022
bg_settlement_81801,81801,Чурка,Churka,с.,SML,tk_loan_management_bg.state_bg_SML,SML16,Мадан,BG424,4915,41.516797,24.918467
bg_settlement_23008,23008,Дорково,Dorkovo,с.,PAZ,tk_loan_management_bg.state_bg_PAZ,PAZ24,Ракитово,BG423,4641,42.045121,24.130207
bg_settlement_38844,38844,Костандово,Kostandovo,гр.,PAZ,tk_loan_management_bg.state_bg_PAZ,PAZ24,Ракитово,BG423,4644,42.023525,24.113009
bg_settlement_62004,62004,Ракитово,Rakitovo,гр.,PAZ,tk_loan_management_bg.state_bg_PAZ,PAZ24,Ракитово,BG423,4640,41.989402,24.086836
bg_settlement_22054,22054,Долна Врабча,Dolna Vrabcha,с.,PER,tk_loan_management_bg.state_bg_PER,PER19,Земен,BG414,2458,42.567623,22.726217
bg_settlement_20972,20972,Дивля,Divlya,с.,PER,tk_loan_management_bg.state_bg_PER,PER19,Земен,BG414,2457,42.583682,22.68946
bg_settlement_16170,16170,Горна Глоговица,Gorna Glogovitsa,с.,PER,tk_loan_management_bg.state_bg_PER,PER19,Земен,BG414,2459,42.622485,22.676432
bg_settlement_16167,16167,Горна Врабча,Gorna Vrabcha,с.,PER,tk_loan_management_bg.state_bg_PER,PER19,Земен,BG414,2439,42.604566,22.727938
bg_settlement_14146,14146,Габровдол,Gabrovdol,с.,PER,tk_loan_management_bg.state_bg_PER,PER19,Земен,BG414,2392,42.643,22.792954
bg_settlement_03887,03887,Беренде,Berende,с.,PER,tk_loan_management_bg.state_bg_PER,PER19,Земен,BG414,2435,42.615696,22.818602
bg_settlement_55141,55141,Падине,Padine,с.,PER,tk_loan_management_bg.state_bg_PER,PER19,Земен,BG414,2438,42.642101,22.726437
bg_settlement_53415,53415,Одраница,Odranitsa,с.,PER,tk_loan_management_bg.state_bg_PER,PER19,Земен,BG414,2408,42.640957,22.64548
bg_settlement_49357,49357,Мурено,Mureno,с.,PER,tk_loan_management_bg.state_bg_PER,PER19,Земен,BG414,2437,42.626823,22.719831
bg_settlement_27320,27320,Еловдол,Elovdol,с.,PER,tk_loan_management_bg.state_bg_PER,PER19,Земен,BG414,2434,42.621049,22.742443
bg_settlement_21316,21316,Добравица,Dobravitsa,с.,SFO,tk_loan_management_bg.state_bg_SFO,SFO43,Своге,BG412,2279,43.018775,23.238964
bg_settlement_67595,67595,Смиров дол,Smirov dol,с.,PER,tk_loan_management_bg.state_bg_PER,PER19,Земен,BG414,2456,42.560979,22.727475
bg_settlement_62356,62356,Раянци,Rayantsi,с.,PER,tk_loan_management_bg.state_bg_PER,PER19,Земен,BG414,2446,42.534285,22.677792
bg_settlement_14475,14475,Лакатник,Lakatnik,с.,SFO,tk_loan_management_bg.state_bg_SFO,SFO43,Своге,BG412,2273,43.052785,23.408222
bg_settlement_14461,14461,Бов,Bov,с.,SFO,tk_loan_management_bg.state_bg_SFO,SFO43,Своге,BG412,2270,43.032897,23.377648
bg_settlement_06985,06985,Буковец,Bukovets,с.,SFO,tk_loan_management_bg.state_bg_SFO,SFO43,Своге,BG412,2293,42.932349,23.492148
bg_settlement_06327,06327,Брезовдол,Brezovdol,с.,SFO,tk_loan_management_bg.state_bg_SFO,SFO43,Своге,BG412,2292,42.964667,23.489638
bg_settlement_22506,22506,Долни Романци,Dolni Romantsi,с.,PER,tk_loan_management_bg.state_bg_PER,PER08,Брезник,BG414,2367,42.763314,22.909625
bg_settlement_22263,22263,Долна Секирна,Dolna Sekirna,с.,PER,tk_loan_management_bg.state_bg_PER,PER08,Брезник,BG414,2397,42.671849,22.723715
bg_settlement_18349,18349,Гърло,Garlo,с.,PER,tk_loan_management_bg.state_bg_PER,PER08,Брезник,BG414,2381,42.776864,22.845412
bg_settlement_17796,17796,Режанци,Rezhantsi,с.,PER,tk_loan_management_bg.state_bg_PER,PER08,Брезник,BG414,2380,42.720157,22.850325
bg_settlement_16612,16612,Горни Романци,Gorni Romantsi,с.,PER,tk_loan_management_bg.state_bg_PER,PER08,Брезник,BG414,2371,42.782905,22.889308
bg_settlement_16382,16382,Горна Секирна,Gorna Sekirna,с.,PER,tk_loan_management_bg.state_bg_PER,PER08,Брезник,BG414,2399,42.679176,22.665795
bg_settlement_15331,15331,Гоз,Goz,с.,PER,tk_loan_management_bg.state_bg_PER,PER08,Брезник,BG414,2366,42.751045,22.938821
bg_settlement_14893,14893,Гигинци,Gigintsi,с.,PER,tk_loan_management_bg.state_bg_PER,PER08,Брезник,BG414,2393,42.662278,22.812722
bg_settlement_11034,11034,Видрица,Vidritsa,с.,PER,tk_loan_management_bg.state_bg_PER,PER08,Брезник,BG414,2364,42.758566,22.8654
bg_settlement_10548,10548,Велковци,Velkovtsi,с.,PER,tk_loan_management_bg.state_bg_PER,PER08,Брезник,BG414,2375,42.667845,22.944272
bg_settlement_06639,06639,Брусник,Brusnik,с.,PER,tk_loan_management_bg.state_bg_PER,PER08,Брезник,BG414,2372,42.835577,22.838514
bg_settlement_06313,06313,Брезнишки извор,Breznishki izvor,с.,PER,tk_loan_management_bg.state_bg_PER,PER08,Брезник,BG414,2385,42.727438,22.808498
bg_settlement_06286,06286,Брезник,Breznik,гр.,PER,tk_loan_management_bg.state_bg_PER,PER08,Брезник,BG414,2360,42.738853,22.904879
bg_settlement_81596,81596,Чубрика,Chubrika,с.,KRZ,tk_loan_management_bg.state_bg_KRZ,KRZ02,Ардино,BG425,6786,41.585414,25.202202
bg_settlement_04042,04042,Билинци,Bilintsi,с.,PER,tk_loan_management_bg.state_bg_PER,PER08,Брезник,BG414,2383,42.791391,22.819027
bg_settlement_03099,03099,Бегуновци,Begunovtsi,с.,PER,tk_loan_management_bg.state_bg_PER,PER08,Брезник,BG414,2395,42.693841,22.834098
bg_settlement_02614,02614,Банище,Banishte,с.,PER,tk_loan_management_bg.state_bg_PER,PER08,Брезник,BG414,2388,42.719509,22.72832
bg_settlement_02066,02066,Бабица,Babitsa,с.,PER,tk_loan_management_bg.state_bg_PER,PER08,Брезник,BG414,2365,42.735927,22.954321
bg_settlement_00610,00610,Арзан,Arzan,с.,PER,tk_loan_management_bg.state_bg_PER,PER08,Брезник,BG414,2386,42.759704,22.922189
bg_settlement_53463,53463,Озърновци,Ozarnovtsi,с.,PER,tk_loan_management_bg.state_bg_PER,PER08,Брезник,BG414,2373,42.814643,22.891956
bg_settlement_52324,52324,Ноевци,Noevtsi,с.,PER,tk_loan_management_bg.state_bg_PER,PER08,Брезник,BG414,2394,42.677626,22.872452
bg_settlement_51490,51490,Непразненци,Nepraznentsi,с.,PER,tk_loan_management_bg.state_bg_PER,PER08,Брезник,BG414,2396,42.671038,22.844992
bg_settlement_49374,49374,Муртинци,Murtintsi,с.,PER,tk_loan_management_bg.state_bg_PER,PER08,Брезник,BG414,2382,42.774129,22.8331
bg_settlement_41126,41126,Конска,Konska,с.,PER,tk_loan_management_bg.state_bg_PER,PER08,Брезник,BG414,2379,42.732709,22.845867
bg_settlement_39855,39855,Кривонос,Krivonos,с.,PER,tk_loan_management_bg.state_bg_PER,PER08,Брезник,BG414,2386,42.739682,22.755961
bg_settlement_39517,39517,Красава,Krasava,с.,PER,tk_loan_management_bg.state_bg_PER,PER08,Брезник,BG414,2370,42.795413,22.870189
bg_settlement_39150,39150,Кошарево,Kosharevo,с.,PER,tk_loan_management_bg.state_bg_PER,PER08,Брезник,BG414,2390,42.672584,22.772663
bg_settlement_30048,30048,Завала,Zavala,с.,PER,tk_loan_management_bg.state_bg_PER,PER08,Брезник,BG414,2374,42.825013,22.800971
bg_settlement_24205,24205,Душинци,Dushintsi,с.,PER,tk_loan_management_bg.state_bg_PER,PER08,Брезник,BG414,2398,42.705489,22.669916
bg_settlement_87579,87579,Ярославци,Yaroslavtsi,с.,PER,tk_loan_management_bg.state_bg_PER,PER08,Брезник,BG414,2376,42.813335,22.822778
bg_settlement_68833,68833,Станьовци,Stanyovtsi,с.,PER,tk_loan_management_bg.state_bg_PER,PER08,Брезник,BG414,2391,42.688453,22.732199
bg_settlement_68059,68059,Сопица,Sopitsa,с.,PER,tk_loan_management_bg.state_bg_PER,PER08,Брезник,BG414,2378,42.677706,22.923314
bg_settlement_67163,67163,Слаковци,Slakovtsi,с.,PER,tk_loan_management_bg.state_bg_PER,PER08,Брезник,BG414,2369,42.69095,22.912048
bg_settlement_65084,65084,Садовик,Sadovik,с.,PER,tk_loan_management_bg.state_bg_PER,PER08,Брезник,BG414,2387,42.71171,22.810203
bg_settlement_63519,63519,Ръжавец,Razhavets,с.,PER,tk_loan_management_bg.state_bg_PER,PER08,Брезник,BG414,2389,42.711881,22.728486
bg_settlement_62373,62373,Ребро,Rebro,с.,PER,tk_loan_management_bg.state_bg_PER,PER08,Брезник,BG414,2384,42.750411,22.782107
bg_settlement_73732,73732,Търносливка,Tarnoslivka,с.,KRZ,tk_loan_management_bg.state_bg_KRZ,KRZ02,Ардино,BG425,6763,41.58662,25.084971
bg_settlement_69518,69518,Стояново,Stoyanovo,с.,KRZ,tk_loan_management_bg.state_bg_KRZ,KRZ02,Ардино,BG425,6773,41.572768,25.033142
bg_settlement_66562,66562,Синчец,Sinchets,с.,KRZ,tk_loan_management_bg.state_bg_KRZ,KRZ02,Ардино,BG425,6785,41.553593,25.191587
bg_settlement_65646,65646,Светулка,Svetulka,с.,KRZ,tk_loan_management_bg.state_bg_KRZ,KRZ02,Ардино,BG425,6768,41.564374,25.100573
bg_settlement_63402,63402,Русалско,Rusalsko,с.,KRZ,tk_loan_management_bg.state_bg_KRZ,KRZ02,Ардино,BG425,6795,41.706499,25.141014
bg_settlement_62894,62894,Родопско,Rodopsko,с.,KRZ,tk_loan_management_bg.state_bg_KRZ,KRZ02,Ардино,BG425,6762,41.588607,25.098049
bg_settlement_06272,06272,Брезе,Breze,с.,SFO,tk_loan_management_bg.state_bg_SFO,SFO43,Своге,BG412,2278,43.019533,23.215242
bg_settlement_04546,04546,Бов,Bov,с.,SFO,tk_loan_management_bg.state_bg_SFO,SFO43,Своге,BG412,2270,43.032897,23.377648
bg_settlement_75157,75157,Уручевци,Uruchevtsi,с.,SML,tk_loan_management_bg.state_bg_SML,SML16,Мадан,BG424,4936,41.517852,25.024517
bg_settlement_73599,73599,Тънкото,Tankoto,с.,SML,tk_loan_management_bg.state_bg_SML,SML16,Мадан,BG424,4914,41.502202,24.96219
bg_settlement_70041,70041,Студена,Studena,с.,SML,tk_loan_management_bg.state_bg_SML,SML16,Мадан,BG424,4932,41.577188,24.94842
bg_settlement_68638,68638,Стайчин дол,Staychin dol,с.,SML,tk_loan_management_bg.state_bg_SML,SML16,Мадан,BG424,4931,41.565734,24.990422
bg_settlement_63481,63481,Рустан,Rustan,с.,SML,tk_loan_management_bg.state_bg_SML,SML16,Мадан,BG424,4956,41.527851,24.87287
bg_settlement_02289,02289,Бакьово,Bakyovo,с.,SFO,tk_loan_management_bg.state_bg_SFO,SFO43,Своге,BG412,2295,42.877656,23.463718
bg_settlement_54122,54122,Осеновлаг,Osenovlag,с.,SFO,tk_loan_management_bg.state_bg_SFO,SFO43,Своге,BG412,2291,42.967703,23.537579
bg_settlement_53374,53374,Огоя,Ogoya,с.,SFO,tk_loan_management_bg.state_bg_SFO,SFO43,Своге,BG412,2297,42.906216,23.523335
bg_settlement_47024,47024,Манастирище,Manastirishte,с.,SFO,tk_loan_management_bg.state_bg_SFO,SFO43,Своге,BG412,2288,43.003232,23.142078
bg_settlement_43390,43390,Лесковдол,Leskovdol,с.,SFO,tk_loan_management_bg.state_bg_SFO,SFO43,Своге,BG412,2268,42.977386,23.437136
bg_settlement_43092,43092,Лакатник,Lakatnik,с.,SFO,tk_loan_management_bg.state_bg_SFO,SFO43,Своге,BG412,2273,43.052785,23.408222
bg_settlement_30350,30350,Заселе,Zasele,с.,SFO,tk_loan_management_bg.state_bg_SFO,SFO43,Своге,BG412,2284,43.039092,23.329734
bg_settlement_30329,30329,Заноге,Zanoge,с.,SFO,tk_loan_management_bg.state_bg_SFO,SFO43,Своге,BG412,2283,43.068639,23.32032
bg_settlement_30082,30082,Завидовци,Zavidovtsi,с.,SFO,tk_loan_management_bg.state_bg_SFO,SFO43,Своге,BG412,2288,42.982566,23.17526
bg_settlement_29163,29163,Желен,Zhelen,с.,SFO,tk_loan_management_bg.state_bg_SFO,SFO43,Своге,BG412,2267,42.988333,23.37502
bg_settlement_23798,23798,Дружево,Druzhevo,с.,SFO,tk_loan_management_bg.state_bg_SFO,SFO43,Своге,BG412,2281,43.135775,23.356305
bg_settlement_21498,21498,Добринище,Dobrinishte,гр.,BLG,tk_loan_management_bg.state_bg_BLG,BLG01,Банско,BG413,2777,41.820714,23.562131
bg_settlement_87028,87028,Ябланица,Yablanitsa,с.,SFO,tk_loan_management_bg.state_bg_SFO,SFO43,Своге,BG412,2298,42.856441,23.554737
bg_settlement_78402,78402,Церецел,Tseretsel,с.,SFO,tk_loan_management_bg.state_bg_SFO,SFO43,Своге,BG412,2286,42.913944,23.33354
bg_settlement_00196,00196,Аламовци,Alamovtsi,с.,SML,tk_loan_management_bg.state_bg_SML,SML11,Златоград,BG424,4984,41.392711,24.997908
bg_settlement_59344,59344,Пресока,Presoka,с.,SML,tk_loan_management_bg.state_bg_SML,SML11,Златоград,BG424,4987,41.416336,25.089521
bg_settlement_78241,78241,Цацаровци,Tsatsarovtsi,с.,SML,tk_loan_management_bg.state_bg_SML,SML11,Златоград,BG424,4992,41.445763,24.996935
bg_settlement_69759,69759,Страшимир,Strashimir,с.,SML,tk_loan_management_bg.state_bg_SML,SML11,Златоград,BG424,4988,41.439847,24.984382
bg_settlement_69105,69105,Старцево,Startsevo,с.,SML,tk_loan_management_bg.state_bg_SML,SML11,Златоград,BG424,4987,41.429981,25.053837
bg_settlement_21854,21854,Докьовци,Dokyovtsi,с.,PER,tk_loan_management_bg.state_bg_PER,PER51,Трън,BG414,2497,42.64911,22.599015
bg_settlement_20818,20818,Джинчовци,Dzhinchovtsi,с.,PER,tk_loan_management_bg.state_bg_PER,PER51,Трън,BG414,2483,42.784234,22.468146
bg_settlement_17077,17077,Горочевци,Gorochevtsi,с.,PER,tk_loan_management_bg.state_bg_PER,PER51,Трън,BG414,2496,42.707114,22.589633
bg_settlement_20465,20465,Девин,Devin,гр.,SML,tk_loan_management_bg.state_bg_SML,SML09,Девин,BG424,4800,41.741218,24.397118
bg_settlement_17957,17957,Грохотно,Grohotno,с.,SML,tk_loan_management_bg.state_bg_SML,SML09,Девин,BG424,4815,41.698949,24.378413
bg_settlement_44848,44848,Лясково,Lyaskovo,с.,SML,tk_loan_management_bg.state_bg_SML,SML09,Девин,BG424,4818,41.789912,24.489828
bg_settlement_81815,81815,Чуруково,Churukovo,с.,SML,tk_loan_management_bg.state_bg_SML,SML09,Девин,BG424,4823,41.859678,24.505153
bg_settlement_72360,72360,Тешел,Teshel,с.,SML,tk_loan_management_bg.state_bg_SML,SML09,Девин,BG424,4810,41.6735,24.350296
bg_settlement_20290,20290,Дебеляново,Debelyanovo,с.,SML,tk_loan_management_bg.state_bg_SML,SML02,Баните,BG424,4946,41.664726,24.981852
bg_settlement_20198,20198,Две тополи,Dve topoli,с.,SML,tk_loan_management_bg.state_bg_SML,SML02,Баните,BG424,4949,41.714373,25.03225
bg_settlement_12526,12526,Вълчан дол,Valchan dol,с.,SML,tk_loan_management_bg.state_bg_SML,SML02,Баните,BG424,4947,41.697212,25.001173
bg_settlement_11377,11377,Вишнево,Vishnevo,с.,SML,tk_loan_management_bg.state_bg_SML,SML02,Баните,BG424,4939,41.616735,25.044206
bg_settlement_00850,00850,Гълъбово,Galabovo,с.,SML,tk_loan_management_bg.state_bg_SML,SML02,Баните,BG424,4938,41.625527,25.075719
bg_settlement_54002,54002,Оряховец,Oryahovets,с.,SML,tk_loan_management_bg.state_bg_SML,SML02,Баните,BG424,4942,41.619212,24.986034
bg_settlement_46629,46629,Малко Крушево,Malko Krushevo,с.,SML,tk_loan_management_bg.state_bg_SML,SML02,Баните,BG424,4951,41.688903,25.070194
bg_settlement_46406,46406,Малка Арда,Malka Arda,с.,SML,tk_loan_management_bg.state_bg_SML,SML02,Баните,BG424,4742,41.619752,24.933102
bg_settlement_44402,44402,Баните,Banite,с.,SML,tk_loan_management_bg.state_bg_SML,SML02,Баните,BG424,4940,41.61777,25.016788
bg_settlement_23875,23875,Дрянка,Dryanka,с.,SML,tk_loan_management_bg.state_bg_SML,SML02,Баните,BG424,4941,41.602217,25.009323
bg_settlement_72922,72922,Траве,Trave,с.,SML,tk_loan_management_bg.state_bg_SML,SML02,Баните,BG424,4933,41.648493,25.009947
bg_settlement_67355,67355,Сливка,Slivka,с.,SML,tk_loan_management_bg.state_bg_SML,SML02,Баните,BG424,4943,41.648932,25.054008
bg_settlement_10450,10450,Велинград,Velingrad,гр.,PAZ,tk_loan_management_bg.state_bg_PAZ,PAZ08,Велинград,BG423,4600,42.026143,23.992315
bg_settlement_23234,23234,Драгиново,Draginovo,с.,PAZ,tk_loan_management_bg.state_bg_PAZ,PAZ08,Велинград,BG423,4642,42.065551,24.010744
bg_settlement_86115,86115,Юндола,Yundola,с.,PAZ,tk_loan_management_bg.state_bg_PAZ,PAZ08,Велинград,BG423,4629,42.061604,23.850486
bg_settlement_29522,29522,Жребичко,Zhrebichko,с.,PAZ,tk_loan_management_bg.state_bg_PAZ,PAZ06,Брацигово,BG423,4585,42.02664,24.428923
bg_settlement_65663,65663,Свидня,Svidnya,с.,SFO,tk_loan_management_bg.state_bg_SFO,SFO43,Своге,BG412,2266,42.968991,23.295221
bg_settlement_63210,63210,Руевци,Ruevtsi,с.,GAB,tk_loan_management_bg.state_bg_GAB,GAB35,Трявна,BG322,5367,42.811505,25.538498
bg_settlement_65735,65735,Свирци,Svirtsi,с.,GAB,tk_loan_management_bg.state_bg_GAB,GAB35,Трявна,BG322,5367,42.823056,25.567934
bg_settlement_66344,66344,Сечен камък,Sechen kamak,с.,GAB,tk_loan_management_bg.state_bg_GAB,GAB35,Трявна,BG322,5360,42.819045,25.456982
bg_settlement_02645,02645,Банкя,Bankya,с.,PER,tk_loan_management_bg.state_bg_PER,PER51,Трън,BG414,2466,42.862904,22.680153
bg_settlement_03976,03976,Беслен,Beslen,с.,BLG,tk_loan_management_bg.state_bg_BLG,BLG52,Хаджидимово,BG413,2934,41.47257,23.96511
bg_settlement_00014,00014,Абланица,Ablanitsa,с.,BLG,tk_loan_management_bg.state_bg_BLG,BLG52,Хаджидимово,BG413,2932,41.536921,23.934398
bg_settlement_44464,44464,Лъки,Laki,с.,BLG,tk_loan_management_bg.state_bg_BLG,BLG52,Хаджидимово,BG413,2928,41.467643,23.719889
bg_settlement_38532,38532,Копривлен,Koprivlen,с.,BLG,tk_loan_management_bg.state_bg_BLG,BLG52,Хаджидимово,BG413,2921,41.519946,23.795418
bg_settlement_32648,32648,Илинден,Ilinden,с.,BLG,tk_loan_management_bg.state_bg_BLG,BLG52,Хаджидимово,BG413,2929,41.464347,23.800055
bg_settlement_65108,65108,Садово,Sadovo,с.,BLG,tk_loan_management_bg.state_bg_BLG,BLG52,Хаджидимово,BG413,2922,41.50344,23.823447
bg_settlement_72268,72268,Теплен,Teplen,с.,BLG,tk_loan_management_bg.state_bg_BLG,BLG52,Хаджидимово,BG413,2935,41.485134,23.937183
bg_settlement_16273,16273,Горна Крушица,Gorna Krushitsa,с.,BLG,tk_loan_management_bg.state_bg_BLG,BLG49,Струмяни,BG413,2827,41.668182,23.165492
bg_settlement_10608,10608,Велющец,Velyushtets,с.,BLG,tk_loan_management_bg.state_bg_BLG,BLG49,Струмяни,BG413,2849,41.588048,23.141889
bg_settlement_40957,40957,Кърпелево,Karpelevo,с.,BLG,tk_loan_management_bg.state_bg_BLG,BLG49,Струмяни,BG413,2825,41.642803,23.118584
bg_settlement_51737,51737,Никудин,Nikudin,с.,BLG,tk_loan_management_bg.state_bg_BLG,BLG49,Струмяни,BG413,2839,41.566149,23.043501
bg_settlement_16870,16870,Горно Осеново,Gorno Osenovo,с.,BLG,tk_loan_management_bg.state_bg_BLG,BLG44,Симитли,BG413,2756,41.992344,23.264645
bg_settlement_06238,06238,Брежани,Brezhani,с.,BLG,tk_loan_management_bg.state_bg_BLG,BLG44,Симитли,BG413,2750,41.863617,23.185518
bg_settlement_35105,35105,Сушица,Sushitsa,с.,BLG,tk_loan_management_bg.state_bg_BLG,BLG44,Симитли,BG413,2759,41.817127,23.058364
bg_settlement_29146,29146,Железница,Zheleznitsa,с.,BLG,tk_loan_management_bg.state_bg_BLG,BLG44,Симитли,BG413,2732,41.92536,23.105917
bg_settlement_61978,61978,Ракитна,Rakitna,с.,BLG,tk_loan_management_bg.state_bg_BLG,BLG44,Симитли,BG413,2753,41.846907,23.195815
bg_settlement_57203,57203,Полето,Poleto,с.,BLG,tk_loan_management_bg.state_bg_BLG,BLG44,Симитли,BG413,2751,41.861008,23.147403
bg_settlement_04707,04707,Боголин,Bogolin,с.,BLG,tk_loan_management_bg.state_bg_BLG,BLG42,Сатовча,BG413,2931,41.540036,23.957102
bg_settlement_67270,67270,Слащен,Slashten,с.,BLG,tk_loan_management_bg.state_bg_BLG,BLG42,Сатовча,BG413,2937,41.497639,24.018203
bg_settlement_16403,16403,Горна Сушица,Gorna Sushitsa,с.,BLG,tk_loan_management_bg.state_bg_BLG,BLG40,Сандански,BG413,2811,41.555038,23.3863
bg_settlement_44639,44639,Любовка,Lyubovka,с.,BLG,tk_loan_management_bg.state_bg_BLG,BLG40,Сандански,BG413,2811,41.577793,23.363165
bg_settlement_44625,44625,Любовище,Lyubovishte,с.,BLG,tk_loan_management_bg.state_bg_BLG,BLG40,Сандански,BG413,2820,41.527662,23.442546
bg_settlement_43699,43699,Лиляново,Lilyanovo,с.,BLG,tk_loan_management_bg.state_bg_BLG,BLG40,Сандански,BG413,2809,41.61778,23.318661
bg_settlement_40926,40926,Кърланово,Karlanovo,с.,BLG,tk_loan_management_bg.state_bg_BLG,BLG40,Сандански,BG413,2820,41.544259,23.417358
bg_settlement_40378,40378,Кръстилци,Krastiltsi,с.,BLG,tk_loan_management_bg.state_bg_BLG,BLG40,Сандански,BG413,2805,41.54983,23.203813
bg_settlement_36734,36734,Кашина,Kashina,с.,BLG,tk_loan_management_bg.state_bg_BLG,BLG40,Сандански,BG413,2820,41.546963,23.468776
bg_settlement_69290,69290,Стожа,Stozha,с.,BLG,tk_loan_management_bg.state_bg_BLG,BLG40,Сандански,BG413,2800,41.61802,23.32221
bg_settlement_62918,62918,Рожен,Rozhen,с.,BLG,tk_loan_management_bg.state_bg_BLG,BLG40,Сандански,BG413,2820,41.534238,23.433711
bg_settlement_56839,56839,Плоски,Ploski,с.,BLG,tk_loan_management_bg.state_bg_BLG,BLG40,Сандански,BG413,2810,41.645046,23.266871
bg_settlement_56410,56410,Пирин,Pirin,с.,BLG,tk_loan_management_bg.state_bg_BLG,BLG40,Сандански,BG413,2823,41.544358,23.559642
bg_settlement_77414,77414,Храсна,Hrasna,с.,BLG,tk_loan_management_bg.state_bg_BLG,BLG40,Сандански,BG413,2824,41.489008,23.534963
bg_settlement_52218,52218,Априлци,Apriltsi,гр.,LOV,tk_loan_management_bg.state_bg_LOV,LOV02,Априлци,BG315,5641,42.841436,24.915948
bg_settlement_22143,22143,Долна Крушица,Dolna Krushitsa,с.,BLG,tk_loan_management_bg.state_bg_BLG,BLG33,Петрич,BG413,2888,41.424841,22.983764
bg_settlement_11358,11358,Вишлене,Vishlene,с.,BLG,tk_loan_management_bg.state_bg_BLG,BLG33,Петрич,BG413,2895,41.438249,23.064389
bg_settlement_05596,05596,Боровичене,Borovichene,с.,BLG,tk_loan_management_bg.state_bg_BLG,BLG33,Петрич,BG413,2884,41.419744,23.010526
bg_settlement_66322,66322,Богородица,Bogoroditsa,с.,BLG,tk_loan_management_bg.state_bg_BLG,BLG33,Петрич,BG413,2875,41.510424,23.188795
bg_settlement_58061,58061,Право бърдо,Pravo bardo,с.,BLG,tk_loan_management_bg.state_bg_BLG,BLG33,Петрич,BG413,2894,41.438302,23.083957
bg_settlement_87134,87134,Яворница,Yavornitsa,с.,BLG,tk_loan_management_bg.state_bg_BLG,BLG33,Петрич,BG413,2896,41.368128,23.05092
bg_settlement_81791,81791,Чуричени,Churicheni,с.,BLG,tk_loan_management_bg.state_bg_BLG,BLG33,Петрич,BG413,2891,41.455458,23.126114
bg_settlement_14492,14492,Кресна,Kresna,гр.,BLG,tk_loan_management_bg.state_bg_BLG,BLG28,Кресна,BG413,2840,41.720166,23.16075
bg_settlement_11569,11569,Влахи,Vlahi,с.,BLG,tk_loan_management_bg.state_bg_BLG,BLG28,Кресна,BG413,2841,41.738256,23.229206
bg_settlement_39699,39699,Стара Кресна,Stara Kresna,с.,BLG,tk_loan_management_bg.state_bg_BLG,BLG28,Кресна,BG413,2845,41.789474,23.180593
bg_settlement_62147,62147,Ралица,Ralitsa,с.,KRZ,tk_loan_management_bg.state_bg_KRZ,KRZ21,Момчилград,BG425,6820,41.444307,25.497893
bg_settlement_61063,61063,Равен,Raven,с.,KRZ,tk_loan_management_bg.state_bg_KRZ,KRZ21,Момчилград,BG425,6834,41.545035,25.492749
bg_settlement_63207,63207,Рудозем,Rudozem,гр.,SML,tk_loan_management_bg.state_bg_SML,SML27,Рудозем,BG424,4960,41.485545,24.848048
bg_settlement_12190,12190,Вранско,Vransko,с.,KRZ,tk_loan_management_bg.state_bg_KRZ,KRZ15,Крумовград,BG425,6912,41.489699,25.626284
bg_settlement_56767,56767,Плешинци,Pleshintsi,с.,KRZ,tk_loan_management_bg.state_bg_KRZ,KRZ21,Момчилград,BG425,6800,41.536067,25.469556
bg_settlement_54537,54537,Ощава,Oshtava,с.,BLG,tk_loan_management_bg.state_bg_BLG,BLG28,Кресна,BG413,2847,41.787463,23.220252
bg_settlement_02381,02381,Балдево,Baldevo,с.,BLG,tk_loan_management_bg.state_bg_BLG,BLG13,Гърмен,BG413,2948,41.629227,23.769419
bg_settlement_24267,24267,Дъбница,Dabnitsa,с.,BLG,tk_loan_management_bg.state_bg_BLG,BLG13,Гърмен,BG413,2940,41.566106,23.833345
bg_settlement_56575,56575,Пиявец,Piyavets,с.,KRZ,tk_loan_management_bg.state_bg_KRZ,KRZ21,Момчилград,BG425,6813,41.481221,25.475784
bg_settlement_53076,53076,Обичник,Obichnik,с.,KRZ,tk_loan_management_bg.state_bg_KRZ,KRZ21,Момчилград,BG425,6800,41.497066,25.48124
bg_settlement_18366,18366,Гърмен,Garmen,с.,BLG,tk_loan_management_bg.state_bg_BLG,BLG13,Гърмен,BG413,2960,41.595429,23.808039
bg_settlement_47408,47408,Марчево,Marchevo,с.,BLG,tk_loan_management_bg.state_bg_BLG,BLG13,Гърмен,BG413,2949,41.607903,23.795853
bg_settlement_86060,86060,Юнаци,Yunatsi,с.,KRZ,tk_loan_management_bg.state_bg_KRZ,KRZ21,Момчилград,BG425,6800,41.465004,25.443229
bg_settlement_80131,80131,Кременец,Kremenets,с.,KRZ,tk_loan_management_bg.state_bg_KRZ,KRZ21,Момчилград,BG425,6822,41.46601,25.488189
bg_settlement_70785,70785,Сенце,Sentse,с.,KRZ,tk_loan_management_bg.state_bg_KRZ,KRZ21,Момчилград,BG425,6800,41.450012,25.462856
bg_settlement_78286,78286,Цветкова бара,Tsvetkova bara,с.,MON,tk_loan_management_bg.state_bg_MON,MON02,Берковица,BG312,3542,43.190335,23.196349
bg_settlement_53326,53326,Огняново,Ognyanovo,с.,BLG,tk_loan_management_bg.state_bg_BLG,BLG13,Гърмен,BG413,2947,41.611743,23.787524
bg_settlement_05205,05205,Бойно,Boyno,с.,KRZ,tk_loan_management_bg.state_bg_KRZ,KRZ16,Кърджали,BG425,6730,41.600221,25.275744
bg_settlement_46872,46872,Малък Девесил,Malak Devesil,с.,KRZ,tk_loan_management_bg.state_bg_KRZ,KRZ15,Крумовград,BG425,6935,41.366481,25.66396
bg_settlement_21004,21004,Диманово,Dimanovo,с.,SML,tk_loan_management_bg.state_bg_SML,SML18,Неделино,BG424,4994,41.476389,25.115548
bg_settlement_07911,07911,Бурево,Burevo,с.,SML,tk_loan_management_bg.state_bg_SML,SML18,Неделино,BG424,4998,41.5048,25.135435
bg_settlement_39092,39092,Кочани,Kochani,с.,SML,tk_loan_management_bg.state_bg_SML,SML18,Неделино,BG424,4999,41.469444,25.125277
bg_settlement_02600,02600,Баничан,Banichan,с.,BLG,tk_loan_management_bg.state_bg_BLG,BLG11,Гоце Делчев,BG413,2905,41.61737,23.728061
bg_settlement_17395,17395,Гоце Делчев,Gotse Delchev,гр.,BLG,tk_loan_management_bg.state_bg_BLG,BLG11,Гоце Делчев,BG413,2900,41.573651,23.728899
bg_settlement_17347,17347,Господинци,Gospodintsi,с.,BLG,tk_loan_management_bg.state_bg_BLG,BLG11,Гоце Делчев,BG413,2914,41.657439,23.729634
bg_settlement_05606,05606,Борово,Borovo,с.,BLG,tk_loan_management_bg.state_bg_BLG,BLG11,Гоце Делчев,BG413,2904,41.592896,23.734527
bg_settlement_49432,49432,Мосомище,Mosomishte,с.,BLG,tk_loan_management_bg.state_bg_BLG,BLG11,Гоце Делчев,BG413,,0,0
bg_settlement_38666,38666,Корница,Kornitsa,с.,BLG,tk_loan_management_bg.state_bg_BLG,BLG11,Гоце Делчев,BG413,2970,41.641435,23.675325
bg_settlement_04217,04217,Бистрица,Bistritsa,с.,BLG,tk_loan_management_bg.state_bg_BLG,BLG03,Благоевград,BG413,2724,42.053195,23.183439
bg_settlement_03664,03664,Бело поле,Belo pole,с.,BLG,tk_loan_management_bg.state_bg_BLG,BLG03,Благоевград,BG413,2709,42.032283,23.047019
bg_settlement_24367,24367,Дъбрава,Dabrava,с.,BLG,tk_loan_management_bg.state_bg_BLG,BLG03,Благоевград,BG413,2723,42.053266,23.107449
bg_settlement_20540,20540,Делвино,Delvino,с.,BLG,tk_loan_management_bg.state_bg_BLG,BLG03,Благоевград,BG413,2728,42.023011,23.132432
bg_settlement_07377,07377,Българчево,Balgarchevo,с.,BLG,tk_loan_management_bg.state_bg_BLG,BLG03,Благоевград,BG413,2746,42.026024,23.03501
bg_settlement_43520,43520,Лешко,Leshko,с.,BLG,tk_loan_management_bg.state_bg_BLG,BLG03,Благоевград,BG413,2749,41.932399,22.975048
bg_settlement_68792,68792,Логодаж,Logodazh,с.,BLG,tk_loan_management_bg.state_bg_BLG,BLG03,Благоевград,BG413,2737,41.993541,22.937859
bg_settlement_66055,66055,Селище,Selishte,с.,BLG,tk_loan_management_bg.state_bg_BLG,BLG03,Благоевград,BG413,2744,41.998328,23.000802
bg_settlement_55107,55107,Падеш,Padesh,с.,BLG,tk_loan_management_bg.state_bg_BLG,BLG03,Благоевград,BG413,2747,41.931629,23.001801
bg_settlement_78464,78464,Церово,Tserovo,с.,BLG,tk_loan_management_bg.state_bg_BLG,BLG03,Благоевград,BG413,2722,41.958939,23.12806
bg_settlement_76090,76090,Филипово,Filipovo,с.,BLG,tk_loan_management_bg.state_bg_BLG,BLG01,Банско,BG413,2775,41.764198,23.686388
bg_settlement_12770,12770,Върбница,Varbnitsa,с.,SFO,tk_loan_management_bg.state_bg_SFO,SFO09,Годеч,BG412,2248,42.982441,23.028541
bg_settlement_12320,12320,Връдловци,Vradlovtsi,с.,SFO,tk_loan_management_bg.state_bg_SFO,SFO09,Годеч,BG412,2254,43.038616,22.931011
bg_settlement_07020,07020,Букоровци,Bukorovtsi,с.,SFO,tk_loan_management_bg.state_bg_SFO,SFO09,Годеч,BG412,2253,42.991904,22.970277
bg_settlement_49334,49334,Мургаш,Murgash,с.,SFO,tk_loan_management_bg.state_bg_SFO,SFO09,Годеч,BG412,2247,42.986337,23.002325
bg_settlement_35345,35345,Каленовци,Kalenovtsi,с.,SFO,tk_loan_management_bg.state_bg_SFO,SFO09,Годеч,BG412,2253,42.988172,22.958424
bg_settlement_68775,68775,Станинци,Stanintsi,с.,SFO,tk_loan_management_bg.state_bg_SFO,SFO09,Годеч,BG412,2254,43.051848,22.918904
bg_settlement_73417,73417,Туден,Tuden,с.,SFO,tk_loan_management_bg.state_bg_SFO,SFO09,Годеч,BG412,2253,42.998082,22.995747
bg_settlement_62298,62298,Рашково,Rashkovo,с.,SFO,tk_loan_management_bg.state_bg_SFO,SFO07,Ботевград,BG412,2152,43.009039,23.619674
bg_settlement_05027,05027,Божурище,Bozhurishte,гр.,SFO,tk_loan_management_bg.state_bg_SFO,SFO06,Божурище,BG412,2227,42.763023,23.198366
bg_settlement_18174,18174,Гурмазово,Gurmazovo,с.,SFO,tk_loan_management_bg.state_bg_SFO,SFO06,Божурище,BG412,2226,42.744367,23.171451
bg_settlement_46259,46259,Мала Раковица,Mala Rakovitsa,с.,SFO,tk_loan_management_bg.state_bg_SFO,SFO06,Божурище,BG412,2225,42.732253,23.050979
bg_settlement_31187,31187,Златуша,Zlatusha,с.,SFO,tk_loan_management_bg.state_bg_SFO,SFO06,Божурище,BG412,2225,42.764228,23.049193
bg_settlement_58606,58606,Пролеша,Prolesha,с.,SFO,tk_loan_management_bg.state_bg_SFO,SFO06,Божурище,BG412,2228,42.778465,23.150721
bg_settlement_57100,57100,Пожарево,Pozharevo,с.,SFO,tk_loan_management_bg.state_bg_SFO,SFO06,Божурище,BG412,2229,42.754365,23.132278
bg_settlement_77246,77246,Хераково,Herakovo,с.,SFO,tk_loan_management_bg.state_bg_SFO,SFO06,Божурище,BG412,2211,42.781939,23.120955
bg_settlement_04830,04830,Стамболово,Stambolovo,с.,SFO,tk_loan_management_bg.state_bg_SFO,SFO20,Ихтиман,BG412,2069,42.402217,23.813194
bg_settlement_49450,49450,Мухово,Muhovo,с.,SFO,tk_loan_management_bg.state_bg_SFO,SFO20,Ихтиман,BG412,2061,42.421248,23.995886
bg_settlement_32901,32901,Ихтиман,Ihtiman,гр.,SFO,tk_loan_management_bg.state_bg_SFO,SFO20,Ихтиман,BG412,2050,42.437733,23.816325
bg_settlement_29338,29338,Живково,Zhivkovo,с.,SFO,tk_loan_management_bg.state_bg_SFO,SFO20,Ихтиман,BG412,2065,42.449487,23.75495
bg_settlement_51411,51411,Нейкьовец,Neykyovets,с.,SFO,tk_loan_management_bg.state_bg_SFO,SFO20,Ихтиман,BG412,2061,42.431134,24.035624
bg_settlement_81253,81253,Черньово,Chernyovo,с.,SFO,tk_loan_management_bg.state_bg_SFO,SFO20,Ихтиман,BG412,2067,42.413073,23.762424
bg_settlement_27632,27632,Етрополе,Etropole,гр.,SFO,tk_loan_management_bg.state_bg_SFO,SFO18,Етрополе,BG412,2180,42.838161,24.000838
bg_settlement_17289,17289,Горунака,Gorunaka,с.,SFO,tk_loan_management_bg.state_bg_SFO,SFO18,Етрополе,BG412,2191,42.862505,23.969522
bg_settlement_44389,44389,Лъга,Laga,с.,SFO,tk_loan_management_bg.state_bg_SFO,SFO18,Етрополе,BG412,2182,42.883992,24.026071
bg_settlement_37695,37695,Козарка,Kozarka,с.,SML,tk_loan_management_bg.state_bg_SML,SML18,Неделино,BG424,4983,41.456363,25.139917
bg_settlement_68309,68309,Средец,Sredets,с.,SML,tk_loan_management_bg.state_bg_SML,SML18,Неделино,BG424,4998,41.49049,25.124447
bg_settlement_54050,54050,Оселна,Oselna,с.,SFO,tk_loan_management_bg.state_bg_SFO,SFO18,Етрополе,BG412,2186,42.921204,24.152142
bg_settlement_87391,87391,Ямна,Yamna,с.,SFO,tk_loan_management_bg.state_bg_SFO,SFO18,Етрополе,BG412,2183,42.830694,24.113139
bg_settlement_04604,04604,Богданлия,Bogdanlia,с.,SFO,tk_loan_management_bg.state_bg_SFO,SFO17,Елин Пелин,BG412,2116,42.615214,23.687977
bg_settlement_27303,27303,Елин Пелин,Elin Pelin,гр.,SFO,tk_loan_management_bg.state_bg_SFO,SFO17,Елин Пелин,BG412,2100,42.669251,23.602133
bg_settlement_21779,21779,Доганово,Doganovo,с.,SFO,tk_loan_management_bg.state_bg_SFO,SFO17,Елин Пелин,BG412,2115,42.632624,23.686968
bg_settlement_18490,18490,Елин Пелин,Elin Pelin,с.,SFO,tk_loan_management_bg.state_bg_SFO,SFO17,Елин Пелин,BG412,2100,42.669251,23.602133
bg_settlement_17885,17885,Григорево,Grigorevo,с.,SFO,tk_loan_management_bg.state_bg_SFO,SFO17,Елин Пелин,BG412,2108,42.693187,23.601599
bg_settlement_15432,15432,Голема Раковица,Golema Rakovitsa,с.,SFO,tk_loan_management_bg.state_bg_SFO,SFO17,Елин Пелин,BG412,2113,42.621265,23.797757
bg_settlement_49388,49388,Мусачево,Musachevo,с.,SFO,tk_loan_management_bg.state_bg_SFO,SFO17,Елин Пелин,BG412,2139,42.68145,23.568464
bg_settlement_43445,43445,Лесново,Lesnovo,с.,SFO,tk_loan_management_bg.state_bg_SFO,SFO17,Елин Пелин,BG412,2119,42.64309,23.640223
bg_settlement_36422,36422,Караполци,Karapoltsi,с.,SFO,tk_loan_management_bg.state_bg_SFO,SFO17,Елин Пелин,BG412,2118,42.618636,23.701183
bg_settlement_34120,34120,Елешница,Eleshnitsa,с.,SFO,tk_loan_management_bg.state_bg_SFO,SFO17,Елин Пелин,BG412,2125,42.743372,23.626567
bg_settlement_69448,69448,Столник,Stolnik,с.,SFO,tk_loan_management_bg.state_bg_SFO,SFO17,Елин Пелин,BG412,2134,42.712888,23.627107
bg_settlement_61248,61248,Равно поле,Ravno pole,с.,SFO,tk_loan_management_bg.state_bg_SFO,SFO17,Елин Пелин,BG412,2129,42.664938,23.526498
bg_settlement_57921,57921,Потоп,Potop,с.,SFO,tk_loan_management_bg.state_bg_SFO,SFO17,Елин Пелин,BG412,2127,42.747912,23.662766
bg_settlement_56006,56006,Петково,Petkovo,с.,SFO,tk_loan_management_bg.state_bg_SFO,SFO17,Елин Пелин,BG412,2111,42.669845,23.651648
bg_settlement_53343,53343,Огняново,Ognyanovo,с.,SFO,tk_loan_management_bg.state_bg_SFO,SFO17,Елин Пелин,BG412,2117,42.617503,23.734903
bg_settlement_52012,52012,Нови хан,Novi han,с.,SFO,tk_loan_management_bg.state_bg_SFO,SFO17,Елин Пелин,BG412,2110,42.605684,23.592636
bg_settlement_22006,22006,Долна баня,Dolna banya,гр.,SFO,tk_loan_management_bg.state_bg_SFO,SFO59,Долна баня,BG412,2040,42.310936,23.763913
bg_settlement_80323,80323,Челопеч,Chelopech,с.,SFO,tk_loan_management_bg.state_bg_SFO,SFO58,Челопеч,BG412,2087,42.698151,24.085742
bg_settlement_80011,80011,Чавдар,Chavdar,с.,SFO,tk_loan_management_bg.state_bg_SFO,SFO57,Чавдар,BG412,2084,42.660137,24.056079
bg_settlement_03842,03842,Бенковски,Benkovski,с.,SFO,tk_loan_management_bg.state_bg_SFO,SFO56,Мирково,BG412,2076,42.647739,24.010178
bg_settlement_07051,07051,Буново,Bunovo,с.,SFO,tk_loan_management_bg.state_bg_SFO,SFO56,Мирково,BG412,2074,42.715531,23.931414
bg_settlement_48324,48324,Мирково,Mirkovo,с.,SFO,tk_loan_management_bg.state_bg_SFO,SFO56,Мирково,BG412,2086,42.694437,23.991211
bg_settlement_35821,35821,Каменица,Kamenitsa,с.,SFO,tk_loan_management_bg.state_bg_SFO,SFO56,Мирково,BG412,2072,42.590949,23.931171
bg_settlement_67636,67636,Смолско,Smolsko,с.,SFO,tk_loan_management_bg.state_bg_SFO,SFO56,Мирково,BG412,2073,42.638905,23.944455
bg_settlement_56842,56842,Плъзище,Plazishte,с.,SFO,tk_loan_management_bg.state_bg_SFO,SFO56,Мирково,BG412,2072,42.580468,23.953612
bg_settlement_24164,24164,Душанци,Dushantsi,с.,SFO,tk_loan_management_bg.state_bg_SFO,SFO55,Пирдоп,BG412,2083,42.696769,24.262213
bg_settlement_56407,56407,Пирдоп,Pirdop,гр.,SFO,tk_loan_management_bg.state_bg_SFO,SFO55,Пирдоп,BG412,2070,42.701635,24.174322
bg_settlement_36484,36484,Карлиево,Karlievo,с.,SFO,tk_loan_management_bg.state_bg_SFO,SFO47,Златица,BG412,2088,42.684717,24.106317
bg_settlement_31044,31044,Златица,Zlatitsa,гр.,SFO,tk_loan_management_bg.state_bg_SFO,SFO47,Златица,BG412,2080,42.713439,24.139095
bg_settlement_56137,56137,Петрич,Petrich,с.,SFO,tk_loan_management_bg.state_bg_SFO,SFO47,Златица,BG412,2085,42.600218,24.008602
bg_settlement_78669,78669,Църквище,Tsarkvishte,с.,SFO,tk_loan_management_bg.state_bg_SFO,SFO47,Златица,BG412,2080,42.724552,24.11043
bg_settlement_02926,02926,Бахалин,Bahalin,с.,SFO,tk_loan_management_bg.state_bg_SFO,SFO45,Сливница,BG412,2219,42.885228,22.914424
bg_settlement_00223,00223,Алдомировци,Aldomirovtsi,с.,SFO,tk_loan_management_bg.state_bg_SFO,SFO45,Сливница,BG412,2222,42.847285,22.989472
bg_settlement_23474,23474,Драготинци,Dragotintsi,с.,SFO,tk_loan_management_bg.state_bg_SFO,SFO45,Сливница,BG412,2218,42.858314,22.897908
bg_settlement_07541,07541,Бърложница,Barlozhnitsa,с.,SFO,tk_loan_management_bg.state_bg_SFO,SFO45,Сливница,BG412,2222,42.849486,22.942333
bg_settlement_06175,06175,Братушково,Bratushkovo,с.,SFO,tk_loan_management_bg.state_bg_SFO,SFO45,Сливница,BG412,2222,42.829588,22.976584
bg_settlement_32411,32411,Извор,Izvor,с.,SFO,tk_loan_management_bg.state_bg_SFO,SFO45,Сливница,BG412,2219,42.871075,22.946013
bg_settlement_67372,67372,Сливница,Slivnitsa,гр.,SFO,tk_loan_management_bg.state_bg_SFO,SFO45,Сливница,BG412,2200,42.851542,23.038312
bg_settlement_02899,02899,Батулия,Batulia,с.,SFO,tk_loan_management_bg.state_bg_SFO,SFO43,Своге,BG412,2295,42.896746,23.417762
bg_settlement_27228,27228,Еленов дол,Elenov dol,с.,SFO,tk_loan_management_bg.state_bg_SFO,SFO43,Своге,BG412,2275,43.032578,23.495894
bg_settlement_11510,11510,Владо Тричков,Vlado Trichkov,с.,SFO,tk_loan_management_bg.state_bg_SFO,SFO43,Своге,BG412,2299,42.864464,23.368355
bg_settlement_48129,48129,Миланово,Milanovo,с.,SFO,tk_loan_management_bg.state_bg_SFO,SFO43,Своге,BG412,2280,43.115313,23.392602
bg_settlement_44330,44330,Луково,Lukovo,с.,SFO,tk_loan_management_bg.state_bg_SFO,SFO43,Своге,BG412,2296,42.882949,23.391684
bg_settlement_32843,32843,Искрец,Iskrets,с.,SFO,tk_loan_management_bg.state_bg_SFO,SFO43,Своге,BG412,2290,42.987411,23.248048
bg_settlement_65869,65869,Своге,Svoge,гр.,SFO,tk_loan_management_bg.state_bg_SFO,SFO43,Своге,BG412,2260,42.959756,23.352822
bg_settlement_62387,62387,Реброво,Rebrovo,с.,SFO,tk_loan_management_bg.state_bg_SFO,SFO43,Своге,BG412,2294,42.891258,23.384818
bg_settlement_72655,72655,Томпсън,Thompson,с.,SFO,tk_loan_management_bg.state_bg_SFO,SFO43,Своге,BG412,2285,42.928864,23.3833
bg_settlement_20897,20897,Джурово,Dzhurovo,с.,SFO,tk_loan_management_bg.state_bg_SFO,SFO34,Правец,BG412,2163,42.959082,24.050073
bg_settlement_58044,58044,Правешка Лакавица,Praveshka Lakavitsa,с.,SFO,tk_loan_management_bg.state_bg_SFO,SFO34,Правец,BG412,2170,42.952557,23.898351
bg_settlement_54211,54211,Осиковска Лакавица,Osikovska Lakavitsa,с.,SFO,tk_loan_management_bg.state_bg_SFO,SFO34,Правец,BG412,2165,42.93736,23.951829
bg_settlement_04813,04813,Богьовци,Bogyovtsi,с.,SFO,tk_loan_management_bg.state_bg_SFO,SFO26,Костинброд,BG412,2235,42.877697,23.1365
bg_settlement_03191,03191,Безден,Bezden,с.,SFO,tk_loan_management_bg.state_bg_SFO,SFO26,Костинброд,BG412,2236,42.880644,23.110454
bg_settlement_23296,23296,Драговищица,Dragovishtitsa,с.,SFO,tk_loan_management_bg.state_bg_SFO,SFO26,Костинброд,BG412,2237,42.848163,23.222366
bg_settlement_15984,15984,Голяновци,Golyanovtsi,с.,SFO,tk_loan_management_bg.state_bg_SFO,SFO26,Костинброд,BG412,2231,42.828871,23.239168
bg_settlement_38978,38978,Костинброд,Kostinbrod,гр.,SFO,tk_loan_management_bg.state_bg_SFO,SFO26,Костинброд,BG412,2230,42.810132,23.216793
bg_settlement_56215,56215,Петърч,Petarch,с.,SFO,tk_loan_management_bg.state_bg_SFO,SFO26,Костинброд,BG412,2234,42.84369,23.148013
bg_settlement_53607,53607,Опицвет,Opitsvet,с.,SFO,tk_loan_management_bg.state_bg_SFO,SFO26,Костинброд,BG412,2235,42.866666,23.097045
bg_settlement_38916,38916,Костенец,Kostenets,с.,SFO,tk_loan_management_bg.state_bg_SFO,SFO25,Костенец,BG412,2030,42.310692,23.858291
bg_settlement_58863,58863,Пчелин,Pchelin,с.,SFO,tk_loan_management_bg.state_bg_SFO,SFO25,Костенец,BG412,2048,42.347983,23.806896
bg_settlement_03900,03900,Беренде извор,Berende izvor,с.,SFO,tk_loan_management_bg.state_bg_SFO,SFO16,Драгоман,BG412,2212,43.000264,22.898629
bg_settlement_03890,03890,Беренде,Berende,с.,SFO,tk_loan_management_bg.state_bg_SFO,SFO16,Драгоман,BG412,2212,42.990402,22.933968
bg_settlement_23635,23635,Дреатин,Dreatin,с.,SFO,tk_loan_management_bg.state_bg_SFO,SFO16,Драгоман,BG412,2213,42.881355,22.790111
bg_settlement_22722,22722,Долно ново село,Dolno novo selo,с.,SFO,tk_loan_management_bg.state_bg_SFO,SFO16,Драгоман,BG412,2212,42.969957,22.802943
bg_settlement_22229,22229,Долна Невля,Dolna Nevlya,с.,SFO,tk_loan_management_bg.state_bg_SFO,SFO16,Драгоман,BG412,2213,42.935023,22.777062
bg_settlement_18006,18006,Грълска падина,Gralska padina,с.,SFO,tk_loan_management_bg.state_bg_SFO,SFO16,Драгоман,BG412,2213,42.890545,22.766703
bg_settlement_14034,14034,Габер,Gaber,с.,SFO,tk_loan_management_bg.state_bg_SFO,SFO16,Драгоман,BG412,2215,42.896813,22.860693
bg_settlement_11483,11483,Владиславци,Vladislavtsi,с.,SFO,tk_loan_management_bg.state_bg_SFO,SFO16,Драгоман,BG412,2215,42.920752,22.841133
bg_settlement_11332,11332,Вишан,Vishan,с.,SFO,tk_loan_management_bg.state_bg_SFO,SFO16,Драгоман,BG412,2213,42.938153,22.796587
bg_settlement_51189,51189,Начево,Nachevo,с.,SFO,tk_loan_management_bg.state_bg_SFO,SFO16,Драгоман,BG412,2213,42.880281,22.821806
bg_settlement_43484,43484,Летница,Letnitsa,с.,SFO,tk_loan_management_bg.state_bg_SFO,SFO16,Драгоман,BG412,2207,42.956902,22.929653
bg_settlement_40070,40070,Круша,Krusha,с.,SFO,tk_loan_management_bg.state_bg_SFO,SFO16,Драгоман,BG412,2213,42.895879,22.776644
bg_settlement_35630,35630,Камбелевци,Kambelevtsi,с.,SFO,tk_loan_management_bg.state_bg_SFO,SFO16,Драгоман,BG412,2215,42.893959,22.88093
bg_settlement_35479,35479,Калотина,Kalotina,с.,SFO,tk_loan_management_bg.state_bg_SFO,SFO16,Драгоман,BG412,2212,42.993902,22.867756
bg_settlement_51514,51514,Несла,Nesla,с.,SFO,tk_loan_management_bg.state_bg_SFO,SFO16,Драгоман,BG412,2213,42.916301,22.806273
bg_settlement_51322,51322,Неделище,Nedelishte,с.,SFO,tk_loan_management_bg.state_bg_SFO,SFO16,Драгоман,BG412,2213,42.892245,22.80535
bg_settlement_87343,87343,Ялботина,Yalbotina,с.,SFO,tk_loan_management_bg.state_bg_SFO,SFO16,Драгоман,BG412,2220,42.872974,22.833819
bg_settlement_81699,81699,Чуковезер,Chukovezer,с.,SFO,tk_loan_management_bg.state_bg_SFO,SFO16,Драгоман,BG412,2209,42.905044,22.903922
bg_settlement_81579,81579,Чорул,Chorul,с.,SFO,tk_loan_management_bg.state_bg_SFO,SFO16,Драгоман,BG412,2215,42.917287,22.864781
bg_settlement_80426,80426,Чепърлинци,Cheparlintsi,с.,SFO,tk_loan_management_bg.state_bg_SFO,SFO16,Драгоман,BG412,2212,43.01873,22.906312
bg_settlement_78255,78255,Цацаровци,Tsatsarovtsi,с.,SFO,tk_loan_management_bg.state_bg_SFO,SFO16,Драгоман,BG412,2220,42.864436,22.865066
bg_settlement_72014,72014,Табан,Taban,с.,SFO,tk_loan_management_bg.state_bg_SFO,SFO16,Драгоман,BG412,2215,42.88288,22.891822
bg_settlement_03705,03705,Белопопци,Belopoptsi,с.,SFO,tk_loan_management_bg.state_bg_SFO,SFO10,Горна Малина,BG412,2132,42.668371,23.767695
bg_settlement_00549,00549,Априлово,Aprilovo,с.,SFO,tk_loan_management_bg.state_bg_SFO,SFO10,Горна Малина,BG412,2128,42.668804,23.683675
bg_settlement_22647,22647,Долно Камарци,Dolno Kamartsi,с.,SFO,tk_loan_management_bg.state_bg_SFO,SFO10,Горна Малина,BG412,2137,42.713709,23.857764
bg_settlement_22174,22174,Долна Малина,Dolna Malina,с.,SFO,tk_loan_management_bg.state_bg_SFO,SFO10,Горна Малина,BG412,2107,42.679184,23.671274
bg_settlement_16314,16314,Горна Малина,Gorna Malina,с.,SFO,tk_loan_management_bg.state_bg_SFO,SFO10,Горна Малина,BG412,2131,42.693707,23.706369
bg_settlement_14338,14338,Гайтанево,Gaytanevo,с.,SFO,tk_loan_management_bg.state_bg_SFO,SFO10,Горна Малина,BG412,2114,42.647262,23.752554
bg_settlement_46231,46231,Макоцево,Makotsevo,с.,SFO,tk_loan_management_bg.state_bg_SFO,SFO10,Горна Малина,BG412,2124,42.693154,23.796815
bg_settlement_65419,65419,Саранци,Sarantsi,с.,SFO,tk_loan_management_bg.state_bg_SFO,SFO10,Горна Малина,BG412,2120,42.723797,23.77514
bg_settlement_54287,54287,Осоица,Osoitsa,с.,SFO,tk_loan_management_bg.state_bg_SFO,SFO10,Горна Малина,BG412,2121,42.742649,23.753375
bg_settlement_51281,51281,Негушево,Negushevo,с.,SFO,tk_loan_management_bg.state_bg_SFO,SFO10,Горна Малина,BG412,2123,42.726464,23.706673
bg_settlement_80282,80282,Чеканчево,Chekanchevo,с.,SFO,tk_loan_management_bg.state_bg_SFO,SFO10,Горна Малина,BG412,2122,42.70353,23.770983
bg_settlement_55419,55419,Панчарево,Pancharevo,с.,SOF,tk_loan_management_bg.state_bg_SOF,SOF46,Столична,BG411,1137,42.592492,23.411051
bg_settlement_87401,87401,Яна,Yana,с.,SOF,tk_loan_management_bg.state_bg_SOF,SOF46,Столична,BG411,1805,42.730633,23.557838
bg_settlement_80409,80409,Чепинци,Chepintsi,с.,SOF,tk_loan_management_bg.state_bg_SOF,SOF46,Столична,BG411,1554,42.759372,23.427096
bg_settlement_02659,02659,Банкя,Bankya,гр.,SOF,tk_loan_management_bg.state_bg_SOF,SOF46,Столична,BG411,1320,42.706975,23.147055
bg_settlement_02511,02511,Балша,Balsha,с.,SOF,tk_loan_management_bg.state_bg_SOF,SOF46,Столична,BG411,1217,42.847044,23.267858
bg_settlement_00357,00357,Нови Искър,Novi Iskar,гр.,SOF,tk_loan_management_bg.state_bg_SOF,SOF46,Столична,BG411,1280,42.816421,23.352629
bg_settlement_22304,22304,Долни Богров,Dolni Bogrov,с.,SOF,tk_loan_management_bg.state_bg_SOF,SOF46,Столична,BG411,1855,42.69925,23.492162
bg_settlement_21662,21662,Доброславци,Dobroslavtsi,с.,SOF,tk_loan_management_bg.state_bg_SOF,SOF46,Столична,BG411,1247,42.821978,23.282773
bg_settlement_16448,16448,Горни Богров,Gorni Bogrov,с.,SOF,tk_loan_management_bg.state_bg_SOF,SOF46,Столична,BG411,1806,42.717759,23.529121
bg_settlement_14831,14831,Герман,German,с.,SOF,tk_loan_management_bg.state_bg_SOF,SOF46,Столична,BG411,1186,42.61311,23.414496
bg_settlement_12084,12084,Волуяк,Voluyak,с.,SOF,tk_loan_management_bg.state_bg_SOF,SOF46,Столична,BG411,1346,42.773544,23.242846
bg_settlement_11884,11884,Войнеговци,Voynegovtsi,с.,SOF,tk_loan_management_bg.state_bg_SOF,SOF46,Столична,BG411,1223,42.799904,23.422222
bg_settlement_07140,07140,Бухово,Buhovo,гр.,SOF,tk_loan_management_bg.state_bg_SOF,SOF46,Столична,BG411,1830,42.762501,23.564199
bg_settlement_07106,07106,Бусманци,Busmantsi,с.,SOF,tk_loan_management_bg.state_bg_SOF,SOF46,Столична,BG411,1520,42.676121,23.433148
bg_settlement_51250,51250,Негован,Negovan,с.,SOF,tk_loan_management_bg.state_bg_SOF,SOF46,Столична,BG411,1222,42.769212,23.404574
bg_settlement_49206,49206,Мрамор,Mramor,с.,SOF,tk_loan_management_bg.state_bg_SOF,SOF46,Столична,BG411,1261,42.784669,23.27373
bg_settlement_48393,48393,Мировяне,Mirovyane,с.,SOF,tk_loan_management_bg.state_bg_SOF,SOF46,Столична,BG411,1289,42.790955,23.303353
bg_settlement_46721,46721,Мало Бучино,Malo Buchino,с.,SOF,tk_loan_management_bg.state_bg_SOF,SOF46,Столична,BG411,1362,42.682698,23.162186
bg_settlement_44224,44224,Локорско,Lokorsko,с.,SOF,tk_loan_management_bg.state_bg_SOF,SOF46,Столична,BG411,1513,42.794383,23.446301
bg_settlement_41010,41010,Кътина,Katina,с.,SOF,tk_loan_management_bg.state_bg_SOF,SOF46,Столична,BG411,1276,42.843679,23.321904
bg_settlement_40436,40436,Кубратово,Kubratovo,с.,SOF,tk_loan_management_bg.state_bg_SOF,SOF46,Столична,BG411,1257,42.772774,23.358984
bg_settlement_39791,39791,Кривина,Krivina,с.,SOF,tk_loan_management_bg.state_bg_SOF,SOF46,Столична,BG411,1588,42.679212,23.464861
bg_settlement_37914,37914,Кокаляне,Kokalyane,с.,SOF,tk_loan_management_bg.state_bg_SOF,SOF46,Столична,BG411,1191,42.581804,23.42095
bg_settlement_35239,35239,Казичене,Kazichene,с.,SOF,tk_loan_management_bg.state_bg_SOF,SOF46,Столична,BG411,1532,42.659062,23.465596
bg_settlement_32216,32216,Иваняне,Ivanyane,с.,SOF,tk_loan_management_bg.state_bg_SOF,SOF46,Столична,BG411,1393,42.706927,23.181581
bg_settlement_29430,29430,Житен,Zhiten,с.,SOF,tk_loan_management_bg.state_bg_SOF,SOF46,Столична,BG411,1211,42.818528,23.250913
bg_settlement_29204,29204,Желява,Zhelyava,с.,SOF,tk_loan_management_bg.state_bg_SOF,SOF46,Столична,BG411,1807,42.745724,23.605873
bg_settlement_68134,68134,София,Sofia,гр.,SOF,tk_loan_management_bg.state_bg_SOF,SOF46,Столична,BG411,1000,42.697696,23.321744
bg_settlement_65601,65601,Световрачене,Svetovrachene,с.,SOF,tk_loan_management_bg.state_bg_SOF,SOF46,Столична,BG411,1252,42.782652,23.38755
bg_settlement_57011,57011,Подгумер,Podgumer,с.,SOF,tk_loan_management_bg.state_bg_SOF,SOF46,Столична,BG411,1221,42.801267,23.401676
bg_settlement_29297,29297,Жерговец,Zhergovets,с.,SZR,tk_loan_management_bg.state_bg_SZR,SZR37,Гурково,BG344,6190,42.655074,25.700404
bg_settlement_05431,05431,Борилово,Borilovo,с.,SZR,tk_loan_management_bg.state_bg_SZR,SZR31,Стара Загора,BG344,6046,42.482722,25.552363
bg_settlement_47101,47101,Манолово,Manolovo,с.,SZR,tk_loan_management_bg.state_bg_SZR,SZR24,Павел баня,BG344,6152,42.62561,25.066663
bg_settlement_66826,66826,Скобелево,Skobelevo,с.,SZR,tk_loan_management_bg.state_bg_SZR,SZR24,Павел баня,BG344,6148,42.678689,25.196388
bg_settlement_54153,54153,Осетеново,Osetenovo,с.,SZR,tk_loan_management_bg.state_bg_SZR,SZR24,Павел баня,BG344,6153,42.600765,25.032304
bg_settlement_24637,24637,Държавен,Darzhaven,с.,SZR,tk_loan_management_bg.state_bg_SZR,SZR22,Мъглиж,BG344,6188,42.727522,25.563183
bg_settlement_67341,67341,Сливито,Slivito,с.,SZR,tk_loan_management_bg.state_bg_SZR,SZR22,Мъглиж,BG344,6176,42.665852,25.657471
bg_settlement_87148,87148,Яворовец,Yavorovets,с.,SZR,tk_loan_management_bg.state_bg_SZR,SZR22,Мъглиж,BG344,6179,42.666087,25.631016
bg_settlement_16780,16780,Горно Изворово,Gorno Izvorovo,с.,SZR,tk_loan_management_bg.state_bg_SZR,SZR12,Казанлък,BG344,6181,42.661772,25.487757
bg_settlement_83199,83199,Шипка,Shipka,гр.,SZR,tk_loan_management_bg.state_bg_SZR,SZR12,Казанлък,BG344,6150,42.712699,25.333184
bg_settlement_16852,16852,Горно ново село,Gorno novo selo,с.,SZR,tk_loan_management_bg.state_bg_SZR,SZR04,Братя Даскалови,BG344,6225,42.453109,25.23302
bg_settlement_21124,21124,Димовци,Dimovtsi,с.,SZR,tk_loan_management_bg.state_bg_SZR,SZR37,Гурково,BG344,6192,42.67284,25.73467
bg_settlement_31022,31022,Златирът,Zlatirat,с.,SZR,tk_loan_management_bg.state_bg_SZR,SZR37,Гурково,BG344,6197,42.740642,25.708261
bg_settlement_29595,29595,Жълтопоп,Zhaltopop,с.,SZR,tk_loan_management_bg.state_bg_SZR,SZR37,Гурково,BG344,6195,42.667739,25.711647
bg_settlement_24270,24270,Дъбова,Dabova,с.,SLV,tk_loan_management_bg.state_bg_SLV,SLV11,Котел,BG342,8996,42.969849,26.241667
bg_settlement_39030,39030,Котел,Kotel,гр.,SLV,tk_loan_management_bg.state_bg_SLV,SLV11,Котел,BG342,8970,42.887982,26.447121
bg_settlement_29283,29283,Жеравна,Zheravna,с.,SLV,tk_loan_management_bg.state_bg_SLV,SLV11,Котел,BG342,8988,42.833767,26.457452
bg_settlement_54300,54300,Остра могила,Ostra mogila,с.,SLV,tk_loan_management_bg.state_bg_SLV,SLV11,Котел,BG342,8983,43.007129,26.390096
bg_settlement_51398,51398,Нейково,Neykovo,с.,SLV,tk_loan_management_bg.state_bg_SLV,SLV11,Котел,BG342,8993,42.810018,26.368123
bg_settlement_69821,69821,Стрелци,Streltsi,с.,SLV,tk_loan_management_bg.state_bg_SLV,SLV11,Котел,BG342,8995,42.94757,26.284171
bg_settlement_04947,04947,Божевци,Bozhevtsi,с.,SLV,tk_loan_management_bg.state_bg_SLV,SLV20,Сливен,BG342,8844,42.865844,26.13369
bg_settlement_17600,17600,Градско,Gradsko,с.,SLV,tk_loan_management_bg.state_bg_SLV,SLV20,Сливен,BG342,8852,42.766401,26.124067
bg_settlement_12414,12414,Въглен,Vaglen,с.,SLV,tk_loan_management_bg.state_bg_SLV,SLV20,Сливен,BG342,8851,42.751616,26.225864
bg_settlement_32545,32545,Изгрев,Izgrev,с.,SLV,tk_loan_management_bg.state_bg_SLV,SLV20,Сливен,BG342,8847,42.886724,26.108589
bg_settlement_30257,30257,Зайчари,Zaychari,с.,SLV,tk_loan_management_bg.state_bg_SLV,SLV20,Сливен,BG342,8843,42.923168,26.196081
bg_settlement_68549,68549,Средорек,Sredorek,с.,SLV,tk_loan_management_bg.state_bg_SLV,SLV20,Сливен,BG342,8845,42.872588,26.152661
bg_settlement_62061,62061,Раково,Rakovo,с.,SLV,tk_loan_management_bg.state_bg_SLV,SLV20,Сливен,BG342,8884,42.798709,26.305483
bg_settlement_51929,51929,Новачево,Novachevo,с.,SLV,tk_loan_management_bg.state_bg_SLV,SLV20,Сливен,BG342,8853,42.749822,26.156934
bg_settlement_05030,05030,Божурка,Bozhurka,с.,TGV,tk_loan_management_bg.state_bg_TGV,TGV35,Търговище,BG334,7765,43.183197,26.447364
bg_settlement_55201,55201,Пайдушко,Paydushko,с.,TGV,tk_loan_management_bg.state_bg_TGV,TGV35,Търговище,BG334,7767,43.193431,26.459372
bg_settlement_17230,17230,Горско село,Gorsko selo,с.,TGV,tk_loan_management_bg.state_bg_TGV,TGV22,Омуртаг,BG334,7947,43.043079,26.357842
bg_settlement_16818,16818,Горно Козарево,Gorno Kozarevo,с.,TGV,tk_loan_management_bg.state_bg_TGV,TGV22,Омуртаг,BG334,7927,43.099371,26.508059
bg_settlement_10687,10687,Веренци,Verentsi,с.,TGV,tk_loan_management_bg.state_bg_TGV,TGV22,Омуртаг,BG334,7957,43.065193,26.44334
bg_settlement_10392,10392,Великденче,Velikdenche,с.,TGV,tk_loan_management_bg.state_bg_TGV,TGV22,Омуртаг,BG334,7916,43.095067,26.383056
bg_settlement_39596,39596,Красноселци,Krasnoseltsi,с.,TGV,tk_loan_management_bg.state_bg_TGV,TGV22,Омуртаг,BG334,7925,43.088577,26.481373
bg_settlement_32620,32620,Илийно,Iliyno,с.,TGV,tk_loan_management_bg.state_bg_TGV,TGV22,Омуртаг,BG334,7948,43.090861,26.321453
bg_settlement_31262,31262,Змейно,Zmeyno,с.,TGV,tk_loan_management_bg.state_bg_TGV,TGV22,Омуртаг,BG334,7945,43.060995,26.341603
bg_settlement_30692,30692,Зелена морава,Zelena morava,с.,TGV,tk_loan_management_bg.state_bg_TGV,TGV22,Омуртаг,BG334,7954,43.040181,26.402848
bg_settlement_68761,68761,Станец,Stanets,с.,TGV,tk_loan_management_bg.state_bg_TGV,TGV22,Омуртаг,BG334,7915,43.078465,26.383848
bg_settlement_59029,59029,Първан,Parvan,с.,TGV,tk_loan_management_bg.state_bg_TGV,TGV22,Омуртаг,BG334,7958,43.039086,26.444678
bg_settlement_58972,58972,Пъдарино,Padarino,с.,TGV,tk_loan_management_bg.state_bg_TGV,TGV22,Омуртаг,BG334,7959,43.021769,26.441755
bg_settlement_58774,58774,Птичево,Ptichevo,с.,TGV,tk_loan_management_bg.state_bg_TGV,TGV22,Омуртаг,BG334,7946,43.04455,26.284364
bg_settlement_56112,56112,Петрино,Petrino,с.,TGV,tk_loan_management_bg.state_bg_TGV,TGV22,Омуртаг,BG334,7956,43.050756,26.459474
bg_settlement_55381,55381,Паничино,Panichino,с.,TGV,tk_loan_management_bg.state_bg_TGV,TGV22,Омуртаг,BG334,7928,43.08569,26.454743
bg_settlement_53535,53535,Омуртаг,Omurtag,гр.,TGV,tk_loan_management_bg.state_bg_TGV,TGV22,Омуртаг,BG334,7900,43.106854,26.419842
bg_settlement_15045,15045,Глашатай,Glashatay,с.,TGV,tk_loan_management_bg.state_bg_TGV,TGV02,Антоново,BG334,7986,43.055182,26.232313
bg_settlement_10584,10584,Вельово,Velyovo,с.,TGV,tk_loan_management_bg.state_bg_TGV,TGV02,Антоново,BG334,7985,43.085483,26.28726
bg_settlement_10433,10433,Великовци,Velikovtsi,с.,TGV,tk_loan_management_bg.state_bg_TGV,TGV02,Антоново,BG334,7964,43.037518,26.168103
bg_settlement_48194,48194,Милино,Milino,с.,TGV,tk_loan_management_bg.state_bg_TGV,TGV02,Антоново,BG334,7984,43.051974,26.261902
bg_settlement_47130,47130,Манушевци,Manushevtsi,с.,TGV,tk_loan_management_bg.state_bg_TGV,TGV02,Антоново,BG334,7967,42.978997,26.234231
bg_settlement_40258,40258,Крушолак,Krusholak,с.,TGV,tk_loan_management_bg.state_bg_TGV,TGV02,Антоново,BG334,7962,43.039383,26.188447
bg_settlement_35448,35448,Калнище,Kalnishte,с.,TGV,tk_loan_management_bg.state_bg_TGV,TGV02,Антоново,BG334,7960,43.034252,26.205804
bg_settlement_65752,65752,Свирчово,Svirchovo,с.,TGV,tk_loan_management_bg.state_bg_TGV,TGV02,Антоново,BG334,7960,43.024853,26.222209
bg_settlement_80279,80279,Чеканци,Chekantsi,с.,TGV,tk_loan_management_bg.state_bg_TGV,TGV02,Антоново,BG334,7961,42.963353,26.168877
bg_settlement_72062,72062,Таймище,Taymishte,с.,TGV,tk_loan_management_bg.state_bg_TGV,TGV02,Антоново,BG334,7983,43.076309,26.257823
bg_settlement_69897,69897,Стройновци,Stroynovtsi,с.,TGV,tk_loan_management_bg.state_bg_TGV,TGV02,Антоново,BG334,7964,42.982214,26.205037
bg_settlement_43596,43596,Лещарка,Leshtarka,с.,KRZ,tk_loan_management_bg.state_bg_KRZ,KRZ15,Крумовград,BG425,6967,41.379955,25.549883
bg_settlement_35269,35269,Калайджиево,Kalaydzhievo,с.,KRZ,tk_loan_management_bg.state_bg_KRZ,KRZ15,Крумовград,BG425,6927,41.410587,25.753825
bg_settlement_66545,66545,Синигер,Siniger,с.,KRZ,tk_loan_management_bg.state_bg_KRZ,KRZ15,Крумовград,BG425,6956,41.38656,25.761968
bg_settlement_63505,63505,Ручей,Ruchey,с.,KRZ,tk_loan_management_bg.state_bg_KRZ,KRZ15,Крумовград,BG425,6928,41.372004,25.573552
bg_settlement_02124,02124,Багра,Bagra,с.,KRZ,tk_loan_management_bg.state_bg_KRZ,KRZ16,Кърджали,BG425,6749,41.700524,25.322526
bg_settlement_68271,68271,Сребриново,Srebrinovo,с.,PAZ,tk_loan_management_bg.state_bg_PAZ,PAZ20,Панагюрище,BG423,4525,42.538778,24.008865
bg_settlement_59375,59375,Панагюрски колонии,Panagyurski kolonii,с.,PAZ,tk_loan_management_bg.state_bg_PAZ,PAZ20,Панагюрище,BG423,4520,42.583338,24.198476
bg_settlement_55302,55302,Панагюрище,Panagyurishte,гр.,PAZ,tk_loan_management_bg.state_bg_PAZ,PAZ20,Панагюрище,BG423,4500,42.502624,24.180243
bg_settlement_53103,53103,Оборище,Oborishte,с.,PAZ,tk_loan_management_bg.state_bg_PAZ,PAZ20,Панагюрище,BG423,4522,42.515633,24.076981
bg_settlement_05459,05459,Боримечково,Borimechkovo,с.,PAZ,tk_loan_management_bg.state_bg_PAZ,PAZ14,Лесичово,BG423,4464,42.401587,24.124406
bg_settlement_24596,24596,Дънгово,Dangovo,с.,KRZ,tk_loan_management_bg.state_bg_KRZ,KRZ16,Кърджали,BG425,6637,41.575644,25.332692
bg_settlement_24462,24462,Дъждовница,Dazhdovnitsa,с.,KRZ,tk_loan_management_bg.state_bg_KRZ,KRZ16,Кърджали,BG425,6747,41.678033,25.294698
bg_settlement_12694,12694,Върбенци,Varbentsi,с.,KRZ,tk_loan_management_bg.state_bg_KRZ,KRZ16,Кърджали,BG425,6745,41.721037,25.275249
bg_settlement_12053,12053,Воловарци,Volovartsi,с.,KRZ,tk_loan_management_bg.state_bg_KRZ,KRZ16,Кърджали,BG425,6633,41.578107,25.310707
bg_settlement_11226,11226,Висока,Visoka,с.,KRZ,tk_loan_management_bg.state_bg_KRZ,KRZ16,Кърджали,BG425,6744,41.718827,25.235444
bg_settlement_10358,10358,Велешани,Veleshani,с.,KRZ,tk_loan_management_bg.state_bg_KRZ,KRZ16,Кърджали,BG425,6727,41.577575,25.278178
bg_settlement_47342,47342,Мартино,Martino,с.,KRZ,tk_loan_management_bg.state_bg_KRZ,KRZ16,Кърджали,BG425,6745,41.71794,25.267841
bg_settlement_40169,40169,Крушевска,Krushevska,с.,KRZ,tk_loan_management_bg.state_bg_KRZ,KRZ16,Кърджали,BG425,6744,41.707712,25.297912
bg_settlement_38981,38981,Костино,Kostino,с.,KRZ,tk_loan_management_bg.state_bg_KRZ,KRZ16,Кърджали,BG425,6743,41.701218,25.300836
bg_settlement_37438,37438,Кобиляне,Kobilyane,с.,KRZ,tk_loan_management_bg.state_bg_KRZ,KRZ16,Кърджали,BG425,6734,41.597426,25.236466
bg_settlement_62178,62178,Раличево,Ralichevo,с.,KRZ,tk_loan_management_bg.state_bg_KRZ,KRZ15,Крумовград,BG425,6965,41.385303,25.500716
bg_settlement_35732,35732,Каменарци,Kamenartsi,с.,KRZ,tk_loan_management_bg.state_bg_KRZ,KRZ16,Кърджали,BG425,6729,41.618163,25.287473
bg_settlement_32679,32679,Илиница,Ilinitsa,с.,KRZ,tk_loan_management_bg.state_bg_KRZ,KRZ16,Кърджали,BG425,6745,41.711168,25.254795
bg_settlement_72432,72432,Типченица,Tipchenitsa,с.,VRC,tk_loan_management_bg.state_bg_VRC,VRC27,Мездра,BG313,3164,43.065475,23.709328
bg_settlement_54506,54506,Очиндол,Ochindol,с.,VRC,tk_loan_management_bg.state_bg_VRC,VRC27,Мездра,BG313,3162,43.10272,23.478408
bg_settlement_35314,35314,Кален,Kalen,с.,VRC,tk_loan_management_bg.state_bg_VRC,VRC27,Мездра,BG313,3151,43.211001,23.775191
bg_settlement_30586,30586,Звънче,Zvanche,с.,KRZ,tk_loan_management_bg.state_bg_KRZ,KRZ16,Кърджали,BG425,6744,41.714978,25.286611
bg_settlement_30260,30260,Зайчино,Zaychino,с.,KRZ,tk_loan_management_bg.state_bg_KRZ,KRZ16,Кърджали,BG425,6749,41.697487,25.331732
bg_settlement_66754,66754,Скална глава,Skalna glava,с.,KRZ,tk_loan_management_bg.state_bg_KRZ,KRZ16,Кърджали,BG425,6748,41.688618,25.308935
bg_settlement_62973,62973,Розово,Rozovo,с.,PAZ,tk_loan_management_bg.state_bg_PAZ,PAZ06,Брацигово,BG423,4583,42.00867,24.373382
bg_settlement_14163,14163,Габровица,Gabrovitsa,с.,PAZ,tk_loan_management_bg.state_bg_PAZ,PAZ04,Белово,BG423,4467,42.254175,23.899597
bg_settlement_66319,66319,Сестримо,Sestrimo,с.,PAZ,tk_loan_management_bg.state_bg_PAZ,PAZ04,Белово,BG423,4469,42.216602,23.92141
bg_settlement_22592,22592,Долно вършило,Dolno varshilo,с.,PAZ,tk_loan_management_bg.state_bg_PAZ,PAZ29,Септември,BG423,4498,42.329201,23.98564
bg_settlement_16732,16732,Горно вършило,Gorno varshilo,с.,PAZ,tk_loan_management_bg.state_bg_PAZ,PAZ29,Септември,BG423,4497,42.331628,24.003425
bg_settlement_67009,67009,Славовица,Slavovitsa,с.,PAZ,tk_loan_management_bg.state_bg_PAZ,PAZ29,Септември,BG423,4496,42.322375,24.034745
bg_settlement_14060,14060,Габерово,Gaberovo,с.,HKV,tk_loan_management_bg.state_bg_HKV,HKV18,Маджарово,BG422,6482,41.625171,25.901066
bg_settlement_03681,03681,Белополци,Belopoltsi,с.,HKV,tk_loan_management_bg.state_bg_HKV,HKV11,Ивайловград,BG422,6588,41.521304,25.806448
bg_settlement_20674,20674,Дервишка могила,Dervishka mogila,с.,HKV,tk_loan_management_bg.state_bg_HKV,HKV28,Свиленград,BG422,6539,41.922098,26.354667
bg_settlement_15179,15179,Глумово,Glumovo,с.,HKV,tk_loan_management_bg.state_bg_HKV,HKV11,Ивайловград,BG422,6572,41.5341,25.902498
bg_settlement_06817,06817,Бубино,Bubino,с.,HKV,tk_loan_management_bg.state_bg_HKV,HKV11,Ивайловград,BG422,6582,41.558249,25.811205
bg_settlement_06625,06625,Брусино,Brusino,с.,HKV,tk_loan_management_bg.state_bg_HKV,HKV11,Ивайловград,BG422,6595,41.51123,25.935661
bg_settlement_38317,38317,Конници,Konnitsi,с.,HKV,tk_loan_management_bg.state_bg_HKV,HKV11,Ивайловград,BG422,6588,41.490807,25.874491
bg_settlement_65485,65485,Сборино,Sborino,с.,HKV,tk_loan_management_bg.state_bg_HKV,HKV11,Ивайловград,BG422,6595,41.516089,25.907719
bg_settlement_56633,56633,Планинец,Planinets,с.,HKV,tk_loan_management_bg.state_bg_HKV,HKV11,Ивайловград,BG422,6599,41.500813,25.921291
bg_settlement_55628,55628,Пашкул,Pashkul,с.,HKV,tk_loan_management_bg.state_bg_HKV,HKV11,Ивайловград,BG422,6572,41.52101,25.888553
bg_settlement_81829,81829,Чучулига,Chuchuliga,с.,HKV,tk_loan_management_bg.state_bg_HKV,HKV11,Ивайловград,BG422,6572,41.550695,25.916645
bg_settlement_81044,81044,Черничино,Chernichino,с.,HKV,tk_loan_management_bg.state_bg_HKV,HKV11,Ивайловград,BG422,6581,41.593756,25.845571
bg_settlement_65890,65890,Севдалина,Sevdalina,с.,KRZ,tk_loan_management_bg.state_bg_KRZ,KRZ16,Кърджали,BG425,6745,41.709834,25.331045
bg_settlement_80995,80995,Черни рид,Cherni rid,с.,HKV,tk_loan_management_bg.state_bg_HKV,HKV11,Ивайловград,BG422,6598,41.514049,25.972266
bg_settlement_32408,32408,Извор,Izvor,с.,PDV,tk_loan_management_bg.state_bg_PDV,PDV26,Родопи,BG421,4116,42.035622,24.676458
bg_settlement_18277,18277,Гълъбово,Galabovo,с.,PDV,tk_loan_management_bg.state_bg_PDV,PDV42,Куклен,BG421,4125,42.024815,24.72068
bg_settlement_62195,62195,Рани лист,Rani list,с.,KRZ,tk_loan_management_bg.state_bg_KRZ,KRZ16,Кърджали,BG425,6720,41.691243,25.396379
bg_settlement_55823,55823,Пеньово,Penyovo,с.,KRZ,tk_loan_management_bg.state_bg_KRZ,KRZ16,Кърджали,BG425,6741,41.676026,25.310747
bg_settlement_54479,54479,Охлювец,Ohlyuvets,с.,KRZ,tk_loan_management_bg.state_bg_KRZ,KRZ16,Кърджали,BG425,6624,41.687504,25.344464
bg_settlement_51442,51442,Ненково,Nenkovo,с.,KRZ,tk_loan_management_bg.state_bg_KRZ,KRZ16,Кърджали,BG425,6611,41.739469,25.212987
bg_settlement_87494,87494,Яребица,Yarebitsa,с.,KRZ,tk_loan_management_bg.state_bg_KRZ,KRZ16,Кърджали,BG425,6732,41.61027,25.258837
bg_settlement_80311,80311,Челопек,Chelopek,с.,VRC,tk_loan_management_bg.state_bg_VRC,VRC10,Враца,BG313,3043,43.132576,23.6085
bg_settlement_55070,55070,Паволче,Pavolche,с.,VRC,tk_loan_management_bg.state_bg_VRC,VRC10,Враца,BG313,3044,43.157972,23.600762
bg_settlement_86012,86012,Югово,Yugovo,с.,PDV,tk_loan_management_bg.state_bg_PDV,PDV15,Лъки,BG421,4241,41.882402,24.800163
bg_settlement_49240,49240,Мраченик,Mrachenik,с.,PDV,tk_loan_management_bg.state_bg_PDV,PDV13,Карлово,BG421,4362,42.49821,24.962773
bg_settlement_40939,40939,Кърнаре,Karnare,с.,PDV,tk_loan_management_bg.state_bg_PDV,PDV13,Карлово,BG421,4337,42.70119,24.632984
bg_settlement_37277,37277,Клисура,Klisura,гр.,PDV,tk_loan_management_bg.state_bg_PDV,PDV13,Карлово,BG421,4341,42.691524,24.449757
bg_settlement_35496,35496,Калофер,Kalofer,гр.,PDV,tk_loan_management_bg.state_bg_PDV,PDV13,Карлово,BG421,4370,42.611158,24.974847
bg_settlement_62949,62949,Розино,Rozino,с.,PDV,tk_loan_management_bg.state_bg_PDV,PDV13,Карлово,BG421,4340,42.712618,24.54671
bg_settlement_77462,77462,Христо Даново,Hristo Danovo,с.,PDV,tk_loan_management_bg.state_bg_PDV,PDV13,Карлово,BG421,4339,42.726592,24.600326
bg_settlement_65526,65526,Свежен,Svezhen,с.,PDV,tk_loan_management_bg.state_bg_PDV,PDV07,Брезово,BG421,4304,42.504902,25.026606
bg_settlement_81362,81362,Чилик,Chilik,с.,KRZ,tk_loan_management_bg.state_bg_KRZ,KRZ16,Кърджали,BG425,6625,41.696299,25.353517
bg_settlement_16955,16955,Горнослав,Gornoslav,с.,PDV,tk_loan_management_bg.state_bg_PDV,PDV01,Асеновград,BG421,4253,41.921672,24.95737
bg_settlement_51127,51127,Нареченски бани,Narechenski bani,с.,PDV,tk_loan_management_bg.state_bg_PDV,PDV01,Асеновград,BG421,4239,41.900682,24.74817
bg_settlement_03962,03962,Берсин,Bersin,с.,KNL,tk_loan_management_bg.state_bg_KNL,KNL29,Кюстендил,BG415,2587,42.244881,22.777662
bg_settlement_23282,23282,Драговищица,Dragovishtitsa,с.,KNL,tk_loan_management_bg.state_bg_KNL,KNL29,Кюстендил,BG415,2564,42.371126,22.65069
bg_settlement_22862,22862,Долно Уйно,Dolno Uyno,с.,KNL,tk_loan_management_bg.state_bg_KNL,KNL29,Кюстендил,BG415,2560,42.416118,22.574288
bg_settlement_20208,20208,Дворище,Dvorishte,с.,KNL,tk_loan_management_bg.state_bg_KNL,KNL29,Кюстендил,BG415,2541,42.339208,22.74935
bg_settlement_17751,17751,Граница,Granitsa,с.,KNL,tk_loan_management_bg.state_bg_KNL,KNL29,Кюстендил,BG415,2589,42.255313,22.744052
bg_settlement_16198,16198,Горна Гращица,Gorna Grashtitsa,с.,KNL,tk_loan_management_bg.state_bg_KNL,KNL29,Кюстендил,BG415,2535,42.312802,22.810102
bg_settlement_16026,16026,Горановци,Goranovtsi,с.,KNL,tk_loan_management_bg.state_bg_KNL,KNL29,Кюстендил,BG415,2565,42.386478,22.628413
bg_settlement_46108,46108,Мазарачево,Mazarachevo,с.,KNL,tk_loan_management_bg.state_bg_KNL,KNL29,Кюстендил,BG415,2549,42.349514,22.625489
bg_settlement_44183,44183,Лозно,Lozno,с.,KNL,tk_loan_management_bg.state_bg_KNL,KNL29,Кюстендил,BG415,2507,42.293902,22.654798
bg_settlement_43267,43267,Лелинци,Lelintsi,с.,KNL,tk_loan_management_bg.state_bg_KNL,KNL29,Кюстендил,BG415,2588,42.233719,22.745652
bg_settlement_41112,41112,Кюстендил,Kyustendil,гр.,KNL,tk_loan_management_bg.state_bg_KNL,KNL29,Кюстендил,BG415,2500,42.281123,22.695067
bg_settlement_38432,38432,Коняво,Konyavo,с.,KNL,tk_loan_management_bg.state_bg_KNL,KNL29,Кюстендил,BG415,2540,42.323286,22.784439
bg_settlement_36659,36659,Катрище,Katrishte,с.,KNL,tk_loan_management_bg.state_bg_KNL,KNL29,Кюстендил,BG415,2537,42.289597,22.83133
bg_settlement_69167,69167,Стенско,Stensko,с.,KNL,tk_loan_management_bg.state_bg_KNL,KNL29,Кюстендил,BG415,2566,42.371478,22.681908
bg_settlement_67790,67790,Соволяно,Sovolyano,с.,KNL,tk_loan_management_bg.state_bg_KNL,KNL29,Кюстендил,BG415,2547,42.333847,22.654796
bg_settlement_67461,67461,Слокощица,Slokoshtitsa,с.,KNL,tk_loan_management_bg.state_bg_KNL,KNL29,Кюстендил,BG415,2533,42.263267,22.701942
bg_settlement_66891,66891,Скриняно,Skrinyano,с.,KNL,tk_loan_management_bg.state_bg_KNL,KNL29,Кюстендил,BG415,2599,42.318156,22.698525
bg_settlement_63536,63536,Раждавица,Razhdavitsa,с.,KNL,tk_loan_management_bg.state_bg_KNL,KNL29,Кюстендил,BG415,2550,42.386981,22.709017
bg_settlement_61457,61457,Радловци,Radlovtsi,с.,KNL,tk_loan_management_bg.state_bg_KNL,KNL29,Кюстендил,BG415,2548,42.31429,22.635269
bg_settlement_56378,56378,Пиперков чифлик,Piperkov chiflik,с.,KNL,tk_loan_management_bg.state_bg_KNL,KNL29,Кюстендил,BG415,2508,42.279059,22.733798
bg_settlement_52400,52400,Николичевци,Nikolichevtsi,с.,KNL,tk_loan_management_bg.state_bg_KNL,KNL29,Кюстендил,BG415,2599,42.324202,22.709718
bg_settlement_83354,83354,Шишковци,Shishkovtsi,с.,KNL,tk_loan_management_bg.state_bg_KNL,KNL29,Кюстендил,BG415,2553,42.348553,22.718767
bg_settlement_83257,83257,Шипочано,Shipochano,с.,KNL,tk_loan_management_bg.state_bg_KNL,KNL29,Кюстендил,BG415,2552,42.368844,22.72789
bg_settlement_72045,72045,Таваличево,Tavalichevo,с.,KNL,tk_loan_management_bg.state_bg_KNL,KNL29,Кюстендил,BG415,2538,42.315563,22.852596
bg_settlement_78625,78625,Цървище,Tsarvishte,с.,KNL,tk_loan_management_bg.state_bg_KNL,KNL27,Кочериново,BG415,2624,42.135989,22.967854
bg_settlement_12351,12351,Вуково,Vukovo,с.,KNL,tk_loan_management_bg.state_bg_KNL,KNL05,Бобошево,BG415,2661,42.195721,22.969937
bg_settlement_11232,11232,Висока могила,Visoka mogila,с.,KNL,tk_loan_management_bg.state_bg_KNL,KNL05,Бобошево,BG415,2665,42.192369,23.023239
bg_settlement_35804,35804,Каменик,Kamenik,с.,KNL,tk_loan_management_bg.state_bg_KNL,KNL05,Бобошево,BG415,2677,42.217549,23.018915
bg_settlement_66888,66888,Скрино,Skrino,с.,KNL,tk_loan_management_bg.state_bg_KNL,KNL05,Бобошево,BG415,2663,42.181411,22.955706
bg_settlement_04501,04501,Бобов дол,Bobov dol,гр.,KNL,tk_loan_management_bg.state_bg_KNL,KNL04,Бобов дол,BG415,2670,42.363229,23.006188
bg_settlement_04371,04371,Блато,Blato,с.,KNL,tk_loan_management_bg.state_bg_KNL,KNL04,Бобов дол,BG415,2657,42.239436,22.938166
bg_settlement_02052,02052,Бабинска река,Babinska reka,с.,KNL,tk_loan_management_bg.state_bg_KNL,KNL04,Бобов дол,BG415,2668,42.331242,22.995076
bg_settlement_02049,02049,Бабино,Babino,с.,KNL,tk_loan_management_bg.state_bg_KNL,KNL04,Бобов дол,BG415,2683,42.358359,22.970044
bg_settlement_21974,21974,Долистово,Dolistovo,с.,KNL,tk_loan_management_bg.state_bg_KNL,KNL04,Бобов дол,BG415,2637,42.3036,23.009743
bg_settlement_15535,15535,Големо село,Golemo selo,с.,KNL,tk_loan_management_bg.state_bg_KNL,KNL04,Бобов дол,BG415,2635,42.293155,23.042001
bg_settlement_15457,15457,Голям Върбовник,Golyam Varbovnik,с.,KNL,tk_loan_management_bg.state_bg_KNL,KNL04,Бобов дол,BG415,2690,42.252586,22.977342
bg_settlement_48711,48711,Мламолово,Mlamolovo,с.,KNL,tk_loan_management_bg.state_bg_KNL,KNL04,Бобов дол,BG415,2654,42.344024,23.02513
bg_settlement_46824,46824,Мало село,Malo selo,с.,KNL,tk_loan_management_bg.state_bg_KNL,KNL04,Бобов дол,BG415,2636,42.311687,23.041754
bg_settlement_46317,46317,Мали Върбовник,Mali Varbovnik,с.,KNL,tk_loan_management_bg.state_bg_KNL,KNL04,Бобов дол,BG415,2691,42.24759,22.98921
bg_settlement_46262,46262,Мала Фуча,Mala Fucha,с.,KNL,tk_loan_management_bg.state_bg_KNL,KNL04,Бобов дол,BG415,2669,42.357174,22.949481
bg_settlement_55364,55364,Паничарево,Panicharevo,с.,KNL,tk_loan_management_bg.state_bg_KNL,KNL04,Бобов дол,BG415,2685,42.28314,22.992383
bg_settlement_52297,52297,Новоселяне,Novoselyane,с.,KNL,tk_loan_management_bg.state_bg_KNL,KNL04,Бобов дол,BG415,2689,42.322069,22.974411
bg_settlement_83082,83082,Шатрово,Shatrovo,с.,KNL,tk_loan_management_bg.state_bg_KNL,KNL04,Бобов дол,BG415,2684,42.293019,22.976229
bg_settlement_04354,04354,Блатино,Blatino,с.,KNL,tk_loan_management_bg.state_bg_KNL,KNL48,Дупница,BG415,2617,42.30095,23.097805
bg_settlement_24791,24791,Дяково,Dyakovo,с.,KNL,tk_loan_management_bg.state_bg_KNL,KNL48,Дупница,BG415,2651,42.33564,23.083
bg_settlement_20612,20612,Делян,Delyan,с.,KNL,tk_loan_management_bg.state_bg_KNL,KNL48,Дупница,BG415,2652,42.38288,23.10309
bg_settlement_17659,17659,Грамаде,Gramade,с.,KNL,tk_loan_management_bg.state_bg_KNL,KNL48,Дупница,BG415,2679,42.216547,23.035398
bg_settlement_80844,80844,Черна скала,Cherna skala,с.,KRZ,tk_loan_management_bg.state_bg_KRZ,KRZ16,Кърджали,BG425,6626,41.697456,25.361057
bg_settlement_39339,39339,Крайници,Kraynitsi,с.,KNL,tk_loan_management_bg.state_bg_KNL,KNL48,Дупница,BG415,2633,42.319859,23.201217
bg_settlement_39325,39325,Крайни дол,Krayni dol,с.,KNL,tk_loan_management_bg.state_bg_KNL,KNL48,Дупница,BG415,2649,42.197677,23.087791
bg_settlement_65245,65245,Самораново,Samoranovo,с.,KNL,tk_loan_management_bg.state_bg_KNL,KNL48,Дупница,BG415,2620,42.262061,23.165253
bg_settlement_56349,56349,Пиперево,Piperevo,с.,KNL,tk_loan_management_bg.state_bg_KNL,KNL48,Дупница,BG415,2618,42.285971,23.111503
bg_settlement_55230,55230,Палатово,Palatovo,с.,KNL,tk_loan_management_bg.state_bg_KNL,KNL48,Дупница,BG415,2681,42.254938,23.031977
bg_settlement_87727,87727,Яхиново,Yahinovo,с.,KNL,tk_loan_management_bg.state_bg_KNL,KNL48,Дупница,BG415,2622,42.292429,23.138538
bg_settlement_72758,72758,Тополница,Topolnitsa,с.,KNL,tk_loan_management_bg.state_bg_KNL,KNL48,Дупница,BG415,2619,42.35356,23.131746
bg_settlement_62520,62520,Ресилово,Resilovo,с.,KNL,tk_loan_management_bg.state_bg_KNL,KNL41,Сапарева баня,BG415,2621,42.271591,23.192129
bg_settlement_67698,67698,Смочево,Smochevo,с.,KNL,tk_loan_management_bg.state_bg_KNL,KNL38,Рила,BG415,2641,42.146705,23.091551
bg_settlement_62671,62671,Рила,Rila,гр.,KNL,tk_loan_management_bg.state_bg_KNL,KNL38,Рила,BG415,2630,42.123215,23.128932
bg_settlement_40837,40837,Къкрина,Kakrina,с.,LOV,tk_loan_management_bg.state_bg_LOV,LOV18,Ловеч,BG315,5544,43.12364,24.888016
bg_settlement_06536,06536,Брестово,Brestovo,с.,LOV,tk_loan_management_bg.state_bg_LOV,LOV18,Ловеч,BG315,5551,43.137433,24.926751
bg_settlement_24373,24373,Дъбрава,Dabrava,с.,LOV,tk_loan_management_bg.state_bg_LOV,LOV18,Ловеч,BG315,5546,43.063308,24.820037
bg_settlement_27574,27574,Еремия,Eremia,с.,KNL,tk_loan_management_bg.state_bg_KNL,KNL31,Невестино,BG415,2585,42.206861,22.84127
bg_settlement_23827,23827,Друмохар,Drumohar,с.,KNL,tk_loan_management_bg.state_bg_KNL,KNL31,Невестино,BG415,2596,42.205608,22.871659
bg_settlement_21292,21292,Длъхчево-Сабляр,Dlahchevo-Sablyar,с.,KNL,tk_loan_management_bg.state_bg_KNL,KNL31,Невестино,BG415,2582,42.165386,22.783421
bg_settlement_49566,49566,Мърводол,Marvodol,с.,KNL,tk_loan_management_bg.state_bg_KNL,KNL31,Невестино,BG415,2595,42.231097,22.908416
bg_settlement_43709,43709,Лиляч,Lilyach,с.,KNL,tk_loan_management_bg.state_bg_KNL,KNL31,Невестино,BG415,2597,42.291493,22.865374
bg_settlement_30613,30613,Згурово,Zgurovo,с.,KNL,tk_loan_management_bg.state_bg_KNL,KNL31,Невестино,BG415,2592,42.220881,22.781222
bg_settlement_67619,67619,Смоличано,Smolichano,с.,KNL,tk_loan_management_bg.state_bg_KNL,KNL31,Невестино,BG415,2583,42.151027,22.795594
bg_settlement_62284,62284,Рашка Гращица,Rashka Grashtitsa,с.,KNL,tk_loan_management_bg.state_bg_KNL,KNL31,Невестино,BG415,2578,42.208006,22.77878
bg_settlement_55734,55734,Пелатиково,Pelatikovo,с.,KNL,tk_loan_management_bg.state_bg_KNL,KNL31,Невестино,BG415,2582,42.177517,22.774883
bg_settlement_81284,81284,Четирци,Chetirtsi,с.,KNL,tk_loan_management_bg.state_bg_KNL,KNL31,Невестино,BG415,2598,42.241792,22.876652
bg_settlement_77339,77339,Ходжовци,Hodzhovtsi,с.,KRZ,tk_loan_management_bg.state_bg_KRZ,KRZ16,Кърджали,BG425,6745,41.727456,25.262455
bg_settlement_17871,17871,Гривяк,Grivyak,с.,KRZ,tk_loan_management_bg.state_bg_KRZ,KRZ14,Кирково,BG425,6890,41.38901,25.471492
bg_settlement_16821,16821,Горно Къпиново,Gorno Kapinovo,с.,KRZ,tk_loan_management_bg.state_bg_KRZ,KRZ14,Кирково,BG425,6871,41.274416,25.258757
bg_settlement_49480,49480,Мъглене,Maglene,с.,KRZ,tk_loan_management_bg.state_bg_KRZ,KRZ14,Кирково,BG425,6865,41.409837,25.252159
bg_settlement_47891,47891,Метличка,Metlichka,с.,KRZ,tk_loan_management_bg.state_bg_KRZ,KRZ14,Кирково,BG425,6880,41.431511,25.437251
bg_settlement_44080,44080,Лозенградци,Lozengradtsi,с.,KRZ,tk_loan_management_bg.state_bg_KRZ,KRZ14,Кирково,BG425,6894,41.294704,25.399108
bg_settlement_40511,40511,Кукуряк,Kukuryak,с.,KRZ,tk_loan_management_bg.state_bg_KRZ,KRZ14,Кирково,BG425,6898,41.333416,25.478861
bg_settlement_80902,80902,Черни Вит,Cherni Vit,с.,LOV,tk_loan_management_bg.state_bg_LOV,LOV33,Тетевен,BG315,5725,42.881616,24.193757
bg_settlement_62579,62579,Рибарица,Ribaritsa,с.,LOV,tk_loan_management_bg.state_bg_LOV,LOV33,Тетевен,BG315,5720,42.849114,24.357713
bg_settlement_10272,10272,Васильово,Vasilyovo,с.,LOV,tk_loan_management_bg.state_bg_LOV,LOV33,Тетевен,BG315,5723,42.878249,24.368577
bg_settlement_15148,15148,Глогово,Glogovo,с.,LOV,tk_loan_management_bg.state_bg_LOV,LOV33,Тетевен,BG315,5724,42.976763,24.2757
bg_settlement_20996,20996,Дивчовото,Divchovoto,с.,LOV,tk_loan_management_bg.state_bg_LOV,LOV33,Тетевен,BG315,5727,42.833531,24.224201
bg_settlement_39445,39445,Кран,Kran,с.,KRZ,tk_loan_management_bg.state_bg_KRZ,KRZ14,Кирково,BG425,6898,41.339897,25.491897
bg_settlement_69482,69482,Стоманци,Stomantsi,с.,KRZ,tk_loan_management_bg.state_bg_KRZ,KRZ14,Кирково,BG425,6878,41.419608,25.286269
bg_settlement_68577,68577,Средско,Sredsko,с.,KRZ,tk_loan_management_bg.state_bg_KRZ,KRZ14,Кирково,BG425,6890,41.357676,25.471751
bg_settlement_66024,66024,Секирка,Sekirka,с.,KRZ,tk_loan_management_bg.state_bg_KRZ,KRZ14,Кирково,BG425,6880,41.392181,25.43668
bg_settlement_65228,65228,Самокитка,Samokitka,с.,KRZ,tk_loan_management_bg.state_bg_KRZ,KRZ14,Кирково,BG425,6880,41.402399,25.444968
bg_settlement_56808,56808,Пловка,Plovka,с.,KRZ,tk_loan_management_bg.state_bg_KRZ,KRZ14,Кирково,BG425,6890,41.402831,25.472609
bg_settlement_83226,83226,Шипок,Shipok,с.,KRZ,tk_loan_management_bg.state_bg_KRZ,KRZ14,Кирково,BG425,6865,41.431282,25.219585
bg_settlement_80065,80065,Чавка,Chavka,с.,KRZ,tk_loan_management_bg.state_bg_KRZ,KRZ14,Кирково,BG425,6880,41.4104,25.455593
bg_settlement_72463,72463,Тихомир,Tihomir,с.,KRZ,tk_loan_management_bg.state_bg_KRZ,KRZ14,Кирково,BG425,6898,41.307446,25.498963
bg_settlement_72309,72309,Терзийско,Terziysko,с.,LOV,tk_loan_management_bg.state_bg_LOV,LOV34,Троян,BG315,5665,42.892152,24.608523
bg_settlement_80981,80981,Черни Осъм,Cherni Osam,с.,LOV,tk_loan_management_bg.state_bg_LOV,LOV34,Троян,BG315,5620,42.845973,24.769381
bg_settlement_81476,81476,Чифлик,Chiflik,с.,LOV,tk_loan_management_bg.state_bg_LOV,LOV34,Троян,BG315,5661,42.834897,24.585694
bg_settlement_55899,55899,Перуника,Perunika,с.,KRZ,tk_loan_management_bg.state_bg_KRZ,KRZ15,Крумовград,BG425,6949,41.476305,25.741955
bg_settlement_53707,53707,Орешак,Oreshak,с.,LOV,tk_loan_management_bg.state_bg_LOV,LOV34,Троян,BG315,5630,42.884045,24.767962
bg_settlement_55587,55587,Патрешко,Patreshko,с.,LOV,tk_loan_management_bg.state_bg_LOV,LOV34,Троян,BG315,5631,42.903759,24.769022
bg_settlement_16986,16986,Горно трапе,Gorno trape,с.,LOV,tk_loan_management_bg.state_bg_LOV,LOV34,Троян,BG315,5614,42.874522,24.6594
bg_settlement_02302,02302,Балабанско,Balabansko,с.,LOV,tk_loan_management_bg.state_bg_LOV,LOV34,Троян,BG315,5615,42.894797,24.651577
bg_settlement_02448,02448,Балканец,Balkanets,с.,LOV,tk_loan_management_bg.state_bg_LOV,LOV34,Троян,BG315,5634,42.837392,24.669696
bg_settlement_03486,03486,Бели Осъм,Beli Osam,с.,LOV,tk_loan_management_bg.state_bg_LOV,LOV34,Троян,BG315,5662,42.849886,24.632093
bg_settlement_03558,03558,Белиш,Belish,с.,LOV,tk_loan_management_bg.state_bg_LOV,LOV34,Троян,BG315,5628,42.932272,24.718647
bg_settlement_69866,69866,Стрижба,Strizhba,с.,KRZ,tk_loan_management_bg.state_bg_KRZ,KRZ14,Кирково,BG425,6899,41.305394,25.44802
bg_settlement_21525,21525,Добринци,Dobrintsi,с.,KRZ,tk_loan_management_bg.state_bg_KRZ,KRZ08,Джебел,BG425,6857,41.411813,25.196667
bg_settlement_11689,11689,Воденичарско,Vodenicharsko,с.,KRZ,tk_loan_management_bg.state_bg_KRZ,KRZ08,Джебел,BG425,6852,41.493286,25.255598
bg_settlement_48622,48622,Мишевско,Mishevsko,с.,KRZ,tk_loan_management_bg.state_bg_KRZ,KRZ08,Джебел,BG425,6840,41.526702,25.240347
bg_settlement_87014,87014,Ябланица,Yablanitsa,гр.,LOV,tk_loan_management_bg.state_bg_LOV,LOV38,Ябланица,BG315,5750,43.024911,24.100276
bg_settlement_40676,40676,Купците,Kuptsite,с.,KRZ,tk_loan_management_bg.state_bg_KRZ,KRZ08,Джебел,BG425,6850,41.55271,25.291923
bg_settlement_46886,46886,Малък извор,Malak izvor,с.,LOV,tk_loan_management_bg.state_bg_LOV,LOV38,Ябланица,BG315,5734,42.98407,24.125497
bg_settlement_29619,29619,Жълтика,Zhaltika,с.,KRZ,tk_loan_management_bg.state_bg_KRZ,KRZ08,Джебел,BG425,6842,41.512728,25.200119
bg_settlement_10567,10567,Велчево,Velchevo,с.,LOV,tk_loan_management_bg.state_bg_LOV,LOV02,Априлци,BG315,5643,42.890481,24.834585
bg_settlement_23621,23621,Драшкова поляна,Drashkova polyana,с.,LOV,tk_loan_management_bg.state_bg_LOV,LOV02,Априлци,BG315,5648,42.90124,24.80834
bg_settlement_29180,29180,Желъдово,Zheladovo,с.,KRZ,tk_loan_management_bg.state_bg_KRZ,KRZ08,Джебел,BG425,6855,41.44671,25.213987
bg_settlement_87388,87388,Ямино,Yamino,с.,KRZ,tk_loan_management_bg.state_bg_KRZ,KRZ08,Джебел,BG425,6854,41.456971,25.240284
bg_settlement_84019,84019,Щерна,Shterna,с.,KRZ,tk_loan_management_bg.state_bg_KRZ,KRZ08,Джебел,BG425,6842,41.510665,25.215719
bg_settlement_78313,78313,Цвятово,Tsvyatovo,с.,KRZ,tk_loan_management_bg.state_bg_KRZ,KRZ08,Джебел,BG425,6850,41.538204,25.282141
bg_settlement_70809,70809,Сипец,Sipets,с.,KRZ,tk_loan_management_bg.state_bg_KRZ,KRZ08,Джебел,BG425,6840,41.516793,25.256078
bg_settlement_55614,55614,Пашинци,Pashintsi,с.,KRZ,tk_loan_management_bg.state_bg_KRZ,KRZ15,Крумовград,BG425,6969,41.35303,25.509524
bg_settlement_55097,55097,Падало,Padalo,с.,KRZ,tk_loan_management_bg.state_bg_KRZ,KRZ15,Крумовград,BG425,6960,41.563002,25.769106
bg_settlement_81027,81027,Черничево,Chernichevo,с.,KRZ,tk_loan_management_bg.state_bg_KRZ,KRZ15,Крумовград,BG425,6954,41.348755,25.774912
bg_settlement_69225,69225,Стефаново,Stefanovo,с.,LOV,tk_loan_management_bg.state_bg_LOV,LOV18,Ловеч,BG315,5581,43.02678,24.837735
bg_settlement_78389,78389,Цепераните,Tseperanite,с.,VTR,tk_loan_management_bg.state_bg_VTR,VTR04,Велико Търново,BG321,5035,42.823941,25.609822
bg_settlement_78536,78536,Цонковци,Tsonkovtsi,с.,VTR,tk_loan_management_bg.state_bg_VTR,VTR04,Велико Търново,BG321,5035,42.835358,25.661288
bg_settlement_77428,77428,Храстово,Hrastovo,с.,KRZ,tk_loan_management_bg.state_bg_KRZ,KRZ15,Крумовград,BG425,6929,41.392322,25.61603
bg_settlement_72730,72730,Тополка,Topolka,с.,KRZ,tk_loan_management_bg.state_bg_KRZ,KRZ15,Крумовград,BG425,6968,41.393013,25.555018
bg_settlement_72610,72610,Токачка,Tokachka,с.,KRZ,tk_loan_management_bg.state_bg_KRZ,KRZ15,Крумовград,BG425,6965,41.382042,25.524753
bg_settlement_54095,54095,Осенарите,Osenarite,с.,VTR,tk_loan_management_bg.state_bg_VTR,VTR04,Велико Търново,BG321,5037,42.831026,25.701277
bg_settlement_56383,56383,Пирамидата,Piramidata,с.,VTR,tk_loan_management_bg.state_bg_VTR,VTR04,Велико Търново,BG321,5035,42.822866,25.639698
bg_settlement_58520,58520,Продановци,Prodanovtsi,с.,VTR,tk_loan_management_bg.state_bg_VTR,VTR04,Велико Търново,BG321,5045,42.868917,25.673456
bg_settlement_65262,65262,Самсиите,Samsiite,с.,VTR,tk_loan_management_bg.state_bg_VTR,VTR04,Велико Търново,BG321,5035,42.928777,25.632896
bg_settlement_66010,66010,Сеймените,Seymenite,с.,VTR,tk_loan_management_bg.state_bg_VTR,VTR04,Велико Търново,BG321,5041,42.82328,25.598431
bg_settlement_66189,66189,Семковци,Semkovtsi,с.,VTR,tk_loan_management_bg.state_bg_VTR,VTR04,Велико Търново,BG321,5035,42.838364,25.652337
bg_settlement_32127,32127,Ивановци,Ivanovtsi,с.,VTR,tk_loan_management_bg.state_bg_VTR,VTR04,Велико Търново,BG321,5035,42.817944,25.654751
bg_settlement_34076,34076,Йовчевци,Yovchevtsi,с.,VTR,tk_loan_management_bg.state_bg_VTR,VTR04,Велико Търново,BG321,5035,42.891522,25.609866
bg_settlement_37160,37160,Кладни дял,Kladni dyal,с.,VTR,tk_loan_management_bg.state_bg_VTR,VTR04,Велико Търново,BG321,5046,42.858826,25.694635
bg_settlement_43013,43013,Лагерите,Lagerite,с.,VTR,tk_loan_management_bg.state_bg_VTR,VTR04,Велико Търново,BG321,5035,42.805469,25.667247
bg_settlement_47175,47175,Марговци,Margovtsi,с.,VTR,tk_loan_management_bg.state_bg_VTR,VTR04,Велико Търново,BG321,5035,42.84918,25.667961
bg_settlement_05935,05935,Бочковци,Bochkovtsi,с.,VTR,tk_loan_management_bg.state_bg_VTR,VTR04,Велико Търново,BG321,5035,42.834935,25.673022
bg_settlement_16016,16016,Горановци,Goranovtsi,с.,VTR,tk_loan_management_bg.state_bg_VTR,VTR04,Велико Търново,BG321,5035,42.801862,25.627143
bg_settlement_21796,21796,Дойновци,Doynovtsi,с.,VTR,tk_loan_management_bg.state_bg_VTR,VTR04,Велико Търново,BG321,5035,42.855276,25.656072
bg_settlement_22383,22383,Долни Дамяновци,Dolni Damyanovtsi,с.,VTR,tk_loan_management_bg.state_bg_VTR,VTR04,Велико Търново,BG321,5036,42.885577,25.607228
bg_settlement_03753,03753,Белчевци,Belchevtsi,с.,VTR,tk_loan_management_bg.state_bg_VTR,VTR04,Велико Търново,BG321,5035,42.88717,25.619958
bg_settlement_05534,05534,Борнарево,Bornarevo,с.,PER,tk_loan_management_bg.state_bg_PER,PER36,Радомир,BG414,2407,42.536017,22.932254
bg_settlement_04529,04529,Бобораци,Boboratsi,с.,PER,tk_loan_management_bg.state_bg_PER,PER36,Радомир,BG414,2454,42.472419,22.96562
bg_settlement_03277,03277,Беланица,Belanitsa,с.,PER,tk_loan_management_bg.state_bg_PER,PER36,Радомир,BG414,2453,42.482944,22.937717
bg_settlement_22490,22490,Долни Раковец,Dolni Rakovets,с.,PER,tk_loan_management_bg.state_bg_PER,PER36,Радомир,BG414,2413,42.473793,23.005308
bg_settlement_03986,03986,Беснурка,Besnurka,с.,KRZ,tk_loan_management_bg.state_bg_KRZ,KRZ35,Черноочене,BG425,6698,41.758728,25.23545
bg_settlement_03410,03410,Бели вир,Beli vir,с.,KRZ,tk_loan_management_bg.state_bg_KRZ,KRZ35,Черноочене,BG425,6702,41.73027,25.310717
bg_settlement_24774,24774,Дядовско,Dyadovsko,с.,KRZ,tk_loan_management_bg.state_bg_KRZ,KRZ35,Черноочене,BG425,6705,41.765485,25.294687
bg_settlement_24219,24219,Душка,Dushka,с.,KRZ,tk_loan_management_bg.state_bg_KRZ,KRZ35,Черноочене,BG425,6714,41.888209,25.194432
bg_settlement_04248,04248,Бистроглед,Bistrogled,с.,KRZ,tk_loan_management_bg.state_bg_KRZ,KRZ02,Ардино,BG425,6769,41.556164,25.126057
bg_settlement_23162,23162,Драганосковци,Draganoskovtsi,с.,VTR,tk_loan_management_bg.state_bg_VTR,VTR13,Елена,BG321,5081,42.909435,25.829832
bg_settlement_23220,23220,Драгийци,Dragiytsi,с.,VTR,tk_loan_management_bg.state_bg_VTR,VTR13,Елена,BG321,5094,42.857765,25.784924
bg_settlement_23265,23265,Драгневци,Dragnevtsi,с.,VTR,tk_loan_management_bg.state_bg_VTR,VTR13,Елена,BG321,5097,42.855559,25.868597
bg_settlement_23710,23710,Дрента,Drenta,с.,VTR,tk_loan_management_bg.state_bg_VTR,VTR13,Елена,BG321,5095,42.822498,25.78804
bg_settlement_24027,24027,Дуковци,Dukovtsi,с.,VTR,tk_loan_management_bg.state_bg_VTR,VTR13,Елена,BG321,5094,42.879629,25.836825
bg_settlement_00521,00521,Аплаци,Aplatsi,с.,VTR,tk_loan_management_bg.state_bg_VTR,VTR13,Елена,BG321,5094,42.863507,25.817795
bg_settlement_02169,02169,Бадевци,Badevtsi,с.,VTR,tk_loan_management_bg.state_bg_VTR,VTR13,Елена,BG321,5093,42.883736,25.748646
bg_settlement_03232,03232,Бейковци,Beykovtsi,с.,VTR,tk_loan_management_bg.state_bg_VTR,VTR13,Елена,BG321,5094,42.867406,25.854915
bg_settlement_03945,03945,Берковци,Berkovtsi,с.,VTR,tk_loan_management_bg.state_bg_VTR,VTR13,Елена,BG321,5093,42.885894,25.72756
bg_settlement_05164,05164,Бойковци,Boykovtsi,с.,VTR,tk_loan_management_bg.state_bg_VTR,VTR13,Елена,BG321,5080,42.899298,26.095053
bg_settlement_22085,22085,Долна Диканя,Dolna Dikanya,с.,PER,tk_loan_management_bg.state_bg_PER,PER36,Радомир,BG414,2420,42.441219,23.127369
bg_settlement_20256,20256,Дебели лаг,Debeli lag,с.,PER,tk_loan_management_bg.state_bg_PER,PER36,Радомир,BG414,2416,42.460514,22.871096
bg_settlement_18263,18263,Гълъбник,Galabnik,с.,PER,tk_loan_management_bg.state_bg_PER,PER36,Радомир,BG414,2426,42.402529,23.079113
bg_settlement_11404,11404,Владимир,Vladimir,с.,PER,tk_loan_management_bg.state_bg_PER,PER36,Радомир,BG414,2411,42.443588,23.081195
bg_settlement_41251,41251,Кошарите,Kosharite,с.,PER,tk_loan_management_bg.state_bg_PER,PER36,Радомир,BG414,2453,42.489191,22.953316
bg_settlement_41232,41232,Кленовик,Klenovik,с.,PER,tk_loan_management_bg.state_bg_PER,PER36,Радомир,BG414,2421,42.421856,22.922999
bg_settlement_38265,38265,Кондофрей,Kondofrey,с.,PER,tk_loan_management_bg.state_bg_PER,PER36,Радомир,BG414,2422,42.427174,23.006143
bg_settlement_36566,36566,Касилаг,Kasilag,с.,PER,tk_loan_management_bg.state_bg_PER,PER36,Радомир,BG414,2424,42.421401,22.974008
bg_settlement_32384,32384,Извор,Izvor,с.,PER,tk_loan_management_bg.state_bg_PER,PER36,Радомир,BG414,2415,42.432317,22.896582
bg_settlement_29622,29622,Житуша,Zhitusha,с.,PER,tk_loan_management_bg.state_bg_PER,PER36,Радомир,BG414,2432,42.415913,22.936509
bg_settlement_00607,00607,Ардино,Ardino,гр.,KRZ,tk_loan_management_bg.state_bg_KRZ,KRZ02,Ардино,BG425,6750,41.582624,25.135478
bg_settlement_00062,00062,Аврамово,Avramovo,с.,KRZ,tk_loan_management_bg.state_bg_KRZ,KRZ02,Ардино,BG425,6797,41.698017,25.166557
bg_settlement_81428,81428,Чистово,Chistovo,с.,VTR,tk_loan_management_bg.state_bg_VTR,VTR14,Златарица,BG321,5088,43.03169,26.074506
bg_settlement_81668,81668,Чуката,Chukata,с.,VTR,tk_loan_management_bg.state_bg_VTR,VTR14,Златарица,BG321,5088,42.998524,26.078412
bg_settlement_52057,52057,Новогорци,Novogortsi,с.,VTR,tk_loan_management_bg.state_bg_VTR,VTR14,Златарица,BG321,5088,43.022039,26.093078
bg_settlement_53165,53165,Овощна,Ovoshtna,с.,VTR,tk_loan_management_bg.state_bg_VTR,VTR14,Златарица,BG321,5088,42.995438,26.062361
bg_settlement_62431,62431,Резач,Rezach,с.,VTR,tk_loan_management_bg.state_bg_VTR,VTR14,Златарица,BG321,5088,43.023633,26.023954
bg_settlement_68494,68494,Средно село,Sredno selo,с.,VTR,tk_loan_management_bg.state_bg_VTR,VTR14,Златарица,BG321,5088,43.019156,26.06014
bg_settlement_35273,35273,Калайджии,Kalaydzhii,с.,VTR,tk_loan_management_bg.state_bg_VTR,VTR14,Златарица,BG321,5096,43.042717,26.015209
bg_settlement_17227,17227,Горско Писарево,Gorsko Pisarevo,с.,VTR,tk_loan_management_bg.state_bg_VTR,VTR14,Златарица,BG321,5088,43.046462,26.040702
bg_settlement_20571,20571,Делова махала,Delova mahala,с.,VTR,tk_loan_management_bg.state_bg_VTR,VTR14,Златарица,BG321,5084,43.009448,26.033609
bg_settlement_22890,22890,Долно Шивачево,Dolno Shivachevo,с.,VTR,tk_loan_management_bg.state_bg_VTR,VTR14,Златарица,BG321,5090,43.048319,25.993177
bg_settlement_24548,24548,Дълги припек,Dalgi pripek,с.,VTR,tk_loan_management_bg.state_bg_VTR,VTR14,Златарица,BG321,5088,43.007901,26.048907
bg_settlement_29060,29060,Жедна,Zhedna,с.,PER,tk_loan_management_bg.state_bg_PER,PER36,Радомир,BG414,2423,42.423915,22.960313
bg_settlement_69239,69239,Стефаново,Stefanovo,с.,PER,tk_loan_management_bg.state_bg_PER,PER36,Радомир,BG414,2414,42.484318,23.024226
bg_settlement_58311,58311,Прибой,Priboy,с.,PER,tk_loan_management_bg.state_bg_PER,PER36,Радомир,BG414,2452,42.497447,22.918019
bg_settlement_57964,57964,Поцърненци,Potsarnentsi,с.,PER,tk_loan_management_bg.state_bg_PER,PER36,Радомир,BG414,2455,42.492161,22.890549
bg_settlement_51617,51617,Николаево,Nikolaevo,с.,PER,tk_loan_management_bg.state_bg_PER,PER36,Радомир,BG414,2406,42.552878,22.934425
bg_settlement_51278,51278,Негованци,Negovantsi,с.,PER,tk_loan_management_bg.state_bg_PER,PER36,Радомир,BG414,2417,42.456586,22.949821
bg_settlement_81709,81709,Чуковец,Chukovets,с.,PER,tk_loan_management_bg.state_bg_PER,PER36,Радомир,BG414,2425,42.417923,23.026131
bg_settlement_80488,80488,Червена могила,Chervena mogila,с.,PER,tk_loan_management_bg.state_bg_PER,PER36,Радомир,BG414,2408,42.516348,23.002949
bg_settlement_11288,11288,Витановци,Vitanovtsi,с.,PER,tk_loan_management_bg.state_bg_PER,PER32,Перник,BG414,2354,42.64802,22.981099
bg_settlement_55871,55871,Перник,Pernik,гр.,PER,tk_loan_management_bg.state_bg_PER,PER32,Перник,BG414,2300,42.603132,23.045513
bg_settlement_87480,87480,Ярджиловци,Yardzhilovtsi,с.,PER,tk_loan_management_bg.state_bg_PER,PER32,Перник,BG414,2355,42.633966,22.940803
bg_settlement_81952,81952,Черна гора,Cherna gora,с.,PER,tk_loan_management_bg.state_bg_PER,PER32,Перник,BG414,2340,42.602181,22.936045
bg_settlement_72223,72223,Батановци,Batanovtsi,гр.,PER,tk_loan_management_bg.state_bg_PER,PER32,Перник,BG414,2340,42.598627,22.955561
bg_settlement_27043,27043,Егълница,Egalnitsa,с.,PER,tk_loan_management_bg.state_bg_PER,PER22,Ковачевци,BG414,2429,42.473705,22.855876
bg_settlement_43918,43918,Лобош,Lobosh,с.,PER,tk_loan_management_bg.state_bg_PER,PER22,Ковачевци,BG414,2433,42.503328,22.81601
bg_settlement_38724,38724,Косача,Kosacha,с.,PER,tk_loan_management_bg.state_bg_PER,PER22,Ковачевци,BG414,2448,42.562824,22.846803
bg_settlement_37513,37513,Ковачевци,Kovachevtsi,с.,PER,tk_loan_management_bg.state_bg_PER,PER22,Ковачевци,BG414,2450,42.556876,22.817483
bg_settlement_35434,35434,Калище,Kalishte,с.,PER,tk_loan_management_bg.state_bg_PER,PER22,Ковачевци,BG414,2431,42.490678,22.832877
bg_settlement_66648,66648,Сирищник,Sirishtnik,с.,PER,tk_loan_management_bg.state_bg_PER,PER22,Ковачевци,BG414,2450,42.568231,22.807094
bg_settlement_65591,65591,Светля,Svetlya,с.,PER,tk_loan_management_bg.state_bg_PER,PER22,Ковачевци,BG414,2449,42.593337,22.799029
bg_settlement_61947,61947,Ракиловци,Rakilovtsi,с.,PER,tk_loan_management_bg.state_bg_PER,PER22,Ковачевци,BG414,2451,42.544795,22.806147
bg_settlement_04340,04340,Блатешница,Blateshnitsa,с.,PER,tk_loan_management_bg.state_bg_PER,PER19,Земен,BG414,2441,42.447924,22.777061
bg_settlement_12228,12228,Враня стена,Vranya stena,с.,PER,tk_loan_management_bg.state_bg_PER,PER19,Земен,BG414,2445,42.535414,22.731292
bg_settlement_35482,35482,Калотинци,Kalotintsi,с.,PER,tk_loan_management_bg.state_bg_PER,PER19,Земен,BG414,2444,42.536203,22.714104
bg_settlement_30778,30778,Земен,Zemen,гр.,PER,tk_loan_management_bg.state_bg_PER,PER19,Земен,BG414,2440,42.475114,22.746154
bg_settlement_29012,29012,Жабляно,Zhablyano,с.,PER,tk_loan_management_bg.state_bg_PER,PER19,Земен,BG414,2442,42.492711,22.789157
bg_settlement_56280,56280,Пещера,Peshtera,с.,PER,tk_loan_management_bg.state_bg_PER,PER19,Земен,BG414,2443,42.505274,22.751554
bg_settlement_24880,24880,Дедино,Dedino,с.,KRZ,tk_loan_management_bg.state_bg_KRZ,KRZ02,Ардино,BG425,6779,41.658157,25.182471
bg_settlement_24788,24788,Дядовци,Dyadovtsi,с.,KRZ,tk_loan_management_bg.state_bg_KRZ,KRZ02,Ардино,BG425,6764,41.600209,25.138837
bg_settlement_21213,21213,Дирало,Diralo,с.,SML,tk_loan_management_bg.state_bg_SML,SML16,Мадан,BG424,4927,41.556852,25.006018
bg_settlement_46045,46045,Мадан,Madan,гр.,SML,tk_loan_management_bg.state_bg_SML,SML16,Мадан,BG424,4900,41.499167,24.9402
bg_settlement_43983,43983,Ловци,Lovtsi,с.,SML,tk_loan_management_bg.state_bg_SML,SML16,Мадан,BG424,4908,41.516435,24.928534
bg_settlement_20167,20167,Даскалово,Daskalovo,с.,KRZ,tk_loan_management_bg.state_bg_KRZ,KRZ35,Черноочене,BG425,6707,41.783198,25.282468
bg_settlement_68451,68451,Средногорци,Srednogortsi,с.,SML,tk_loan_management_bg.state_bg_SML,SML16,Мадан,BG424,4954,41.532131,24.908179
bg_settlement_12423,12423,Възел,Vazel,с.,KRZ,tk_loan_management_bg.state_bg_KRZ,KRZ35,Черноочене,BG425,6710,41.706332,25.353658
bg_settlement_10700,10700,Верско,Versko,с.,KRZ,tk_loan_management_bg.state_bg_KRZ,KRZ35,Черноочене,BG425,6710,41.709377,25.339445
bg_settlement_05712,05712,Босилица,Bosilitsa,с.,KRZ,tk_loan_management_bg.state_bg_KRZ,KRZ35,Черноочене,BG425,6697,41.749134,25.231906
bg_settlement_51192,51192,Небеска,Nebeska,с.,KRZ,tk_loan_management_bg.state_bg_KRZ,KRZ35,Черноочене,BG425,6693,41.773148,25.189302
bg_settlement_40796,40796,Куцово,Kutsovo,с.,KRZ,tk_loan_management_bg.state_bg_KRZ,KRZ35,Черноочене,BG425,6697,41.764639,25.220225
bg_settlement_38491,38491,Копитник,Kopitnik,с.,KRZ,tk_loan_management_bg.state_bg_KRZ,KRZ35,Черноочене,BG425,6698,41.778756,25.20962
bg_settlement_38176,38176,Комунига,Komuniga,с.,KRZ,tk_loan_management_bg.state_bg_KRZ,KRZ35,Черноочене,BG425,6690,41.797944,25.225198
bg_settlement_36066,36066,Каняк,Kanyak,с.,KRZ,tk_loan_management_bg.state_bg_KRZ,KRZ35,Черноочене,BG425,6695,41.755302,25.282462
bg_settlement_34117,34117,Йончово,Yonchovo,с.,KRZ,tk_loan_management_bg.state_bg_KRZ,KRZ35,Черноочене,BG425,6724,41.847417,25.205669
bg_settlement_29461,29461,Житница,Zhitnitsa,с.,KRZ,tk_loan_management_bg.state_bg_KRZ,KRZ35,Черноочене,BG425,6708,41.754685,25.313997
bg_settlement_05181,05181,Бойник,Boynik,с.,KRZ,tk_loan_management_bg.state_bg_KRZ,KRZ15,Крумовград,BG425,6958,41.60411,25.591031
bg_settlement_02141,02141,Багрилци,Bagriltsi,с.,KRZ,tk_loan_management_bg.state_bg_KRZ,KRZ15,Крумовград,BG425,6944,41.471266,25.79044
bg_settlement_78505,78505,Цирка,Tsirka,с.,SML,tk_loan_management_bg.state_bg_SML,SML16,Мадан,BG424,4939,41.548491,24.989001
bg_settlement_27588,27588,Ерма река,Erma reka,с.,SML,tk_loan_management_bg.state_bg_SML,SML11,Златоград,BG424,4997,41.413019,24.966071
bg_settlement_40806,40806,Кушла,Kushla,с.,SML,tk_loan_management_bg.state_bg_SML,SML11,Златоград,BG424,4986,41.320063,25.16491
bg_settlement_72312,72312,Терзиите,Terziite,с.,VTR,tk_loan_management_bg.state_bg_VTR,VTR04,Велико Търново,BG321,5035,42.842791,25.675023
bg_settlement_72583,72583,Тодоровци,Todorovtsi,с.,VTR,tk_loan_management_bg.state_bg_VTR,VTR04,Велико Търново,BG321,5045,42.876332,25.70789
bg_settlement_00093,00093,Аврен,Avren,с.,KRZ,tk_loan_management_bg.state_bg_KRZ,KRZ15,Крумовград,BG425,6930,41.345594,25.709554
bg_settlement_21302,21302,Доборско,Doborsko,с.,KRZ,tk_loan_management_bg.state_bg_KRZ,KRZ15,Крумовград,BG425,6947,41.490506,25.772947
bg_settlement_48547,48547,Михалково,Mihalkovo,с.,SML,tk_loan_management_bg.state_bg_SML,SML09,Девин,BG424,4820,41.846549,24.426372
bg_settlement_62606,62606,Рибен дол,Riben dol,с.,SML,tk_loan_management_bg.state_bg_SML,SML02,Баните,BG424,4952,41.745229,25.028273
bg_settlement_20403,20403,Девесилово,Devesilovo,с.,KRZ,tk_loan_management_bg.state_bg_KRZ,KRZ15,Крумовград,BG425,6933,41.341657,25.668298
bg_settlement_59313,59313,Планинско,Planinsko,с.,SML,tk_loan_management_bg.state_bg_SML,SML02,Баните,BG424,4940,41.755285,24.993039
bg_settlement_68566,68566,Средска,Sredska,с.,KRZ,tk_loan_management_bg.state_bg_KRZ,KRZ35,Черноочене,BG425,6693,41.77885,25.202074
bg_settlement_65841,65841,Свободиново,Svobodinovo,с.,KRZ,tk_loan_management_bg.state_bg_KRZ,KRZ35,Черноочене,BG425,6706,41.720689,25.335417
bg_settlement_63392,63392,Русалина,Rusalina,с.,KRZ,tk_loan_management_bg.state_bg_KRZ,KRZ35,Черноочене,BG425,6695,41.762827,25.229941
bg_settlement_69540,69540,Стояновци,Stoyanovtsi,с.,VTR,tk_loan_management_bg.state_bg_VTR,VTR13,Елена,BG321,5084,43.004291,25.999652
bg_settlement_72641,72641,Томбето,Tombeto,с.,VTR,tk_loan_management_bg.state_bg_VTR,VTR13,Елена,BG321,5080,42.952606,26.119798
bg_settlement_72847,72847,Топузи,Topuzi,с.,VTR,tk_loan_management_bg.state_bg_VTR,VTR13,Елена,BG321,5098,42.842361,25.920723
bg_settlement_73568,73568,Тънки рът,Tanki rat,с.,VTR,tk_loan_management_bg.state_bg_VTR,VTR13,Елена,BG321,5084,42.995221,25.99518
bg_settlement_77178,77178,Харваловци,Harvalovtsi,с.,VTR,tk_loan_management_bg.state_bg_VTR,VTR13,Елена,BG321,5093,42.948014,25.736232
bg_settlement_78269,78269,Цвеклювци,Tsveklyuvtsi,с.,VTR,tk_loan_management_bg.state_bg_VTR,VTR13,Елена,BG321,5094,42.873613,25.802047
bg_settlement_80042,80042,Чавдарци,Chavdartsi,с.,VTR,tk_loan_management_bg.state_bg_VTR,VTR13,Елена,BG321,5084,42.977252,25.972769
bg_settlement_80978,80978,Черни дял,Cherni dyal,с.,VTR,tk_loan_management_bg.state_bg_VTR,VTR13,Елена,BG321,5084,42.968805,26.013598
bg_settlement_83168,83168,Шиливери,Shiliveri,с.,VTR,tk_loan_management_bg.state_bg_VTR,VTR13,Елена,BG321,5094,42.859,25.795677
bg_settlement_83452,83452,Шубеци,Shubetsi,с.,VTR,tk_loan_management_bg.state_bg_VTR,VTR13,Елена,BG321,5097,42.87979,25.872433
bg_settlement_51367,51367,Недялковци,Nedyalkovtsi,с.,VTR,tk_loan_management_bg.state_bg_VTR,VTR13,Елена,BG321,5070,42.963422,25.836611
bg_settlement_51531,51531,Нешевци,Neshevtsi,с.,VTR,tk_loan_management_bg.state_bg_VTR,VTR13,Елена,BG321,5097,42.873758,25.908587
bg_settlement_51696,51696,Николовци,Nikolovtsi,с.,VTR,tk_loan_management_bg.state_bg_VTR,VTR13,Елена,BG321,5070,42.961979,25.848821
bg_settlement_51706,51706,Николчовци,Nikolchovtsi,с.,VTR,tk_loan_management_bg.state_bg_VTR,VTR13,Елена,BG321,5098,42.849733,25.915553
bg_settlement_55442,55442,Папратлива,Papratliva,с.,VTR,tk_loan_management_bg.state_bg_VTR,VTR13,Елена,BG321,5094,42.8493,25.849099
bg_settlement_55693,55693,Пейковци,Peykovtsi,с.,VTR,tk_loan_management_bg.state_bg_VTR,VTR13,Елена,BG321,5095,42.827166,25.801717
bg_settlement_61892,61892,Райновци,Raynovtsi,с.,VTR,tk_loan_management_bg.state_bg_VTR,VTR13,Елена,BG321,5094,42.877634,25.854334
bg_settlement_30721,30721,Зеленик,Zelenik,с.,VTR,tk_loan_management_bg.state_bg_VTR,VTR13,Елена,BG321,5099,42.846327,25.999377
bg_settlement_36275,36275,Караиванци,Karaivantsi,с.,VTR,tk_loan_management_bg.state_bg_VTR,VTR13,Елена,BG321,5095,42.805103,25.807175
bg_settlement_36871,36871,Киревци,Kirevtsi,с.,VTR,tk_loan_management_bg.state_bg_VTR,VTR13,Елена,BG321,5094,42.856744,25.814021
bg_settlement_37616,37616,Кожлювци,Kozhlyuvtsi,с.,VTR,tk_loan_management_bg.state_bg_VTR,VTR13,Елена,BG321,5097,42.86035,25.895242
bg_settlement_38738,38738,Косевци,Kosevtsi,с.,VTR,tk_loan_management_bg.state_bg_VTR,VTR13,Елена,BG321,5095,42.848741,25.802632
bg_settlement_39075,39075,Котуци,Kotutsi,с.,VTR,tk_loan_management_bg.state_bg_VTR,VTR13,Елена,BG321,5097,42.866958,25.901308
bg_settlement_39880,39880,Крилювци,Krilyuvtsi,с.,VTR,tk_loan_management_bg.state_bg_VTR,VTR13,Елена,BG321,5097,42.874916,25.890398
bg_settlement_43342,43342,Лесиче,Lesiche,с.,VTR,tk_loan_management_bg.state_bg_VTR,VTR13,Елена,BG321,5085,42.941738,26.142028
bg_settlement_47227,47227,Мариновци,Marinovtsi,с.,VTR,tk_loan_management_bg.state_bg_VTR,VTR13,Елена,BG321,5097,42.867092,25.863887
bg_settlement_48057,48057,Мийковци,Miykovtsi,с.,VTR,tk_loan_management_bg.state_bg_VTR,VTR13,Елена,BG321,5098,42.845996,25.94668
bg_settlement_49583,49583,Мъртвината,Martvinata,с.,VTR,tk_loan_management_bg.state_bg_VTR,VTR13,Елена,BG321,5094,42.888145,25.786088
bg_settlement_05709,05709,Босевци,Bosevtsi,с.,VTR,tk_loan_management_bg.state_bg_VTR,VTR13,Елена,BG321,5084,42.973335,25.958499
bg_settlement_06896,06896,Буйновци,Buynovtsi,с.,VTR,tk_loan_management_bg.state_bg_VTR,VTR13,Елена,BG321,5097,42.867392,25.891697
bg_settlement_10598,10598,Велювци,Velyuvtsi,с.,VTR,tk_loan_management_bg.state_bg_VTR,VTR13,Елена,BG321,5070,42.969683,25.837723
bg_settlement_14088,14088,Габрака,Gabraka,с.,VTR,tk_loan_management_bg.state_bg_VTR,VTR13,Елена,BG321,5097,42.834553,25.867328
bg_settlement_15120,15120,Глоговец,Glogovets,с.,VTR,tk_loan_management_bg.state_bg_VTR,VTR13,Елена,BG321,5080,42.96607,26.121965
bg_settlement_16568,16568,Горни край,Gorni kray,с.,VTR,tk_loan_management_bg.state_bg_VTR,VTR13,Елена,BG321,5096,42.812497,25.753439
bg_settlement_16626,16626,Горни Танчевци,Gorni Tanchevtsi,с.,VTR,tk_loan_management_bg.state_bg_VTR,VTR13,Елена,BG321,5098,42.837271,25.91964
bg_settlement_20268,20268,Дебели рът,Debeli rat,с.,VTR,tk_loan_management_bg.state_bg_VTR,VTR13,Елена,BG321,5084,43.005466,25.993735
bg_settlement_21364,21364,Добревци,Dobrevtsi,с.,VTR,tk_loan_management_bg.state_bg_VTR,VTR13,Елена,BG321,5095,42.837609,25.814686
bg_settlement_22513,22513,Долни Танчевци,Dolni Tanchevtsi,с.,VTR,tk_loan_management_bg.state_bg_VTR,VTR13,Елена,BG321,5097,42.890431,25.897686
bg_settlement_66857,66857,Скорците,Skortsite,с.,GAB,tk_loan_management_bg.state_bg_GAB,GAB35,Трявна,BG322,5350,42.89608,25.459067
bg_settlement_67427,67427,Сливово,Slivovo,с.,GAB,tk_loan_management_bg.state_bg_GAB,GAB35,Трявна,BG322,5367,42.837489,25.53398
bg_settlement_68624,68624,Стайновци,Staynovtsi,с.,GAB,tk_loan_management_bg.state_bg_GAB,GAB35,Трявна,BG322,5350,42.899755,25.491667
bg_settlement_30733,30733,Зеленика,Zelenika,с.,GAB,tk_loan_management_bg.state_bg_GAB,GAB35,Трявна,BG322,5351,42.870606,25.468269
bg_settlement_32785,32785,Иринеци,Irinetsi,с.,GAB,tk_loan_management_bg.state_bg_GAB,GAB35,Трявна,BG322,5367,42.818835,25.577676
bg_settlement_34062,34062,Йововци,Yovovtsi,с.,GAB,tk_loan_management_bg.state_bg_GAB,GAB35,Трявна,BG322,5360,42.803336,25.445485
bg_settlement_36720,36720,Кашенци,Kashentsi,с.,GAB,tk_loan_management_bg.state_bg_GAB,GAB35,Трявна,BG322,5351,42.849048,25.436367
bg_settlement_36765,36765,Керените,Kerenite,с.,GAB,tk_loan_management_bg.state_bg_GAB,GAB35,Трявна,BG322,5365,42.895851,25.507449
bg_settlement_36988,36988,Киселковци,Kiselkovtsi,с.,GAB,tk_loan_management_bg.state_bg_GAB,GAB35,Трявна,BG322,5360,42.826715,25.448447
bg_settlement_36991,36991,Кисийците,Kisiytsite,с.,GAB,tk_loan_management_bg.state_bg_GAB,GAB35,Трявна,BG322,5365,42.883467,25.506245
bg_settlement_37575,37575,Коевци,Koevtsi,с.,GAB,tk_loan_management_bg.state_bg_GAB,GAB35,Трявна,BG322,5365,42.884471,25.575209
bg_settlement_37890,37890,Койчовци,Koychovtsi,с.,GAB,tk_loan_management_bg.state_bg_GAB,GAB35,Трявна,BG322,5350,42.855922,25.486879
bg_settlement_38090,38090,Колю Ганев,Kolyu Ganev,с.,GAB,tk_loan_management_bg.state_bg_GAB,GAB35,Трявна,BG322,5360,42.824279,25.503555
bg_settlement_39685,39685,Креслювци,Kreslyuvtsi,с.,GAB,tk_loan_management_bg.state_bg_GAB,GAB35,Трявна,BG322,5367,42.799517,25.531288
bg_settlement_40350,40350,Кръстеняците,Krastenyatsite,с.,GAB,tk_loan_management_bg.state_bg_GAB,GAB35,Трявна,BG322,5350,42.894173,25.462587
bg_settlement_46512,46512,Малки Станчовци,Malki Stanchovtsi,с.,GAB,tk_loan_management_bg.state_bg_GAB,GAB35,Трявна,BG322,5365,42.900302,25.538492
bg_settlement_46869,46869,Малчовци,Malchovtsi,с.,GAB,tk_loan_management_bg.state_bg_GAB,GAB35,Трявна,BG322,5367,42.844284,25.549924
bg_settlement_47072,47072,Маневци,Manevtsi,с.,GAB,tk_loan_management_bg.state_bg_GAB,GAB35,Трявна,BG322,5363,42.866527,25.555229
bg_settlement_47384,47384,Маруцековци,Marutsekovtsi,с.,GAB,tk_loan_management_bg.state_bg_GAB,GAB35,Трявна,BG322,5360,42.813144,25.417798
bg_settlement_47456,47456,Матешовци,Mateshovtsi,с.,GAB,tk_loan_management_bg.state_bg_GAB,GAB35,Трявна,BG322,5351,42.868521,25.451546
bg_settlement_48177,48177,Милевци,Milevtsi,с.,GAB,tk_loan_management_bg.state_bg_GAB,GAB35,Трявна,BG322,5350,42.852549,25.512348
bg_settlement_48800,48800,Могилите,Mogilite,с.,GAB,tk_loan_management_bg.state_bg_GAB,GAB35,Трявна,BG322,5350,42.843757,25.489162
bg_settlement_49271,49271,Мръзеци,Mrazetsi,с.,GAB,tk_loan_management_bg.state_bg_GAB,GAB35,Трявна,BG322,5367,42.791647,25.550743
bg_settlement_06241,06241,Брежниците,Brezhnitsite,с.,GAB,tk_loan_management_bg.state_bg_GAB,GAB35,Трявна,BG322,5360,42.804421,25.515977
bg_settlement_07404,07404,Бърдарите,Bardarite,с.,GAB,tk_loan_management_bg.state_bg_GAB,GAB35,Трявна,BG322,5360,42.810649,25.437246
bg_settlement_07421,07421,Бърдени,Bardeni,с.,GAB,tk_loan_management_bg.state_bg_GAB,GAB35,Трявна,BG322,5365,42.892678,25.557681
bg_settlement_10344,10344,Веленци,Velentsi,с.,GAB,tk_loan_management_bg.state_bg_GAB,GAB35,Трявна,BG322,5351,42.871923,25.461985
bg_settlement_10570,10570,Велчовци,Velchovtsi,с.,GAB,tk_loan_management_bg.state_bg_GAB,GAB35,Трявна,BG322,5367,42.80182,25.572798
bg_settlement_11541,11541,Власатили,Vlasatili,с.,GAB,tk_loan_management_bg.state_bg_GAB,GAB35,Трявна,BG322,5367,42.806881,25.587773
bg_settlement_12485,12485,Вълковци,Valkovtsi,с.,GAB,tk_loan_management_bg.state_bg_GAB,GAB35,Трявна,BG322,5365,42.903066,25.550755
bg_settlement_14310,14310,Гайдари,Gaydari,с.,GAB,tk_loan_management_bg.state_bg_GAB,GAB35,Трявна,BG322,5367,42.800949,25.589001
bg_settlement_15196,15196,Глутниците,Glutnitsite,с.,GAB,tk_loan_management_bg.state_bg_GAB,GAB35,Трявна,BG322,5363,42.833804,25.587356
bg_settlement_15480,15480,Големи Станчовци,Golemi Stanchovtsi,с.,GAB,tk_loan_management_bg.state_bg_GAB,GAB35,Трявна,BG322,5365,42.908118,25.535256
bg_settlement_16506,16506,Горни Дамяновци,Gorni Damyanovtsi,с.,GAB,tk_loan_management_bg.state_bg_GAB,GAB35,Трявна,BG322,5367,42.814724,25.547639
bg_settlement_16643,16643,Горни Цоневци,Gorni Tsonevtsi,с.,GAB,tk_loan_management_bg.state_bg_GAB,GAB35,Трявна,BG322,5360,42.807805,25.454519
bg_settlement_17316,17316,Горяни,Goryani,с.,GAB,tk_loan_management_bg.state_bg_GAB,GAB35,Трявна,BG322,5367,42.835121,25.567902
bg_settlement_20078,20078,Даевци,Daevtsi,с.,GAB,tk_loan_management_bg.state_bg_GAB,GAB35,Трявна,BG322,5365,42.879402,25.552038
bg_settlement_21035,21035,Димиевци,Dimievtsi,с.,GAB,tk_loan_management_bg.state_bg_GAB,GAB35,Трявна,BG322,5363,42.867517,25.57958
bg_settlement_22441,22441,Долни Маренци,Dolni Marentsi,с.,GAB,tk_loan_management_bg.state_bg_GAB,GAB35,Трявна,BG322,5360,42.830192,25.417279
bg_settlement_22527,22527,Долни Томчевци,Dolni Tomchevtsi,с.,GAB,tk_loan_management_bg.state_bg_GAB,GAB35,Трявна,BG322,5350,42.900028,25.442887
bg_settlement_22962,22962,Донкино,Donkino,с.,GAB,tk_loan_management_bg.state_bg_GAB,GAB35,Трявна,BG322,5360,42.814364,25.502984
bg_settlement_22993,22993,Дончовци,Donchovtsi,с.,GAB,tk_loan_management_bg.state_bg_GAB,GAB35,Трявна,BG322,5351,42.860221,25.448995
bg_settlement_23279,23279,Драгневци,Dragnevtsi,с.,GAB,tk_loan_management_bg.state_bg_GAB,GAB35,Трявна,BG322,5360,42.811869,25.518208
bg_settlement_24671,24671,Дъскарите,Daskarite,с.,GAB,tk_loan_management_bg.state_bg_GAB,GAB35,Трявна,BG322,5363,42.841632,25.601329
bg_settlement_27526,27526,Енчовци,Enchovtsi,с.,GAB,tk_loan_management_bg.state_bg_GAB,GAB35,Трявна,BG322,5360,42.822473,25.436941
bg_settlement_00117,00117,Азманите,Azmanite,с.,GAB,tk_loan_management_bg.state_bg_GAB,GAB35,Трявна,BG322,5350,42.840015,25.466703
bg_settlement_00641,00641,Армянковци,Armyankovtsi,с.,GAB,tk_loan_management_bg.state_bg_GAB,GAB35,Трявна,BG322,5363,42.871256,25.569861
bg_settlement_02943,02943,Бахреци,Bahretsi,с.,GAB,tk_loan_management_bg.state_bg_GAB,GAB35,Трявна,BG322,5367,42.828638,25.531545
bg_settlement_04025,04025,Бижовци,Bizhovtsi,с.,GAB,tk_loan_management_bg.state_bg_GAB,GAB35,Трявна,BG322,5350,42.892543,25.476486
bg_settlement_52372,52372,Ночево,Nochevo,с.,KRZ,tk_loan_management_bg.state_bg_KRZ,KRZ35,Черноочене,BG425,6726,41.876675,25.193121
bg_settlement_52153,52153,Новоселище,Novoselishte,с.,KRZ,tk_loan_management_bg.state_bg_KRZ,KRZ35,Черноочене,BG425,6697,41.777694,25.245747
bg_settlement_51994,51994,Нови пазар,Novi pazar,с.,KRZ,tk_loan_management_bg.state_bg_KRZ,KRZ35,Черноочене,BG425,6710,41.752786,25.345955
bg_settlement_87165,87165,Яворово,Yavorovo,с.,KRZ,tk_loan_management_bg.state_bg_KRZ,KRZ35,Черноочене,BG425,6696,41.738709,25.275722
bg_settlement_81236,81236,Черноочене,Chernoochene,с.,KRZ,tk_loan_management_bg.state_bg_KRZ,KRZ35,Черноочене,BG425,6701,41.759546,25.350385
bg_settlement_80830,80830,Черна нива,Cherna niva,с.,KRZ,tk_loan_management_bg.state_bg_KRZ,KRZ35,Черноочене,BG425,6692,41.779478,25.265111
bg_settlement_69657,69657,Стражница,Strazhnitsa,с.,KRZ,tk_loan_management_bg.state_bg_KRZ,KRZ35,Черноочене,BG425,6710,41.712455,25.354421
bg_settlement_04008,04008,Биволяне,Bivolyane,с.,KRZ,tk_loan_management_bg.state_bg_KRZ,KRZ21,Момчилград,BG425,6837,41.588901,25.504009
bg_settlement_03258,03258,Каменец,Kamenets,с.,KRZ,tk_loan_management_bg.state_bg_KRZ,KRZ21,Момчилград,BG425,6800,41.471724,25.408454
bg_settlement_20755,20755,Джелепско,Dzhelepsko,с.,KRZ,tk_loan_management_bg.state_bg_KRZ,KRZ21,Момчилград,BG425,6824,41.495964,25.526606
bg_settlement_22784,22784,Долно Прахово,Dolno Prahovo,с.,KRZ,tk_loan_management_bg.state_bg_KRZ,KRZ02,Ардино,BG425,6779,41.651569,25.178268
bg_settlement_18544,18544,Главник,Glavnik,с.,KRZ,tk_loan_management_bg.state_bg_KRZ,KRZ02,Ардино,BG425,6789,41.52478,25.054325
bg_settlement_15607,15607,Голобрад,Golobrad,с.,KRZ,tk_loan_management_bg.state_bg_KRZ,KRZ02,Ардино,BG425,6793,41.648197,25.234809
bg_settlement_07925,07925,Богатино,Bogatino,с.,KRZ,tk_loan_management_bg.state_bg_KRZ,KRZ02,Ардино,BG425,6781,41.625457,25.187383
bg_settlement_07747,07747,Бял извор,Byal izvor,с.,KRZ,tk_loan_management_bg.state_bg_KRZ,KRZ02,Ардино,BG425,6770,41.546506,25.073167
bg_settlement_48756,48756,Млечино,Mlechino,с.,KRZ,tk_loan_management_bg.state_bg_KRZ,KRZ02,Ардино,BG425,6781,41.625031,25.173421
bg_settlement_46156,46156,Мак,Mak,с.,KRZ,tk_loan_management_bg.state_bg_KRZ,KRZ02,Ардино,BG425,6784,41.529713,25.199039
bg_settlement_44896,44896,Левци,Levtsi,с.,KRZ,tk_loan_management_bg.state_bg_KRZ,KRZ02,Ардино,BG425,6781,41.639434,25.192193
bg_settlement_43270,43270,Ленище,Lenishte,с.,KRZ,tk_loan_management_bg.state_bg_KRZ,KRZ02,Ардино,BG425,6783,41.572145,25.203268
bg_settlement_58092,58092,Праужда,Prauzhda,с.,VID,tk_loan_management_bg.state_bg_VID,VID01,Белоградчик,BG311,3917,43.603869,22.600837
bg_settlement_58582,58582,Пролазница,Prolaznitsa,с.,VID,tk_loan_management_bg.state_bg_VID,VID01,Белоградчик,BG311,3913,43.582321,22.653624
bg_settlement_65173,65173,Салаш,Salash,с.,VID,tk_loan_management_bg.state_bg_VID,VID01,Белоградчик,BG311,3933,43.613912,22.525789
bg_settlement_68655,68655,Стакевци,Stakevtsi,с.,VID,tk_loan_management_bg.state_bg_VID,VID01,Белоградчик,BG311,3963,43.535909,22.565165
bg_settlement_17765,17765,Граничак,Granichak,с.,VID,tk_loan_management_bg.state_bg_VID,VID01,Белоградчик,BG311,3934,43.644827,22.584518
bg_settlement_03616,03616,Белоградчик,Belogradchik,гр.,VID,tk_loan_management_bg.state_bg_VID,VID01,Белоградчик,BG311,3900,43.625922,22.686773
bg_settlement_39952,39952,Кроячево,Kroyachevo,с.,KRZ,tk_loan_management_bg.state_bg_KRZ,KRZ02,Ардино,BG425,6766,41.614595,25.139266
bg_settlement_72597,72597,Тодоровци,Todorovtsi,с.,GAB,tk_loan_management_bg.state_bg_GAB,GAB05,Габрово,BG322,5301,42.833543,25.347745
bg_settlement_72878,72878,Торбалъжите,Torbalazhite,с.,GAB,tk_loan_management_bg.state_bg_GAB,GAB05,Габрово,BG322,5335,42.859686,25.418697
bg_settlement_72998,72998,Трапесковци,Trapeskovtsi,с.,GAB,tk_loan_management_bg.state_bg_GAB,GAB05,Габрово,BG322,5349,42.882268,25.419403
bg_settlement_73290,73290,Трънито,Tranito,с.,GAB,tk_loan_management_bg.state_bg_GAB,GAB05,Габрово,BG322,5307,42.867529,25.23566
bg_settlement_76217,76217,Фърговци,Fargovtsi,с.,GAB,tk_loan_management_bg.state_bg_GAB,GAB05,Габрово,BG322,5301,42.831644,25.384365
bg_settlement_78302,78302,Цвятковци,Tsvyatkovtsi,с.,GAB,tk_loan_management_bg.state_bg_GAB,GAB05,Габрово,BG322,5340,42.898002,25.420593
bg_settlement_81431,81431,Читаковци,Chitakovtsi,с.,GAB,tk_loan_management_bg.state_bg_GAB,GAB05,Габрово,BG322,5300,42.934519,25.286253
bg_settlement_81685,81685,Чукилите,Chukilite,с.,GAB,tk_loan_management_bg.state_bg_GAB,GAB05,Габрово,BG322,5304,42.844204,25.277756
bg_settlement_83260,83260,Шипчените,Shipchenite,с.,GAB,tk_loan_management_bg.state_bg_GAB,GAB05,Габрово,BG322,5344,42.940397,25.27391
bg_settlement_87607,87607,Ясените,Yasenite,с.,GAB,tk_loan_management_bg.state_bg_GAB,GAB05,Габрово,BG322,5335,42.869029,25.388802
bg_settlement_53151,53151,Овощарци,Ovoshtartsi,с.,GAB,tk_loan_management_bg.state_bg_GAB,GAB05,Габрово,BG322,5342,42.884986,25.385676
bg_settlement_53948,53948,Орловци,Orlovtsi,с.,GAB,tk_loan_management_bg.state_bg_GAB,GAB05,Габрово,BG322,5342,42.887173,25.36767
bg_settlement_59135,59135,Пъртевци,Partevtsi,с.,GAB,tk_loan_management_bg.state_bg_GAB,GAB05,Габрово,BG322,5307,42.84863,25.242092
bg_settlement_63296,63296,Руйчовци,Ruychovtsi,с.,GAB,tk_loan_management_bg.state_bg_GAB,GAB05,Габрово,BG322,5304,42.824745,25.244041
bg_settlement_65680,65680,Свинарски дол,Svinarski dol,с.,GAB,tk_loan_management_bg.state_bg_GAB,GAB05,Габрово,BG322,5300,42.926352,25.286123
bg_settlement_65989,65989,Седянковци,Sedyankovtsi,с.,GAB,tk_loan_management_bg.state_bg_GAB,GAB05,Габрово,BG322,5300,42.925586,25.302685
bg_settlement_66007,66007,Сейковци,Seykovtsi,с.,GAB,tk_loan_management_bg.state_bg_GAB,GAB05,Габрово,BG322,5344,42.948782,25.273764
bg_settlement_67996,67996,Солари,Solari,с.,GAB,tk_loan_management_bg.state_bg_GAB,GAB05,Габрово,BG322,5300,42.941105,25.312662
bg_settlement_68210,68210,Спасовци,Spasovtsi,с.,GAB,tk_loan_management_bg.state_bg_GAB,GAB05,Габрово,BG322,5340,42.890169,25.383745
bg_settlement_69211,69211,Стефаново,Stefanovo,с.,GAB,tk_loan_management_bg.state_bg_GAB,GAB05,Габрово,BG322,5335,42.867944,25.373878
bg_settlement_69479,69479,Стоманеците,Stomanetsite,с.,GAB,tk_loan_management_bg.state_bg_GAB,GAB05,Габрово,BG322,5304,42.802375,25.291411
bg_settlement_29324,29324,Живко,Zhivko,с.,GAB,tk_loan_management_bg.state_bg_GAB,GAB05,Габрово,BG322,5344,42.942824,25.257846
bg_settlement_29547,29547,Жълтеш,Zhaltesh,с.,GAB,tk_loan_management_bg.state_bg_GAB,GAB05,Габрово,BG322,5335,42.856627,25.38696
bg_settlement_30661,30661,Здравковец,Zdravkovets,с.,GAB,tk_loan_management_bg.state_bg_GAB,GAB05,Габрово,BG322,5344,42.960813,25.241692
bg_settlement_32233,32233,Иглика,Iglika,с.,GAB,tk_loan_management_bg.state_bg_GAB,GAB05,Габрово,BG322,5343,42.959463,25.384446
bg_settlement_32582,32582,Източник,Iztochnik,с.,GAB,tk_loan_management_bg.state_bg_GAB,GAB05,Габрово,BG322,5335,42.873795,25.387884
bg_settlement_35626,35626,Калчовци,Kalchovtsi,с.,GAB,tk_loan_management_bg.state_bg_GAB,GAB05,Габрово,BG322,5340,42.886232,25.393187
bg_settlement_36292,36292,Карали,Karali,с.,GAB,tk_loan_management_bg.state_bg_GAB,GAB05,Габрово,BG322,5343,42.949357,25.391397
bg_settlement_37366,37366,Кметчета,Kmetcheta,с.,GAB,tk_loan_management_bg.state_bg_GAB,GAB05,Габрово,BG322,5343,42.94089,25.38573
bg_settlement_37722,37722,Кози рог,Kozi rog,с.,GAB,tk_loan_management_bg.state_bg_GAB,GAB05,Габрово,BG322,5344,42.956352,25.267489
bg_settlement_38060,38060,Колишовци,Kolishovtsi,с.,GAB,tk_loan_management_bg.state_bg_GAB,GAB05,Габрово,BG322,5343,42.950798,25.408486
bg_settlement_38813,38813,Костадините,Kostadinite,с.,GAB,tk_loan_management_bg.state_bg_GAB,GAB05,Габрово,BG322,5301,42.827285,25.362575
bg_settlement_38920,38920,Костенковци,Kostenkovtsi,с.,GAB,tk_loan_management_bg.state_bg_GAB,GAB05,Габрово,BG322,5343,42.949569,25.396941
bg_settlement_46365,46365,Малини,Malini,с.,GAB,tk_loan_management_bg.state_bg_GAB,GAB05,Габрово,BG322,5335,42.878002,25.374894
bg_settlement_47706,47706,Междени,Mezhdeni,с.,GAB,tk_loan_management_bg.state_bg_GAB,GAB05,Габрово,BG322,5343,42.954829,25.339213
bg_settlement_47994,47994,Мечковица,Mechkovitsa,с.,GAB,tk_loan_management_bg.state_bg_GAB,GAB05,Габрово,BG322,5307,42.846117,25.244756
bg_settlement_07795,07795,Бялково,Byalkovo,с.,GAB,tk_loan_management_bg.state_bg_GAB,GAB05,Габрово,BG322,5344,42.944104,25.28032
bg_settlement_10536,10536,Велковци,Velkovtsi,с.,GAB,tk_loan_management_bg.state_bg_GAB,GAB05,Габрово,BG322,5343,42.940687,25.372067
bg_settlement_10896,10896,Ветрово,Vetrovo,с.,GAB,tk_loan_management_bg.state_bg_GAB,GAB05,Габрово,BG322,5300,42.928517,25.293422
bg_settlement_11524,11524,Влайчовци,Vlaychovtsi,с.,GAB,tk_loan_management_bg.state_bg_GAB,GAB05,Габрово,BG322,5344,42.948508,25.255067
bg_settlement_12111,12111,Врабците,Vrabtsite,с.,GAB,tk_loan_management_bg.state_bg_GAB,GAB05,Габрово,BG322,5307,42.862902,25.208133
bg_settlement_14742,14742,Геновци,Genovtsi,с.,GAB,tk_loan_management_bg.state_bg_GAB,GAB05,Габрово,BG322,5307,42.845867,25.233334
bg_settlement_16715,16715,Горнова могила,Gornova mogila,с.,GAB,tk_loan_management_bg.state_bg_GAB,GAB05,Габрово,BG322,5304,42.843334,25.267011
bg_settlement_22959,22959,Донино,Donino,с.,GAB,tk_loan_management_bg.state_bg_GAB,GAB05,Габрово,BG322,5342,42.910256,25.373939
bg_settlement_23185,23185,Драганчетата,Draganchetata,с.,GAB,tk_loan_management_bg.state_bg_GAB,GAB05,Габрово,BG322,5335,42.849838,25.407487
bg_settlement_00456,00456,Ангелов,Angelov,с.,GAB,tk_loan_management_bg.state_bg_GAB,GAB05,Габрово,BG322,5342,42.923703,25.365253
bg_settlement_02347,02347,Баланите,Balanite,с.,GAB,tk_loan_management_bg.state_bg_GAB,GAB05,Габрово,BG322,5301,42.831616,25.372695
bg_settlement_02631,02631,Банковци,Bankovtsi,с.,GAB,tk_loan_management_bg.state_bg_GAB,GAB05,Габрово,BG322,5300,42.930048,25.320098
bg_settlement_03246,03246,Бекриите,Bekriite,с.,GAB,tk_loan_management_bg.state_bg_GAB,GAB05,Габрово,BG322,5300,42.934052,25.299837
bg_settlement_04683,04683,Богданчовци,Bogdanchovtsi,с.,GAB,tk_loan_management_bg.state_bg_GAB,GAB05,Габрово,BG322,5301,42.836679,25.364184
bg_settlement_04964,04964,Боженците,Bozhentsite,с.,GAB,tk_loan_management_bg.state_bg_GAB,GAB05,Габрово,BG322,5349,42.872975,25.423725
bg_settlement_05219,05219,Бойновци,Boynovtsi,с.,GAB,tk_loan_management_bg.state_bg_GAB,GAB05,Габрово,BG322,5307,42.854619,25.217511
bg_settlement_05400,05400,Борики,Boriki,с.,GAB,tk_loan_management_bg.state_bg_GAB,GAB05,Габрово,BG322,5335,42.874927,25.362311
bg_settlement_37318,37318,Клисурски манастир,Klisurski manastir,ман.,MON,tk_loan_management_bg.state_bg_MON,MON12,Вършец,BG312,3543,43.182737,23.204943
bg_settlement_32946,32946,Искра,Iskra,с.,KRZ,tk_loan_management_bg.state_bg_KRZ,KRZ02,Ардино,BG425,6781,41.628376,25.162475
bg_settlement_29605,29605,Жълтуша,Zhaltusha,с.,KRZ,tk_loan_management_bg.state_bg_KRZ,KRZ02,Ардино,BG425,6789,41.532824,25.050427
bg_settlement_68597,68597,Срънско,Sransko,с.,KRZ,tk_loan_management_bg.state_bg_KRZ,KRZ02,Ардино,BG425,6775,41.543059,25.096044
bg_settlement_58013,58013,Правдолюб,Pravdolyub,с.,KRZ,tk_loan_management_bg.state_bg_KRZ,KRZ02,Ардино,BG425,6765,41.596701,25.145352
bg_settlement_55525,55525,Паспал,Paspal,с.,KRZ,tk_loan_management_bg.state_bg_KRZ,KRZ02,Ардино,BG425,6776,41.559802,25.029266
bg_settlement_55124,55124,Падина,Padina,с.,KRZ,tk_loan_management_bg.state_bg_KRZ,KRZ02,Ардино,BG425,6771,41.508651,25.06754
bg_settlement_81921,81921,Червена скала,Chervena skala,с.,KRZ,tk_loan_management_bg.state_bg_KRZ,KRZ02,Ардино,BG425,6781,41.613453,25.184349
bg_settlement_38488,38488,Копиловци,Kopilovtsi,с.,MON,tk_loan_management_bg.state_bg_MON,MON14,Георги Дамяново,BG312,3467,43.330833,22.915003
bg_settlement_20941,20941,Дива Слатина,Diva Slatina,с.,MON,tk_loan_management_bg.state_bg_MON,MON14,Георги Дамяново,BG312,3492,43.283895,22.912551
bg_settlement_70367,70367,Сухолоевци,Suholoevtsi,с.,GAB,tk_loan_management_bg.state_bg_GAB,GAB12,Дряново,BG322,5380,42.91247,25.524767
bg_settlement_83555,83555,Шушня,Shushnya,с.,GAB,tk_loan_management_bg.state_bg_GAB,GAB12,Дряново,BG322,5380,42.926226,25.509215
bg_settlement_56023,56023,Петковци,Petkovtsi,с.,GAB,tk_loan_management_bg.state_bg_GAB,GAB12,Дряново,BG322,5370,42.93774,25.527508
bg_settlement_59152,59152,Пърша,Parsha,с.,GAB,tk_loan_management_bg.state_bg_GAB,GAB12,Дряново,BG322,5380,42.94618,25.486889
bg_settlement_61296,61296,Раданчето,Radancheto,с.,GAB,tk_loan_management_bg.state_bg_GAB,GAB12,Дряново,BG322,5370,42.943383,25.504176
bg_settlement_61529,61529,Радовци,Radovtsi,с.,GAB,tk_loan_management_bg.state_bg_GAB,GAB12,Дряново,BG322,5380,42.919787,25.511007
bg_settlement_63447,63447,Русиновци,Rusinovtsi,с.,GAB,tk_loan_management_bg.state_bg_GAB,GAB12,Дряново,BG322,5380,42.915401,25.515624
bg_settlement_68816,68816,Станча,Stancha,с.,GAB,tk_loan_management_bg.state_bg_GAB,GAB12,Дряново,BG322,5380,42.929943,25.473724
bg_settlement_32319,32319,Игнатовци,Ignatovtsi,с.,GAB,tk_loan_management_bg.state_bg_GAB,GAB12,Дряново,BG322,5370,42.933672,25.52726
bg_settlement_38741,38741,Косилка,Kosilka,с.,GAB,tk_loan_management_bg.state_bg_GAB,GAB12,Дряново,BG322,5380,42.930154,25.480235
bg_settlement_40470,40470,Кукля,Kuklya,с.,GAB,tk_loan_management_bg.state_bg_GAB,GAB12,Дряново,BG322,5370,42.925352,25.531362
bg_settlement_40587,40587,Куманите,Kumanite,с.,GAB,tk_loan_management_bg.state_bg_GAB,GAB12,Дряново,BG322,5380,42.906787,25.454102
bg_settlement_46485,46485,Малки Българени,Malki Balgareni,с.,GAB,tk_loan_management_bg.state_bg_GAB,GAB12,Дряново,BG322,5370,42.949098,25.506312
bg_settlement_07185,07185,Бучуковци,Buchukovtsi,с.,GAB,tk_loan_management_bg.state_bg_GAB,GAB12,Дряново,BG322,5380,42.918109,25.445766
bg_settlement_15223,15223,Глушка,Glushka,с.,GAB,tk_loan_management_bg.state_bg_GAB,GAB12,Дряново,BG322,5370,42.943999,25.518879
bg_settlement_15463,15463,Големи Българени,Golemi Balgareni,с.,GAB,tk_loan_management_bg.state_bg_GAB,GAB12,Дряново,BG322,5370,42.941313,25.524998
bg_settlement_16479,16479,Горни Върпища,Gorni Varpishta,с.,GAB,tk_loan_management_bg.state_bg_GAB,GAB12,Дряново,BG322,5380,42.929766,25.425694
bg_settlement_20907,20907,Джуровци,Dzhurovtsi,с.,GAB,tk_loan_management_bg.state_bg_GAB,GAB12,Дряново,BG322,5380,42.946059,25.490333
bg_settlement_02556,02556,Банари,Banari,с.,GAB,tk_loan_management_bg.state_bg_GAB,GAB12,Дряново,BG322,5370,42.938404,25.513668
bg_settlement_72031,72031,Табашка,Tabashka,с.,GAB,tk_loan_management_bg.state_bg_GAB,GAB29,Севлиево,BG322,5461,42.830942,25.001903
bg_settlement_75037,75037,Угорелец,Ugorelets,с.,GAB,tk_loan_management_bg.state_bg_GAB,GAB29,Севлиево,BG322,5465,42.831693,25.108409
bg_settlement_83435,83435,Шопите,Shopite,с.,GAB,tk_loan_management_bg.state_bg_GAB,GAB29,Севлиево,BG322,5459,42.844087,24.989011
bg_settlement_40275,40275,Кръвеник,Kravenik,с.,GAB,tk_loan_management_bg.state_bg_GAB,GAB29,Севлиево,BG322,5460,42.846994,25.009207
bg_settlement_48742,48742,Млечево,Mlechevo,с.,GAB,tk_loan_management_bg.state_bg_GAB,GAB29,Севлиево,BG322,5441,42.915849,24.914422
bg_settlement_07082,07082,Буря,Burya,с.,GAB,tk_loan_management_bg.state_bg_GAB,GAB29,Севлиево,BG322,5424,43.028999,25.31362
bg_settlement_11960,11960,Войнишка,Voynishka,с.,GAB,tk_loan_management_bg.state_bg_GAB,GAB29,Севлиево,BG322,5458,42.854895,25.032138
bg_settlement_13069,13069,Валевци,Valevtsi,с.,GAB,tk_loan_management_bg.state_bg_GAB,GAB29,Севлиево,BG322,5462,42.837444,25.086826
bg_settlement_04474,04474,Боазът,Boazat,с.,GAB,tk_loan_management_bg.state_bg_GAB,GAB29,Севлиево,BG322,5453,42.906525,24.96186
bg_settlement_80964,80964,Чернигово,Chernigovo,с.,KRZ,tk_loan_management_bg.state_bg_KRZ,KRZ02,Ардино,BG425,6778,41.659418,25.170725
bg_settlement_77487,77487,Хромица,Hromitsa,с.,KRZ,tk_loan_management_bg.state_bg_KRZ,KRZ02,Ардино,BG425,6782,41.618205,25.211081
bg_settlement_77116,77116,Брезен,Brezen,с.,KRZ,tk_loan_management_bg.state_bg_KRZ,KRZ02,Ардино,BG425,6792,41.634306,25.227343
bg_settlement_73897,73897,Търна,Tarna,с.,KRZ,tk_loan_management_bg.state_bg_KRZ,KRZ02,Ардино,BG425,6778,41.665493,25.174798
bg_settlement_70771,70771,Седларци,Sedlartsi,с.,KRZ,tk_loan_management_bg.state_bg_KRZ,KRZ02,Ардино,BG425,6789,41.543218,25.042893
bg_settlement_17186,17186,Горско Дюлево,Gorsko Dyulevo,с.,KRZ,tk_loan_management_bg.state_bg_KRZ,KRZ21,Момчилград,BG425,6800,41.456285,25.410827
bg_settlement_12293,12293,Врело,Vrelo,с.,KRZ,tk_loan_management_bg.state_bg_KRZ,KRZ21,Момчилград,BG425,6834,41.521077,25.494591
bg_settlement_38697,38697,Кос,Kos,с.,KRZ,tk_loan_management_bg.state_bg_KRZ,KRZ21,Момчилград,BG425,6820,41.525305,25.524331
bg_settlement_81390,81390,Чипровци,Chiprovtsi,гр.,MON,tk_loan_management_bg.state_bg_MON,MON36,Чипровци,BG312,3460,43.384673,22.881051
bg_settlement_30452,30452,Звездел,Zvezdel,с.,KRZ,tk_loan_management_bg.state_bg_KRZ,KRZ21,Момчилград,BG425,6820,41.470821,25.521028
bg_settlement_47353,47353,Мартиново,Martinovo,с.,MON,tk_loan_management_bg.state_bg_MON,MON36,Чипровци,BG312,3459,43.401326,22.834814
bg_settlement_69609,69609,Стражата,Strazhata,с.,GAB,tk_loan_management_bg.state_bg_GAB,GAB35,Трявна,BG322,5365,42.903923,25.58544
bg_settlement_70007,70007,Стръмци,Stramtsi,с.,GAB,tk_loan_management_bg.state_bg_GAB,GAB35,Трявна,BG322,5365,42.891564,25.576709
bg_settlement_72535,72535,Тодореците,Todoretsite,с.,GAB,tk_loan_management_bg.state_bg_GAB,GAB35,Трявна,BG322,5350,42.904081,25.477716
bg_settlement_72669,72669,Томчевци,Tomchevtsi,с.,GAB,tk_loan_management_bg.state_bg_GAB,GAB35,Трявна,BG322,5365,42.906395,25.518445
bg_settlement_75139,75139,Урвата,Urvata,с.,GAB,tk_loan_management_bg.state_bg_GAB,GAB35,Трявна,BG322,5365,42.895108,25.565246
bg_settlement_76220,76220,Фъревци,Farevtsi,с.,GAB,tk_loan_management_bg.state_bg_GAB,GAB35,Трявна,BG322,5365,42.893782,25.593043
bg_settlement_76234,76234,Фъртуни,Fartuni,с.,GAB,tk_loan_management_bg.state_bg_GAB,GAB35,Трявна,BG322,5367,42.835603,25.542881
bg_settlement_77459,77459,Христовци,Hristovtsi,с.,GAB,tk_loan_management_bg.state_bg_GAB,GAB35,Трявна,BG322,5365,42.882129,25.522466
bg_settlement_80114,80114,Чакалите,Chakalite,с.,GAB,tk_loan_management_bg.state_bg_GAB,GAB35,Трявна,BG322,5365,42.885296,25.537425
bg_settlement_81058,81058,Черновръх,Chernovrah,с.,GAB,tk_loan_management_bg.state_bg_GAB,GAB35,Трявна,BG322,5365,42.887455,25.518764
bg_settlement_87081,87081,Ябълковци,Yabalkovtsi,с.,GAB,tk_loan_management_bg.state_bg_GAB,GAB35,Трявна,BG322,5350,42.856229,25.529956
bg_settlement_87117,87117,Явор,Yavor,с.,GAB,tk_loan_management_bg.state_bg_GAB,GAB35,Трявна,BG322,5350,42.852565,25.525166
bg_settlement_51370,51370,Недялковци,Nedyalkovtsi,с.,GAB,tk_loan_management_bg.state_bg_GAB,GAB35,Трявна,BG322,5350,42.893477,25.487212
bg_settlement_51469,51469,Неновци,Nenovtsi,с.,GAB,tk_loan_management_bg.state_bg_GAB,GAB35,Трявна,BG322,5367,42.838537,25.538202
bg_settlement_51603,51603,Николаево,Nikolaevo,с.,GAB,tk_loan_management_bg.state_bg_GAB,GAB35,Трявна,BG322,5351,42.861174,25.431628
bg_settlement_52355,52355,Ножерите,Nozherite,с.,GAB,tk_loan_management_bg.state_bg_GAB,GAB35,Трявна,BG322,5360,42.811325,25.460565
bg_settlement_52369,52369,Носеите,Noseite,с.,GAB,tk_loan_management_bg.state_bg_GAB,GAB35,Трявна,BG322,5360,42.815555,25.447405
bg_settlement_53477,53477,Околиите,Okoliite,с.,GAB,tk_loan_management_bg.state_bg_GAB,GAB35,Трявна,BG322,5350,42.888796,25.478271
bg_settlement_54523,54523,Ошаните,Oshanite,с.,GAB,tk_loan_management_bg.state_bg_GAB,GAB35,Трявна,BG322,5350,42.856791,25.535522
bg_settlement_55049,55049,Павлевци,Pavlevtsi,с.,GAB,tk_loan_management_bg.state_bg_GAB,GAB35,Трявна,BG322,5365,42.880457,25.591651
bg_settlement_56304,56304,Генчовци,Genchovtsi,с.,GAB,tk_loan_management_bg.state_bg_GAB,GAB35,Трявна,BG322,5301,42.827614,25.390934
bg_settlement_56678,56678,Планинци,Planintsi,с.,GAB,tk_loan_management_bg.state_bg_GAB,GAB35,Трявна,BG322,5367,42.842908,25.534018
bg_settlement_56719,56719,Плачковци,Plachkovtsi,гр.,GAB,tk_loan_management_bg.state_bg_GAB,GAB35,Трявна,BG322,5360,42.824388,25.48138
bg_settlement_56900,56900,Побък,Pobak,с.,GAB,tk_loan_management_bg.state_bg_GAB,GAB35,Трявна,BG322,5365,42.90707,25.612328
bg_settlement_57546,57546,Попгергевци,Popgergevtsi,с.,GAB,tk_loan_management_bg.state_bg_GAB,GAB35,Трявна,BG322,5365,42.883134,25.563717
bg_settlement_57707,57707,Попрайковци,Popraykovtsi,с.,GAB,tk_loan_management_bg.state_bg_GAB,GAB35,Трявна,BG322,5365,42.895541,25.542434
bg_settlement_58284,58284,Престой,Prestoy,с.,GAB,tk_loan_management_bg.state_bg_GAB,GAB35,Трявна,BG322,5350,42.843908,25.507827
bg_settlement_59104,59104,Пържиграх,Parzhigrah,с.,GAB,tk_loan_management_bg.state_bg_GAB,GAB35,Трявна,BG322,5365,42.900444,25.529756
bg_settlement_61323,61323,Радевци,Radevtsi,с.,GAB,tk_loan_management_bg.state_bg_GAB,GAB35,Трявна,BG322,5360,42.803783,25.498092
bg_settlement_61409,61409,Радино,Radino,с.,GAB,tk_loan_management_bg.state_bg_GAB,GAB35,Трявна,BG322,5360,42.836938,25.445037
bg_settlement_61546,61546,Радоевци,Radoevtsi,с.,GAB,tk_loan_management_bg.state_bg_GAB,GAB35,Трявна,BG322,5367,42.836729,25.548276
bg_settlement_61916,61916,Райнушковци,Raynushkovtsi,с.,GAB,tk_loan_management_bg.state_bg_GAB,GAB35,Трявна,BG322,5363,42.862898,25.558406
bg_settlement_62120,62120,Ралевци,Ralevtsi,с.,GAB,tk_loan_management_bg.state_bg_GAB,GAB35,Трявна,BG322,5367,42.828795,25.566297
bg_settlement_62308,62308,Рашовите,Rashovite,с.,GAB,tk_loan_management_bg.state_bg_GAB,GAB35,Трявна,BG322,5350,42.852173,25.479365
bg_settlement_15936,15936,Голямо Чочовени,Golyamo Chochoveni,с.,SLV,tk_loan_management_bg.state_bg_SLV,SLV20,Сливен,BG342,8863,42.670176,26.141478
bg_settlement_30805,30805,Зетьово,Zetyovo,с.,BGS,tk_loan_management_bg.state_bg_BGS,BGS01,Айтос,BG341,8517,42.757691,27.226688
bg_settlement_72967,72967,Тракийци,Trakiytsi,с.,BGS,tk_loan_management_bg.state_bg_BGS,BGS06,Средец,BG341,8348,42.165805,27.250782
bg_settlement_10166,10166,Варовник,Varovnik,с.,BGS,tk_loan_management_bg.state_bg_BGS,BGS06,Средец,BG341,8338,42.21733,27.233977
bg_settlement_17035,17035,Горно Ябълково,Gorno Yabalkovo,с.,BGS,tk_loan_management_bg.state_bg_BGS,BGS06,Средец,BG341,8343,42.110408,27.101971
bg_settlement_17779,17779,Граничар,Granichar,с.,BGS,tk_loan_management_bg.state_bg_BGS,BGS06,Средец,BG341,8347,42.135246,27.242676
bg_settlement_03349,03349,Белеврен,Belevren,с.,BGS,tk_loan_management_bg.state_bg_BGS,BGS06,Средец,BG341,8345,42.093454,27.177799
bg_settlement_62027,62027,Раклица,Raklitsa,с.,BGS,tk_loan_management_bg.state_bg_BGS,BGS09,Карнобат,BG341,8439,42.775283,27.008253
bg_settlement_67307,67307,Сливарово,Slivarovo,с.,BGS,tk_loan_management_bg.state_bg_BGS,BGS12,Малко Търново,BG341,8164,41.968166,27.664661
bg_settlement_69328,69328,Стоилово,Stoilovo,с.,BGS,tk_loan_management_bg.state_bg_BGS,BGS12,Малко Търново,BG341,8165,42.039795,27.519997
bg_settlement_46663,46663,Малко Търново,Malko Tarnovo,гр.,BGS,tk_loan_management_bg.state_bg_BGS,BGS12,Малко Търново,BG341,8162,41.976019,27.524083
bg_settlement_30483,30483,Звездец,Zvezdets,с.,BGS,tk_loan_management_bg.state_bg_BGS,BGS12,Малко Търново,BG341,8170,42.10936,27.417469
bg_settlement_04412,04412,Близнак,Bliznak,с.,BGS,tk_loan_management_bg.state_bg_BGS,BGS12,Малко Търново,BG341,8174,42.160062,27.305866
bg_settlement_38251,38251,Кондолово,Kondolovo,с.,BGS,tk_loan_management_bg.state_bg_BGS,BGS13,Царево,BG341,8275,42.093344,27.681058
bg_settlement_37753,37753,Козичино,Kozichino,с.,BGS,tk_loan_management_bg.state_bg_BGS,BGS17,Поморие,BG341,8224,42.838373,27.573294
bg_settlement_80296,80296,Сини рид,Sini rid,с.,BGS,tk_loan_management_bg.state_bg_BGS,BGS18,Руен,BG341,8534,42.823563,27.432978
bg_settlement_87638,87638,Ясеново,Yasenovo,с.,BGS,tk_loan_management_bg.state_bg_BGS,BGS18,Руен,BG341,8569,42.896867,27.235718
bg_settlement_67725,67725,Снежа,Snezha,с.,BGS,tk_loan_management_bg.state_bg_BGS,BGS18,Руен,BG341,8568,42.895777,27.272455
bg_settlement_67767,67767,Снягово,Snyagovo,с.,BGS,tk_loan_management_bg.state_bg_BGS,BGS18,Руен,BG341,8579,42.846339,27.277737
bg_settlement_68401,68401,Средна махала,Sredna mahala,с.,BGS,tk_loan_management_bg.state_bg_BGS,BGS18,Руен,BG341,8581,42.841958,27.329064
bg_settlement_72864,72864,Топчийско,Topchiysko,с.,BGS,tk_loan_management_bg.state_bg_BGS,BGS18,Руен,BG341,8582,42.851504,27.34432
bg_settlement_49254,49254,Мрежичко,Mrezhichko,с.,BGS,tk_loan_management_bg.state_bg_BGS,BGS18,Руен,BG341,8538,42.863273,27.409161
bg_settlement_62904,62904,Рожден,Rozhden,с.,BGS,tk_loan_management_bg.state_bg_BGS,BGS18,Руен,BG341,8539,42.867085,27.448092
bg_settlement_63166,63166,Рудина,Rudina,с.,BGS,tk_loan_management_bg.state_bg_BGS,BGS18,Руен,BG341,8536,42.844942,27.427211
bg_settlement_63375,63375,Рупча,Rupcha,с.,BGS,tk_loan_management_bg.state_bg_BGS,BGS18,Руен,BG341,8574,42.889541,27.089445
bg_settlement_35955,35955,Каменяк,Kamenyak,с.,BGS,tk_loan_management_bg.state_bg_BGS,BGS18,Руен,BG341,8578,42.867356,27.298927
bg_settlement_36213,36213,Каравельово,Karavelyovo,с.,BGS,tk_loan_management_bg.state_bg_BGS,BGS18,Руен,BG341,8553,42.927154,27.150647
bg_settlement_46930,46930,Припек,Pripek,с.,BGS,tk_loan_management_bg.state_bg_BGS,BGS18,Руен,BG341,8537,42.849516,27.39589
bg_settlement_21333,21333,Добра поляна,Dobra polyana,с.,BGS,tk_loan_management_bg.state_bg_BGS,BGS18,Руен,BG341,8580,42.838215,27.312441
bg_settlement_30243,30243,Зайчар,Zaychar,с.,BGS,tk_loan_management_bg.state_bg_BGS,BGS18,Руен,BG341,8557,42.778477,27.170753
bg_settlement_15967,15967,Подгорец,Podgorets,с.,BGS,tk_loan_management_bg.state_bg_BGS,BGS18,Руен,BG341,8535,42.836061,27.402772
bg_settlement_83137,83137,Дъбовица,Dabovitsa,с.,BGS,tk_loan_management_bg.state_bg_BGS,BGS23,Сунгурларе,BG341,8449,42.808569,26.629024
bg_settlement_66682,66682,Скала,Skala,с.,BGS,tk_loan_management_bg.state_bg_BGS,BGS23,Сунгурларе,BG341,8462,42.772157,26.685625
bg_settlement_72299,72299,Терзийско,Terziysko,с.,BGS,tk_loan_management_bg.state_bg_BGS,BGS23,Сунгурларе,BG341,8465,42.680617,26.763306
bg_settlement_76056,76056,Велислав,Velislav,с.,BGS,tk_loan_management_bg.state_bg_BGS,BGS23,Сунгурларе,BG341,8458,42.864224,26.76217
bg_settlement_56959,56959,Подвис,Podvis,с.,BGS,tk_loan_management_bg.state_bg_BGS,BGS23,Сунгурларе,BG341,8450,42.838929,26.845706
bg_settlement_58325,58325,Прилеп,Prilep,с.,BGS,tk_loan_management_bg.state_bg_BGS,BGS23,Сунгурларе,BG341,8445,42.850241,26.930734
bg_settlement_58857,58857,Пчелин,Pchelin,с.,BGS,tk_loan_management_bg.state_bg_BGS,BGS23,Сунгурларе,BG341,8456,42.883767,26.774467
bg_settlement_65111,65111,Садово,Sadovo,с.,BGS,tk_loan_management_bg.state_bg_BGS,BGS23,Сунгурларе,BG341,8463,42.853922,26.636409
bg_settlement_47096,47096,Манолич,Manolich,с.,BGS,tk_loan_management_bg.state_bg_BGS,BGS23,Сунгурларе,BG341,8453,42.869722,26.801731
bg_settlement_27615,27615,Есен,Esen,с.,BGS,tk_loan_management_bg.state_bg_BGS,BGS23,Сунгурларе,BG341,8459,42.826296,26.780572
bg_settlement_05726,05726,Босилково,Bosilkovo,с.,BGS,tk_loan_management_bg.state_bg_BGS,BGS23,Сунгурларе,BG341,8446,42.82131,27.005437
bg_settlement_10327,10327,Везенково,Vezenkovo,с.,BGS,tk_loan_management_bg.state_bg_BGS,BGS23,Сунгурларе,BG341,8457,42.853697,26.70681
bg_settlement_03959,03959,Бероново,Beronovo,с.,BGS,tk_loan_management_bg.state_bg_BGS,BGS23,Сунгурларе,BG341,8448,42.829052,26.702955
bg_settlement_00179,00179,Акациево,Akatsievo,с.,VID,tk_loan_management_bg.state_bg_VID,VID09,Видин,BG311,3727,44.016213,22.806708
bg_settlement_03280,03280,Бела Рада,Bela Rada,с.,VID,tk_loan_management_bg.state_bg_VID,VID09,Видин,BG311,3731,43.97565,22.758678
bg_settlement_87477,87477,Яньовец,Yanyovets,с.,VID,tk_loan_management_bg.state_bg_VID,VID16,Димово,BG311,3949,43.605415,22.763563
bg_settlement_53758,53758,Орешец,Oreshets,с.,VID,tk_loan_management_bg.state_bg_VID,VID16,Димово,BG311,3945,43.636328,22.732273
bg_settlement_12824,12824,Върбовчец,Varbovchets,с.,VID,tk_loan_management_bg.state_bg_VID,VID16,Димово,BG311,3948,43.617091,22.764369
bg_settlement_14489,14489,Орешец,Oreshets,с.,VID,tk_loan_management_bg.state_bg_VID,VID16,Димово,BG311,3945,43.636328,22.732273
bg_settlement_32439,32439,Извор махала,Izvor mahala,с.,VID,tk_loan_management_bg.state_bg_VID,VID22,Кула,BG311,3821,43.869075,22.417739
bg_settlement_15415,15415,Големаново,Golemanovo,с.,VID,tk_loan_management_bg.state_bg_VID,VID22,Кула,BG311,3839,43.921969,22.446761
bg_settlement_56980,56980,Подгоре,Podgore,с.,VID,tk_loan_management_bg.state_bg_VID,VID25,Макреш,BG311,3852,43.750365,22.489528
bg_settlement_62044,62044,Раковица,Rakovitsa,с.,VID,tk_loan_management_bg.state_bg_VID,VID25,Макреш,BG311,3820,43.766309,22.471116
bg_settlement_36885,36885,Киреево,Kireevo,с.,VID,tk_loan_management_bg.state_bg_VID,VID25,Макреш,BG311,3823,43.794214,22.394626
bg_settlement_18486,18486,Гюргич,Gyurgich,с.,VID,tk_loan_management_bg.state_bg_VID,VID33,Ружинци,BG311,3932,43.550374,22.873473
bg_settlement_81757,81757,Чупрене,Chuprene,с.,VID,tk_loan_management_bg.state_bg_VID,VID37,Чупрене,BG311,3950,43.519452,22.667057
bg_settlement_73612,73612,Търговище,Targovishte,с.,VID,tk_loan_management_bg.state_bg_VID,VID37,Чупрене,BG311,3953,43.532705,22.703115
bg_settlement_62493,62493,Репляна,Replyana,с.,VID,tk_loan_management_bg.state_bg_VID,VID37,Чупрене,BG311,3954,43.51603,22.734563
bg_settlement_22424,22424,Долни Лом,Dolni Lom,с.,VID,tk_loan_management_bg.state_bg_VID,VID37,Чупрене,BG311,3958,43.507453,22.778798
bg_settlement_12797,12797,Върбово,Varbovo,с.,VID,tk_loan_management_bg.state_bg_VID,VID37,Чупрене,BG311,3951,43.543108,22.650477
bg_settlement_16571,16571,Горни Лом,Gorni Lom,с.,VID,tk_loan_management_bg.state_bg_VID,VID37,Чупрене,BG311,3960,43.482752,22.742556
bg_settlement_81459,81459,Чифлик,Chiflik,с.,VID,tk_loan_management_bg.state_bg_VID,VID01,Белоградчик,BG311,3912,43.599993,22.643754
bg_settlement_69910,69910,Струиндол,Struindol,с.,VID,tk_loan_management_bg.state_bg_VID,VID01,Белоградчик,BG311,3919,43.673902,22.581591
bg_settlement_54517,54517,Ошане,Oshane,с.,VID,tk_loan_management_bg.state_bg_VID,VID01,Белоградчик,BG311,3937,43.690842,22.55023
bg_settlement_62339,62339,Раяновци,Rayanovtsi,с.,VID,tk_loan_management_bg.state_bg_VID,VID01,Белоградчик,BG311,3935,43.703802,22.52666
bg_settlement_39606,39606,Крачимир,Krachimir,с.,VID,tk_loan_management_bg.state_bg_VID,VID01,Белоградчик,BG311,3964,43.583782,22.557106
bg_settlement_24431,24431,Дъбравка,Dabravka,с.,VID,tk_loan_management_bg.state_bg_VID,VID01,Белоградчик,BG311,3916,43.638841,22.622363
bg_settlement_10937,10937,Вещица,Veshtitsa,с.,VID,tk_loan_management_bg.state_bg_VID,VID01,Белоградчик,BG311,3918,43.680185,22.593522
bg_settlement_17734,17734,Гранитово,Granitovo,с.,VID,tk_loan_management_bg.state_bg_VID,VID01,Белоградчик,BG311,3914,43.679791,22.688699
bg_settlement_05582,05582,Боровица,Borovitsa,с.,VID,tk_loan_management_bg.state_bg_VID,VID01,Белоградчик,BG311,3955,43.578325,22.733745
bg_settlement_17614,17614,Градсковски колиби,Gradskovski kolibi,с.,VID,tk_loan_management_bg.state_bg_VID,VID03,Бойница,BG311,3835,44.002232,22.422706
bg_settlement_80368,80368,Чемиш,Chemish,с.,MON,tk_loan_management_bg.state_bg_MON,MON14,Георги Дамяново,BG312,3477,43.435027,23.056902
bg_settlement_57474,57474,Помеждин,Pomezhdin,с.,MON,tk_loan_management_bg.state_bg_MON,MON14,Георги Дамяново,BG312,3476,43.378481,22.988188
bg_settlement_24534,24534,Дълги дел,Dalgi del,с.,MON,tk_loan_management_bg.state_bg_MON,MON14,Георги Дамяново,BG312,3475,43.270941,22.959188
bg_settlement_27348,27348,Еловица,Elovitsa,с.,MON,tk_loan_management_bg.state_bg_MON,MON14,Георги Дамяново,BG312,3471,43.33462,22.989119
bg_settlement_35871,35871,Каменна Рикса,Kamenna Riksa,с.,MON,tk_loan_management_bg.state_bg_MON,MON14,Георги Дамяново,BG312,3479,43.455623,23.036007
bg_settlement_14965,14965,Главановци,Glavanovtsi,с.,MON,tk_loan_management_bg.state_bg_MON,MON14,Георги Дамяново,BG312,3468,43.32158,22.963162
bg_settlement_15299,15299,Говежда,Govezhda,с.,MON,tk_loan_management_bg.state_bg_MON,MON14,Георги Дамяново,BG312,3474,43.302011,22.966419
bg_settlement_67667,67667,Смоляновци,Smolyanovtsi,с.,MON,tk_loan_management_bg.state_bg_MON,MON29,Монтана,BG312,3450,43.498606,22.98394
bg_settlement_16153,16153,Горна Вереница,Gorna Verenitsa,с.,MON,tk_loan_management_bg.state_bg_MON,MON29,Монтана,BG312,3484,43.44137,23.101062
bg_settlement_80354,80354,Челюстница,Chelyustnitsa,с.,MON,tk_loan_management_bg.state_bg_MON,MON36,Чипровци,BG312,3465,43.435967,23.004102
bg_settlement_58116,58116,Превала,Prevala,с.,MON,tk_loan_management_bg.state_bg_MON,MON36,Чипровци,BG312,3457,43.468596,22.859101
bg_settlement_61090,61090,Равна,Ravna,с.,MON,tk_loan_management_bg.state_bg_MON,MON36,Чипровци,BG312,3473,43.387607,22.960304
bg_settlement_48475,48475,Митровци,Mitrovtsi,с.,MON,tk_loan_management_bg.state_bg_MON,MON36,Чипровци,BG312,3464,43.440808,22.935371
bg_settlement_29115,29115,Железна,Zhelezna,с.,MON,tk_loan_management_bg.state_bg_MON,MON36,Чипровци,BG312,3461,43.382671,22.915685
bg_settlement_16300,16300,Горна Лука,Gorna Luka,с.,MON,tk_loan_management_bg.state_bg_MON,MON36,Чипровци,BG312,3458,43.449875,22.898561
bg_settlement_03469,03469,Белимел,Belimel,с.,MON,tk_loan_management_bg.state_bg_MON,MON36,Чипровци,BG312,3462,43.43331,22.974467
bg_settlement_80635,80635,Черешовица,Chereshovitsa,с.,MON,tk_loan_management_bg.state_bg_MON,MON02,Берковица,BG312,3524,43.260553,23.039648
bg_settlement_87237,87237,Ягодово,Yagodovo,с.,MON,tk_loan_management_bg.state_bg_MON,MON02,Берковица,BG312,3537,43.218086,23.185968
bg_settlement_67221,67221,Слатина,Slatina,с.,MON,tk_loan_management_bg.state_bg_MON,MON02,Берковица,BG312,3535,43.216007,23.220666
bg_settlement_55930,55930,Песочница,Pesochnitsa,с.,MON,tk_loan_management_bg.state_bg_MON,MON02,Берковица,BG312,3519,43.252709,23.204991
bg_settlement_62311,62311,Рашовица,Rashovitsa,с.,MON,tk_loan_management_bg.state_bg_MON,MON02,Берковица,BG312,3532,43.266987,23.236722
bg_settlement_38933,38933,Костенци,Kostentsi,с.,MON,tk_loan_management_bg.state_bg_MON,MON02,Берковица,BG312,3518,43.284087,23.121516
bg_settlement_39044,39044,Котеновци,Kotenovtsi,с.,MON,tk_loan_management_bg.state_bg_MON,MON02,Берковица,BG312,3522,43.287057,23.07282
bg_settlement_43414,43414,Лесковец,Leskovets,с.,MON,tk_loan_management_bg.state_bg_MON,MON02,Берковица,BG312,3523,43.317929,23.076524
bg_settlement_47723,47723,Мездрея,Mezdreya,с.,MON,tk_loan_management_bg.state_bg_MON,MON02,Берковица,BG312,3515,43.242824,23.18822
bg_settlement_07510,07510,Бързия,Barzia,с.,MON,tk_loan_management_bg.state_bg_MON,MON02,Берковица,BG312,3520,43.200475,23.161295
bg_settlement_03928,03928,Берковица,Berkovitsa,гр.,MON,tk_loan_management_bg.state_bg_MON,MON02,Берковица,BG312,3500,43.237148,23.125089
bg_settlement_05253,05253,Бокиловци,Bokilovtsi,с.,MON,tk_loan_management_bg.state_bg_MON,MON02,Берковица,BG312,3517,43.275287,23.200601
bg_settlement_68179,68179,Спанчевци,Spanchevtsi,с.,MON,tk_loan_management_bg.state_bg_MON,MON12,Вършец,BG312,3546,43.187317,23.238283
bg_settlement_22019,22019,Долна Бела речка,Dolna Bela rechka,с.,MON,tk_loan_management_bg.state_bg_MON,MON12,Вършец,BG312,3545,43.194154,23.341555
bg_settlement_23073,23073,Драганица,Draganitsa,с.,MON,tk_loan_management_bg.state_bg_MON,MON12,Вършец,BG312,3534,43.239704,23.247349
bg_settlement_12961,12961,Вършец,Varshets,гр.,MON,tk_loan_management_bg.state_bg_MON,MON12,Вършец,BG312,3540,43.192173,23.284568
bg_settlement_16119,16119,Горна Бела речка,Gorna Bela rechka,с.,MON,tk_loan_management_bg.state_bg_MON,MON12,Вършец,BG312,3544,43.178904,23.356393
bg_settlement_16866,16866,Горно Озирово,Gorno Ozirovo,с.,MON,tk_loan_management_bg.state_bg_MON,MON12,Вършец,BG312,3547,43.215306,23.394656
bg_settlement_69050,69050,Старо село,Staro selo,с.,VRC,tk_loan_management_bg.state_bg_VRC,VRC27,Мездра,BG313,3142,43.158492,23.83431
bg_settlement_78015,78015,Цаконица,Tsakonitsa,с.,VRC,tk_loan_management_bg.state_bg_VRC,VRC27,Мездра,BG313,3152,43.228522,23.819699
bg_settlement_54047,54047,Оселна,Oselna,с.,VRC,tk_loan_management_bg.state_bg_VRC,VRC27,Мездра,BG313,3171,43.068109,23.546555
bg_settlement_63450,63450,Руска Бела,Ruska Bela,с.,VRC,tk_loan_management_bg.state_bg_VRC,VRC27,Мездра,BG313,3148,43.164336,23.652037
bg_settlement_39483,39483,Крапец,Krapets,с.,VRC,tk_loan_management_bg.state_bg_VRC,VRC27,Мездра,BG313,3149,43.194453,23.653196
bg_settlement_44745,44745,Лютиброд,Lyutibrod,с.,VRC,tk_loan_management_bg.state_bg_VRC,VRC27,Мездра,BG313,3159,43.10678,23.626676
bg_settlement_44759,44759,Лютидол,Lyutidol,с.,VRC,tk_loan_management_bg.state_bg_VRC,VRC27,Мездра,BG313,3165,43.059144,23.684895
bg_settlement_27317,27317,Елисейна,Eliseyna,с.,VRC,tk_loan_management_bg.state_bg_VRC,VRC27,Мездра,BG313,3160,43.075804,23.485634
bg_settlement_31190,31190,Злидол,Zlidol,с.,VRC,tk_loan_management_bg.state_bg_VRC,VRC27,Мездра,BG313,3161,43.077372,23.518064
bg_settlement_32281,32281,Игнатица,Ignatitsa,с.,VRC,tk_loan_management_bg.state_bg_VRC,VRC27,Мездра,BG313,3167,43.067794,23.591576
bg_settlement_12704,12704,Върбешница,Varbeshnitsa,с.,VRC,tk_loan_management_bg.state_bg_VRC,VRC27,Мездра,BG313,3147,43.202999,23.681051
bg_settlement_16122,16122,Горна Бешовица,Gorna Beshovitsa,с.,VRC,tk_loan_management_bg.state_bg_VRC,VRC27,Мездра,BG313,3155,43.209961,23.816685
bg_settlement_16256,16256,Горна Кремена,Gorna Kremena,с.,VRC,tk_loan_management_bg.state_bg_VRC,VRC27,Мездра,BG313,3154,43.186503,23.729397
bg_settlement_69554,69554,Стояновци,Stoyanovtsi,с.,VRC,tk_loan_management_bg.state_bg_VRC,VRC32,Роман,BG313,3134,43.123449,23.999156
bg_settlement_40693,40693,Курново,Kurnovo,с.,VRC,tk_loan_management_bg.state_bg_VRC,VRC32,Роман,BG313,3138,43.074525,23.850246
bg_settlement_35910,35910,Камено поле,Kameno pole,с.,VRC,tk_loan_management_bg.state_bg_VRC,VRC32,Роман,BG313,3150,43.225465,23.893505
bg_settlement_23618,23618,Драшан,Drashan,с.,VRC,tk_loan_management_bg.state_bg_VRC,VRC08,Бяла Слатина,BG313,3267,43.255591,23.915607
bg_settlement_38875,38875,Костелево,Kostelevo,с.,VRC,tk_loan_management_bg.state_bg_VRC,VRC10,Враца,BG313,3047,43.213045,23.610536
bg_settlement_44728,44728,Лютаджик,Lyutadzhik,с.,VRC,tk_loan_management_bg.state_bg_VRC,VRC10,Враца,BG313,3038,43.196224,23.414328
bg_settlement_30606,30606,Згориград,Zgorigrad,с.,VRC,tk_loan_management_bg.state_bg_VRC,VRC10,Враца,BG313,3042,43.179603,23.516272
bg_settlement_10789,10789,Веслец,Veslets,с.,VRC,tk_loan_management_bg.state_bg_VRC,VRC10,Враца,BG313,3053,43.258757,23.667794
bg_settlement_12259,12259,Враца,Vratsa,гр.,VRC,tk_loan_management_bg.state_bg_VRC,VRC10,Враца,BG313,3000,43.207723,23.546884
bg_settlement_05921,05921,Бохот,Bohot,с.,PVN,tk_loan_management_bg.state_bg_PVN,PVN24,Плевен,BG314,5891,43.321259,24.691992
bg_settlement_43044,43044,Лазарово,Lazarovo,с.,PVN,tk_loan_management_bg.state_bg_PVN,PVN39,Кнежа,BG314,5836,43.417975,24.089307
bg_settlement_03373,03373,Беленци,Belentsi,с.,LOV,tk_loan_management_bg.state_bg_LOV,LOV19,Луковит,BG315,5783,43.119081,24.063532
bg_settlement_72343,72343,Тетевен,Teteven,гр.,LOV,tk_loan_management_bg.state_bg_LOV,LOV33,Тетевен,BG315,5700,42.917572,24.268264
bg_settlement_46437,46437,Малка Желязна,Malka Zhelyazna,с.,LOV,tk_loan_management_bg.state_bg_LOV,LOV33,Тетевен,BG315,5729,43.006623,24.319953
bg_settlement_14386,14386,Галата,Galata,с.,LOV,tk_loan_management_bg.state_bg_LOV,LOV33,Тетевен,BG315,5731,43.017582,24.27781
bg_settlement_15165,15165,Гложене,Glozhene,с.,LOV,tk_loan_management_bg.state_bg_LOV,LOV33,Тетевен,BG315,5740,42.990152,24.186495
bg_settlement_15758,15758,Голям извор,Golyam izvor,с.,LOV,tk_loan_management_bg.state_bg_LOV,LOV33,Тетевен,BG315,5741,42.955933,24.107782
bg_settlement_17419,17419,Градежница,Gradezhnitsa,с.,LOV,tk_loan_management_bg.state_bg_LOV,LOV33,Тетевен,BG315,5732,43.019113,24.234709
bg_settlement_70500,70500,Старо село,Staro selo,с.,LOV,tk_loan_management_bg.state_bg_LOV,LOV34,Троян,BG315,5671,42.984517,24.521495
bg_settlement_73198,73198,Троян,Troyan,гр.,LOV,tk_loan_management_bg.state_bg_LOV,LOV34,Троян,BG315,5600,42.891494,24.710508
bg_settlement_44241,44241,Ломец,Lomets,с.,LOV,tk_loan_management_bg.state_bg_LOV,LOV34,Троян,BG315,5669,42.992052,24.64814
bg_settlement_21590,21590,Добродан,Dobrodan,с.,LOV,tk_loan_management_bg.state_bg_LOV,LOV34,Троян,BG315,5658,42.968344,24.707902
bg_settlement_24476,24476,Дълбок дол,Dalbok dol,с.,LOV,tk_loan_management_bg.state_bg_LOV,LOV34,Троян,BG315,5668,42.963341,24.651272
bg_settlement_35290,35290,Калейца,Kaleytsa,с.,LOV,tk_loan_management_bg.state_bg_LOV,LOV34,Троян,BG315,5667,42.927229,24.671199
bg_settlement_12108,12108,Врабево,Vrabevo,с.,LOV,tk_loan_management_bg.state_bg_LOV,LOV34,Троян,BG315,5660,42.993124,24.813377
bg_settlement_15703,15703,Голяма Желязна,Golyama Zhelyazna,с.,LOV,tk_loan_management_bg.state_bg_LOV,LOV34,Троян,BG315,5670,42.977084,24.464198
bg_settlement_18109,18109,Гумощник,Gumoshtnik,с.,LOV,tk_loan_management_bg.state_bg_LOV,LOV34,Троян,BG315,5654,42.926521,24.852152
bg_settlement_05445,05445,Борима,Borima,с.,LOV,tk_loan_management_bg.state_bg_LOV,LOV34,Троян,BG315,5672,42.973725,24.578425
bg_settlement_67057,67057,Славщица,Slavshtitsa,с.,LOV,tk_loan_management_bg.state_bg_LOV,LOV36,Угърчин,BG315,5522,43.054466,24.34198
bg_settlement_68076,68076,Сопот,Sopot,с.,LOV,tk_loan_management_bg.state_bg_LOV,LOV36,Угърчин,BG315,5571,43.026089,24.421912
bg_settlement_36943,36943,Кирчево,Kirchevo,с.,LOV,tk_loan_management_bg.state_bg_LOV,LOV36,Угърчин,BG315,5521,42.992587,24.362553
bg_settlement_43325,43325,Лесидрен,Lesidren,с.,LOV,tk_loan_management_bg.state_bg_LOV,LOV36,Угърчин,BG315,5520,42.974698,24.40416
bg_settlement_48060,48060,Микре,Mikre,с.,LOV,tk_loan_management_bg.state_bg_LOV,LOV36,Угърчин,BG315,5572,43.033693,24.522109
bg_settlement_35331,35331,Каленик,Kalenik,с.,LOV,tk_loan_management_bg.state_bg_LOV,LOV36,Угърчин,BG315,5575,43.157635,24.51097
bg_settlement_15552,15552,Голец,Golets,с.,LOV,tk_loan_management_bg.state_bg_LOV,LOV36,Угърчин,BG315,5573,43.045755,24.588976
bg_settlement_53730,53730,Орешене,Oreshene,с.,LOV,tk_loan_management_bg.state_bg_LOV,LOV38,Ябланица,BG315,5763,43.095115,24.07724
bg_settlement_21381,21381,Добревци,Dobrevtsi,с.,LOV,tk_loan_management_bg.state_bg_LOV,LOV38,Ябланица,BG315,5762,43.0665,24.084052
bg_settlement_24390,24390,Дъбравата,Dabravata,с.,LOV,tk_loan_management_bg.state_bg_LOV,LOV38,Ябланица,BG315,5765,43.081242,24.031068
bg_settlement_06450,06450,Брестница,Brestnitsa,с.,LOV,tk_loan_management_bg.state_bg_LOV,LOV38,Ябланица,BG315,5761,43.066367,24.203289
bg_settlement_15655,15655,Голяма Брестница,Golyama Brestnitsa,с.,LOV,tk_loan_management_bg.state_bg_LOV,LOV38,Ябланица,BG315,5753,43.093931,24.200019
bg_settlement_02909,02909,Батулци,Batultsi,с.,LOV,tk_loan_management_bg.state_bg_LOV,LOV38,Ябланица,BG315,5764,43.087186,24.00602
bg_settlement_66771,66771,Скандалото,Skandaloto,с.,LOV,tk_loan_management_bg.state_bg_LOV,LOV02,Априлци,BG315,5644,42.879287,24.866443
bg_settlement_40943,40943,Кърпачево,Karpachevo,с.,LOV,tk_loan_management_bg.state_bg_LOV,LOV17,Летница,BG315,5558,43.223431,25.005622
bg_settlement_17244,17244,Горско Сливово,Gorsko Slivovo,с.,LOV,tk_loan_management_bg.state_bg_LOV,LOV17,Летница,BG315,5557,43.20553,25.069569
bg_settlement_67948,67948,Соколово,Sokolovo,с.,LOV,tk_loan_management_bg.state_bg_LOV,LOV18,Ловеч,BG315,5538,43.070774,24.622245
bg_settlement_69523,69523,Радювене,Radyuvene,с.,LOV,tk_loan_management_bg.state_bg_LOV,LOV18,Ловеч,BG315,5540,43.123632,24.603236
bg_settlement_72254,72254,Тепава,Tepava,с.,LOV,tk_loan_management_bg.state_bg_LOV,LOV18,Ловеч,BG315,5554,43.174092,24.894501
bg_settlement_77311,77311,Хлевене,Hlevene,с.,LOV,tk_loan_management_bg.state_bg_LOV,LOV18,Ловеч,BG315,5579,43.089598,24.706315
bg_settlement_58150,58150,Прелом,Prelom,с.,LOV,tk_loan_management_bg.state_bg_LOV,LOV18,Ловеч,BG315,5545,43.076018,24.844243
bg_settlement_43579,43579,Лешница,Leshnitsa,с.,LOV,tk_loan_management_bg.state_bg_LOV,LOV18,Ловеч,BG315,5578,43.006737,24.69574
bg_settlement_46396,46396,Малиново,Malinovo,с.,LOV,tk_loan_management_bg.state_bg_LOV,LOV18,Ловеч,BG315,5582,43.039216,24.884335
bg_settlement_20420,20420,Деветаки,Devetaki,с.,LOV,tk_loan_management_bg.state_bg_LOV,LOV18,Ловеч,BG315,5555,43.221032,24.901077
bg_settlement_32500,32500,Изворче,Izvorche,с.,LOV,tk_loan_management_bg.state_bg_LOV,LOV18,Ловеч,BG315,5536,43.103987,24.661028
bg_settlement_07260,07260,Българене,Balgarene,с.,LOV,tk_loan_management_bg.state_bg_LOV,LOV18,Ловеч,BG315,5583,43.045267,24.766049
bg_settlement_16883,16883,Горно Павликене,Gorno Pavlikene,с.,LOV,tk_loan_management_bg.state_bg_LOV,LOV18,Ловеч,BG315,5549,43.101459,24.794534
bg_settlement_00028,00028,Абланица,Ablanitsa,с.,LOV,tk_loan_management_bg.state_bg_LOV,LOV18,Ловеч,BG315,5574,43.040249,24.693866
bg_settlement_00583,00583,Арбанаси,Arbanasi,с.,VTR,tk_loan_management_bg.state_bg_VTR,VTR04,Велико Търново,BG321,5029,43.098122,25.666537
bg_settlement_02364,02364,Балван,Balvan,с.,VTR,tk_loan_management_bg.state_bg_VTR,VTR04,Велико Търново,BG321,5064,43.085271,25.412149
bg_settlement_03798,03798,Беляковец,Belyakovets,с.,VTR,tk_loan_management_bg.state_bg_VTR,VTR04,Велико Търново,BG321,5031,43.10512,25.585853
bg_settlement_04011,04011,Бижовци,Bizhovtsi,с.,VTR,tk_loan_management_bg.state_bg_VTR,VTR04,Велико Търново,BG321,5035,42.826654,25.651767
bg_settlement_05222,05222,Бойчеви колиби,Boychevi kolibi,с.,VTR,tk_loan_management_bg.state_bg_VTR,VTR04,Велико Търново,BG321,5050,42.95302,25.590129
bg_settlement_05240,05240,Бойчовци,Boychovtsi,с.,VTR,tk_loan_management_bg.state_bg_VTR,VTR04,Велико Търново,BG321,5038,42.860972,25.640569
bg_settlement_69780,69780,Стрелец,Strelets,с.,VTR,tk_loan_management_bg.state_bg_VTR,VTR06,Горна Оряховица,BG321,5133,43.306177,25.766614
bg_settlement_17107,17107,Горски горен Тръмбеш,Gorski goren Trambesh,с.,VTR,tk_loan_management_bg.state_bg_VTR,VTR06,Горна Оряховица,BG321,5132,43.222708,25.840223
bg_settlement_80515,80515,Червенковци,Chervenkovtsi,с.,VTR,tk_loan_management_bg.state_bg_VTR,VTR13,Елена,BG321,5070,42.946029,25.834499
bg_settlement_83171,83171,Шилковци,Shilkovtsi,с.,VTR,tk_loan_management_bg.state_bg_VTR,VTR13,Елена,BG321,5087,42.926459,25.775008
bg_settlement_87326,87326,Яковци,Yakovtsi,с.,VTR,tk_loan_management_bg.state_bg_VTR,VTR13,Елена,BG321,5081,42.932179,25.816098
bg_settlement_65632,65632,Светославци,Svetoslavtsi,с.,VTR,tk_loan_management_bg.state_bg_VTR,VTR13,Елена,BG321,5080,42.916786,26.079672
bg_settlement_68429,68429,Средни колиби,Sredni kolibi,с.,VTR,tk_loan_management_bg.state_bg_VTR,VTR13,Елена,BG321,5093,42.918908,25.740511
bg_settlement_69393,69393,Стойчевци,Stoychevtsi,с.,VTR,tk_loan_management_bg.state_bg_VTR,VTR13,Елена,BG321,5081,42.924943,25.829789
bg_settlement_70216,70216,Султани,Sultani,с.,VTR,tk_loan_management_bg.state_bg_VTR,VTR13,Елена,BG321,5094,42.872536,25.828731
bg_settlement_70439,70439,Събковци,Sabkovtsi,с.,VTR,tk_loan_management_bg.state_bg_VTR,VTR13,Елена,BG321,5099,42.881335,25.988487
bg_settlement_72446,72446,Титевци,Titevtsi,с.,VTR,tk_loan_management_bg.state_bg_VTR,VTR13,Елена,BG321,5070,42.941412,25.839256
bg_settlement_72607,72607,Тодювци,Todyuvtsi,с.,VTR,tk_loan_management_bg.state_bg_VTR,VTR13,Елена,BG321,5094,42.867266,25.832915
bg_settlement_73331,73331,Трънковци,Trankovtsi,с.,VTR,tk_loan_management_bg.state_bg_VTR,VTR13,Елена,BG321,5097,42.879478,25.919654
bg_settlement_61217,61217,Равново,Ravnovo,с.,VTR,tk_loan_management_bg.state_bg_VTR,VTR14,Златарица,BG321,5089,43.032743,25.925225
bg_settlement_62476,62476,Рекичка,Rekichka,с.,VTR,tk_loan_management_bg.state_bg_VTR,VTR14,Златарица,BG321,5088,43.016834,26.04654
bg_settlement_16417,16417,Горна Хаджийска,Gorna Hadzhiyska,с.,VTR,tk_loan_management_bg.state_bg_VTR,VTR14,Златарица,BG321,5089,43.038129,25.973123
bg_settlement_72237,72237,Теменуга,Temenuga,с.,VTR,tk_loan_management_bg.state_bg_VTR,VTR31,Стражица,BG321,5165,43.108191,26.006169
bg_settlement_83123,83123,Шереметя,Sheremetya,с.,VTR,tk_loan_management_bg.state_bg_VTR,VTR04,Велико Търново,BG321,5034,43.077354,25.692043
bg_settlement_83418,83418,Шодековци,Shodekovtsi,с.,VTR,tk_loan_management_bg.state_bg_VTR,VTR04,Велико Търново,BG321,5053,42.930923,25.578072
bg_settlement_87360,87360,Ялово,Yalovo,с.,VTR,tk_loan_management_bg.state_bg_VTR,VTR04,Велико Търново,BG321,5056,42.971682,25.575633
bg_settlement_70264,70264,Суха река,Suha reka,с.,VTR,tk_loan_management_bg.state_bg_VTR,VTR04,Велико Търново,BG321,5045,42.888504,25.700491
bg_settlement_70603,70603,Сърненци,Sarnentsi,с.,VTR,tk_loan_management_bg.state_bg_VTR,VTR04,Велико Търново,BG321,5035,42.857696,25.629204
bg_settlement_75229,75229,Ушевци,Ushevtsi,с.,VTR,tk_loan_management_bg.state_bg_VTR,VTR04,Велико Търново,BG321,5035,42.846653,25.661778
bg_settlement_52177,52177,Ново село,Novo selo,с.,VTR,tk_loan_management_bg.state_bg_VTR,VTR04,Велико Търново,BG321,5069,43.077937,25.36416
bg_settlement_57114,57114,Пожерник,Pozhernik,с.,VTR,tk_loan_management_bg.state_bg_VTR,VTR04,Велико Търново,BG321,5041,42.944525,25.632858
bg_settlement_57666,57666,Поповци,Popovtsi,с.,VTR,tk_loan_management_bg.state_bg_VTR,VTR04,Велико Търново,BG321,5035,42.884828,25.687491
bg_settlement_59121,59121,Пъровци,Parovtsi,с.,VTR,tk_loan_management_bg.state_bg_VTR,VTR04,Велико Търново,BG321,5052,42.952091,25.601127
bg_settlement_61435,61435,Радковци,Radkovtsi,с.,VTR,tk_loan_management_bg.state_bg_VTR,VTR04,Велико Търново,BG321,5041,42.925119,25.61643
bg_settlement_61861,61861,Райковци,Raykovtsi,с.,VTR,tk_loan_management_bg.state_bg_VTR,VTR04,Велико Търново,BG321,5039,42.832471,25.62999
bg_settlement_62270,62270,Рашевци,Rashevtsi,с.,VTR,tk_loan_management_bg.state_bg_VTR,VTR04,Велико Търново,BG321,5035,42.864371,25.614697
bg_settlement_63464,63464,Русковци,Ruskovtsi,с.,VTR,tk_loan_management_bg.state_bg_VTR,VTR04,Велико Търново,BG321,5035,42.837315,25.638934
bg_settlement_37006,37006,Кисьовци,Kisyovtsi,с.,VTR,tk_loan_management_bg.state_bg_VTR,VTR04,Велико Търново,BG321,5035,42.852692,25.622274
bg_settlement_37335,37335,Клъшка река,Klashka reka,с.,VTR,tk_loan_management_bg.state_bg_VTR,VTR04,Велико Търново,BG321,5035,42.813458,25.616604
bg_settlement_40779,40779,Куцаровци,Kutsarovtsi,с.,VTR,tk_loan_management_bg.state_bg_VTR,VTR04,Велико Търново,BG321,5042,42.942351,25.722716
bg_settlement_46855,46855,Малчовци,Malchovtsi,с.,VTR,tk_loan_management_bg.state_bg_VTR,VTR04,Велико Търново,BG321,5050,42.962799,25.643076
bg_settlement_48636,48636,Мишеморков хан,Mishemorkov han,с.,VTR,tk_loan_management_bg.state_bg_VTR,VTR04,Велико Търново,BG321,5035,42.814658,25.647659
bg_settlement_20434,20434,Деветаците,Devetatsite,с.,VTR,tk_loan_management_bg.state_bg_VTR,VTR04,Велико Търново,BG321,5050,42.927217,25.589547
bg_settlement_20715,20715,Дечковци,Dechkovtsi,с.,VTR,tk_loan_management_bg.state_bg_VTR,VTR04,Велико Търново,BG321,5041,42.918638,25.663604
bg_settlement_21066,21066,Димитровци,Dimitrovtsi,с.,VTR,tk_loan_management_bg.state_bg_VTR,VTR04,Велико Търново,BG321,5050,42.9494,25.582689
bg_settlement_21110,21110,Димовци,Dimovtsi,с.,VTR,tk_loan_management_bg.state_bg_VTR,VTR04,Велико Търново,BG321,5035,42.847356,25.632809
bg_settlement_21899,21899,Долен Еневец,Dolen Enevets,с.,VTR,tk_loan_management_bg.state_bg_VTR,VTR04,Велико Търново,BG321,5050,42.931067,25.566678
bg_settlement_24058,24058,Дунавци,Dunavtsi,с.,VTR,tk_loan_management_bg.state_bg_VTR,VTR04,Велико Търново,BG321,5041,42.927483,25.618657
bg_settlement_32617,32617,Илевци,Ilevtsi,с.,VTR,tk_loan_management_bg.state_bg_VTR,VTR04,Велико Търново,BG321,5045,42.866274,25.680492
bg_settlement_06015,06015,Бояновци,Boyanovtsi,с.,VTR,tk_loan_management_bg.state_bg_VTR,VTR04,Велико Търново,BG321,5041,42.928596,25.646041
bg_settlement_06118,06118,Бранковци,Brankovtsi,с.,VTR,tk_loan_management_bg.state_bg_VTR,VTR04,Велико Търново,BG321,5041,42.942427,25.652615
bg_settlement_06940,06940,Буковец,Bukovets,с.,VTR,tk_loan_management_bg.state_bg_VTR,VTR04,Велико Търново,BG321,5063,43.046817,25.486924
bg_settlement_11065,11065,Виларе,Vilare,с.,VTR,tk_loan_management_bg.state_bg_VTR,VTR04,Велико Търново,BG321,5035,42.819261,25.607994
bg_settlement_11898,11898,Войнежа,Voynezha,с.,VTR,tk_loan_management_bg.state_bg_VTR,VTR04,Велико Търново,BG321,5045,42.882159,25.674903
bg_settlement_12098,12098,Вонеща вода,Voneshta Voda,с.,VTR,tk_loan_management_bg.state_bg_VTR,VTR04,Велико Търново,BG321,5035,42.87821,25.644813
bg_settlement_12396,12396,Въглевци,Vaglevtsi,с.,VTR,tk_loan_management_bg.state_bg_VTR,VTR04,Велико Търново,BG321,5041,42.909816,25.649418
bg_settlement_12913,12913,Върлинка,Varlinka,с.,VTR,tk_loan_management_bg.state_bg_VTR,VTR04,Велико Търново,BG321,5050,42.963496,25.636193
bg_settlement_14235,14235,Габровци,Gabrovtsi,с.,VTR,tk_loan_management_bg.state_bg_VTR,VTR04,Велико Търново,BG321,5051,42.946174,25.596776
bg_settlement_14578,14578,Гащевци,Gashtevtsi,с.,VTR,tk_loan_management_bg.state_bg_VTR,VTR04,Велико Търново,BG321,5041,42.914367,25.669967
bg_settlement_15401,15401,Големаните,Golemanite,с.,VTR,tk_loan_management_bg.state_bg_VTR,VTR04,Велико Търново,BG321,5054,42.964254,25.645057
bg_settlement_16047,16047,Горен Еневец,Goren Enevets,с.,VTR,tk_loan_management_bg.state_bg_VTR,VTR04,Велико Търново,BG321,5050,42.920299,25.567977
bg_settlement_51799,51799,Нова Върбовка,Nova Varbovka,с.,VTR,tk_loan_management_bg.state_bg_VTR,VTR31,Стражица,BG321,5169,43.339037,25.923907
bg_settlement_52060,52060,Ново градище,Novo gradishte,с.,VTR,tk_loan_management_bg.state_bg_VTR,VTR31,Стражица,BG321,5175,43.21154,26.058782
bg_settlement_29091,29091,Железарци,Zhelezartsi,с.,VTR,tk_loan_management_bg.state_bg_VTR,VTR31,Стражица,BG321,5164,43.144171,26.068824
bg_settlement_35078,35078,Кавлак,Kavlak,с.,VTR,tk_loan_management_bg.state_bg_VTR,VTR31,Стражица,BG321,5163,43.1726,26.066852
bg_settlement_11750,11750,Водно,Vodno,с.,VTR,tk_loan_management_bg.state_bg_VTR,VTR31,Стражица,BG321,5166,43.108629,26.042809
bg_settlement_37561,37561,Коевци,Koevtsi,с.,VTR,tk_loan_management_bg.state_bg_VTR,VTR32,Сухиндол,BG321,5241,43.156352,25.113308
bg_settlement_73448,73448,Тумбевци,Tumbevtsi,с.,VTR,tk_loan_management_bg.state_bg_VTR,VTR13,Елена,BG321,5083,42.909323,26.003425
bg_settlement_73634,73634,Търкашени,Tarkasheni,с.,VTR,tk_loan_management_bg.state_bg_VTR,VTR13,Елена,BG321,5070,42.959144,25.864164
bg_settlement_75040,75040,Угорялковци,Ugoryalkovtsi,с.,VTR,tk_loan_management_bg.state_bg_VTR,VTR13,Елена,BG321,5082,42.887269,25.92766
bg_settlement_77445,77445,Христовци,Hristovtsi,с.,VTR,tk_loan_management_bg.state_bg_VTR,VTR13,Елена,BG321,5070,42.904774,25.921268
bg_settlement_77534,77534,Хъневци,Hanevtsi,с.,VTR,tk_loan_management_bg.state_bg_VTR,VTR13,Елена,BG321,5082,42.883329,25.920847
bg_settlement_80100,80100,Чакали,Chakali,с.,VTR,tk_loan_management_bg.state_bg_VTR,VTR13,Елена,BG321,5099,42.915678,25.982656
bg_settlement_51771,51771,Ничовци,Nichovtsi,с.,VTR,tk_loan_management_bg.state_bg_VTR,VTR13,Елена,BG321,5097,42.899759,25.905986
bg_settlement_52386,52386,Нюшковци,Nyushkovtsi,с.,VTR,tk_loan_management_bg.state_bg_VTR,VTR13,Елена,BG321,5097,42.898084,25.899114
bg_settlement_55261,55261,Палици,Palitsi,с.,VTR,tk_loan_management_bg.state_bg_VTR,VTR13,Елена,BG321,5083,42.919884,26.002183
bg_settlement_56011,56011,Петковци,Petkovtsi,с.,VTR,tk_loan_management_bg.state_bg_VTR,VTR13,Елена,BG321,5084,42.944941,25.9877
bg_settlement_57741,57741,Попска,Popska,с.,VTR,tk_loan_management_bg.state_bg_VTR,VTR13,Елена,BG321,5084,42.961889,25.997751
bg_settlement_62325,62325,Раювци,Rayuvtsi,с.,VTR,tk_loan_management_bg.state_bg_VTR,VTR13,Елена,BG321,5093,42.929938,25.750417
bg_settlement_62360,62360,Ребревци,Rebrevtsi,с.,VTR,tk_loan_management_bg.state_bg_VTR,VTR13,Елена,BG321,5087,42.90516,25.768392
bg_settlement_63495,63495,Руховци,Ruhovtsi,с.,VTR,tk_loan_management_bg.state_bg_VTR,VTR13,Елена,BG321,5079,42.912791,25.938631
bg_settlement_36052,36052,Кантари,Kantari,с.,VTR,tk_loan_management_bg.state_bg_VTR,VTR13,Елена,BG321,5094,42.866182,25.805459
bg_settlement_36378,36378,Карандили,Karandili,с.,VTR,tk_loan_management_bg.state_bg_VTR,VTR13,Елена,BG321,5094,42.879043,25.823978
bg_settlement_37842,37842,Козя река,Kozya reka,с.,VTR,tk_loan_management_bg.state_bg_VTR,VTR13,Елена,BG321,5080,42.955674,26.048107
bg_settlement_37976,37976,Колари,Kolari,с.,VTR,tk_loan_management_bg.state_bg_VTR,VTR13,Елена,BG321,5084,42.882827,25.982159
bg_settlement_38337,38337,Константин,Konstantin,с.,VTR,tk_loan_management_bg.state_bg_VTR,VTR13,Елена,BG321,5080,42.947189,26.066117
bg_settlement_38861,38861,Костел,Kostel,с.,VTR,tk_loan_management_bg.state_bg_VTR,VTR13,Елена,BG321,5099,42.888092,25.995167
bg_settlement_40035,40035,Крумчевци,Krumchevtsi,с.,VTR,tk_loan_management_bg.state_bg_VTR,VTR13,Елена,BG321,5080,42.927483,26.113456
bg_settlement_43061,43061,Лазарци,Lazartsi,с.,VTR,tk_loan_management_bg.state_bg_VTR,VTR13,Елена,BG321,5097,42.885783,25.90983
bg_settlement_46125,46125,Майско,Maysko,с.,VTR,tk_loan_management_bg.state_bg_VTR,VTR13,Елена,BG321,5085,42.928364,26.148471
bg_settlement_47158,47158,Марафелци,Marafeltsi,с.,VTR,tk_loan_management_bg.state_bg_VTR,VTR13,Елена,BG321,5070,42.943678,25.845357
bg_settlement_47487,47487,Махалници,Mahalnitsi,с.,VTR,tk_loan_management_bg.state_bg_VTR,VTR13,Елена,BG321,5081,42.928193,25.819381
bg_settlement_48283,48283,Миневци,Minevtsi,с.,VTR,tk_loan_management_bg.state_bg_VTR,VTR13,Елена,BG321,5083,42.925314,26.015601
bg_settlement_48430,48430,Мирчовци,Mirchovtsi,с.,VTR,tk_loan_management_bg.state_bg_VTR,VTR13,Елена,BG321,5094,42.885084,25.818308
bg_settlement_18335,18335,Гърдевци,Gardevtsi,с.,VTR,tk_loan_management_bg.state_bg_VTR,VTR13,Елена,BG321,5087,42.916833,25.780066
bg_settlement_20027,20027,Давери,Daveri,с.,VTR,tk_loan_management_bg.state_bg_VTR,VTR13,Елена,BG321,5083,42.937395,25.995342
bg_settlement_20081,20081,Дайновци,Daynovtsi,с.,VTR,tk_loan_management_bg.state_bg_VTR,VTR13,Елена,BG321,5084,42.994009,25.983053
bg_settlement_22976,22976,Донковци,Donkovtsi,с.,VTR,tk_loan_management_bg.state_bg_VTR,VTR13,Елена,BG321,5081,42.920154,25.804213
bg_settlement_23131,23131,Драгановци,Draganovtsi,с.,VTR,tk_loan_management_bg.state_bg_VTR,VTR13,Елена,BG321,5094,42.876693,25.785256
bg_settlement_24654,24654,Дърлевци,Darlevtsi,с.,VTR,tk_loan_management_bg.state_bg_VTR,VTR13,Елена,BG321,5070,42.967984,25.883223
bg_settlement_32055,32055,Иванивановци,Ivanivanovtsi,с.,VTR,tk_loan_management_bg.state_bg_VTR,VTR13,Елена,BG321,5084,42.960581,25.945193
bg_settlement_32593,32593,Илаков рът,Ilakov rat,с.,VTR,tk_loan_management_bg.state_bg_VTR,VTR13,Елена,BG321,5082,42.893584,25.936283
bg_settlement_32682,32682,Илиювци,Iliyuvtsi,с.,VTR,tk_loan_management_bg.state_bg_VTR,VTR13,Елена,BG321,5093,42.910823,25.726916
bg_settlement_35729,35729,Каменари,Kamenari,с.,VTR,tk_loan_management_bg.state_bg_VTR,VTR13,Елена,BG321,5083,42.906886,26.056596
bg_settlement_06344,06344,Брезово,Brezovo,с.,VTR,tk_loan_management_bg.state_bg_VTR,VTR13,Елена,BG321,5083,42.92789,26.012918
bg_settlement_06662,06662,Бръчковци,Brachkovtsi,с.,VTR,tk_loan_management_bg.state_bg_VTR,VTR13,Елена,BG321,5081,42.929224,25.807736
bg_settlement_07805,07805,Бялковци,Byalkovtsi,с.,VTR,tk_loan_management_bg.state_bg_VTR,VTR13,Елена,BG321,5084,42.945678,26.006229
bg_settlement_10063,10063,Валето,Valeto,с.,VTR,tk_loan_management_bg.state_bg_VTR,VTR13,Елена,BG321,5099,42.875101,25.988111
bg_settlement_10522,10522,Велковци,Velkovtsi,с.,VTR,tk_loan_management_bg.state_bg_VTR,VTR13,Елена,BG321,5097,42.892937,25.907288
bg_settlement_10745,10745,Веселина,Veselina,с.,VTR,tk_loan_management_bg.state_bg_VTR,VTR13,Елена,BG321,5094,42.862147,25.857273
bg_settlement_12615,12615,Вълчовци,Valchovtsi,с.,VTR,tk_loan_management_bg.state_bg_VTR,VTR13,Елена,BG321,5081,42.942761,25.822986
bg_settlement_12629,12629,Вълчовци,Valchovtsi,с.,VTR,tk_loan_management_bg.state_bg_VTR,VTR13,Елена,BG321,5081,42.942761,25.822986
bg_settlement_12855,12855,Вързилковци,Varzilkovtsi,с.,VTR,tk_loan_management_bg.state_bg_VTR,VTR13,Елена,BG321,5081,42.927206,25.808987
bg_settlement_14430,14430,Ганев дол,Ganev dol,с.,VTR,tk_loan_management_bg.state_bg_VTR,VTR13,Елена,BG321,5084,42.949606,25.966747
bg_settlement_15391,15391,Големани,Golemani,с.,VTR,tk_loan_management_bg.state_bg_VTR,VTR13,Елена,BG321,5070,42.956823,25.835172
bg_settlement_17083,17083,Горска,Gorska,с.,VTR,tk_loan_management_bg.state_bg_VTR,VTR13,Елена,BG321,5083,42.897054,26.007999
bg_settlement_17703,17703,Граматици,Gramatitsi,с.,VTR,tk_loan_management_bg.state_bg_VTR,VTR13,Елена,BG321,5099,42.896463,25.989167
bg_settlement_02110,02110,Багалевци,Bagalevtsi,с.,VTR,tk_loan_management_bg.state_bg_VTR,VTR13,Елена,BG321,5094,42.892813,25.812937
bg_settlement_02191,02191,Баевци,Baevtsi,с.,VTR,tk_loan_management_bg.state_bg_VTR,VTR13,Елена,BG321,5087,42.923356,25.786967
bg_settlement_02498,02498,Балуци,Balutsi,с.,VTR,tk_loan_management_bg.state_bg_VTR,VTR13,Елена,BG321,5081,42.950715,25.823885
bg_settlement_03054,03054,Беброво,Bebrovo,с.,VTR,tk_loan_management_bg.state_bg_VTR,VTR13,Елена,BG321,5084,42.953235,26.009049
bg_settlement_04460,04460,Блъсковци,Blaskovtsi,с.,VTR,tk_loan_management_bg.state_bg_VTR,VTR13,Елена,BG321,5078,42.955681,25.853349
bg_settlement_04652,04652,Богданско,Bogdansko,с.,VTR,tk_loan_management_bg.state_bg_VTR,VTR13,Елена,BG321,5084,42.958371,26.030974
bg_settlement_80889,80889,Черневци,Chernevtsi,с.,GAB,tk_loan_management_bg.state_bg_GAB,GAB05,Габрово,BG322,5349,42.88824,25.411228
bg_settlement_81637,81637,Тодорчета,Todorcheta,с.,GAB,tk_loan_management_bg.state_bg_GAB,GAB05,Габрово,BG322,5343,42.924569,25.394211
bg_settlement_81904,81904,Чарково,Charkovo,с.,GAB,tk_loan_management_bg.state_bg_GAB,GAB05,Габрово,BG322,5309,42.789066,25.362419
bg_settlement_81918,81918,Червена локва,Chervena lokva,с.,GAB,tk_loan_management_bg.state_bg_GAB,GAB05,Габрово,BG322,5311,42.799648,25.346284
bg_settlement_83034,83034,Шарани,Sharani,с.,GAB,tk_loan_management_bg.state_bg_GAB,GAB05,Габрово,BG322,5300,42.925226,25.32616
bg_settlement_87432,87432,Янковци,Yankovtsi,с.,GAB,tk_loan_management_bg.state_bg_GAB,GAB05,Габрово,BG322,5345,42.906285,25.239286
bg_settlement_66161,66161,Семерджиите,Semerdzhiite,с.,GAB,tk_loan_management_bg.state_bg_GAB,GAB05,Габрово,BG322,5340,42.894098,25.391353
bg_settlement_67533,67533,Смиловци,Smilovtsi,с.,GAB,tk_loan_management_bg.state_bg_GAB,GAB05,Габрово,BG322,5333,42.904867,25.182672
bg_settlement_68165,68165,Спанци,Spantsi,с.,GAB,tk_loan_management_bg.state_bg_GAB,GAB05,Габрово,BG322,5344,42.952346,25.296608
bg_settlement_68919,68919,Старилковци,Starilkovtsi,с.,GAB,tk_loan_management_bg.state_bg_GAB,GAB05,Габрово,BG322,5343,42.94094,25.337189
bg_settlement_69287,69287,Стоевци,Stoevtsi,с.,GAB,tk_loan_management_bg.state_bg_GAB,GAB05,Габрово,BG322,5347,42.893442,25.206752
bg_settlement_69403,69403,Стойчовци,Stoychovtsi,с.,GAB,tk_loan_management_bg.state_bg_GAB,GAB05,Габрово,BG322,5343,42.939489,25.412848
bg_settlement_70442,70442,Съботковци,Sabotkovtsi,с.,GAB,tk_loan_management_bg.state_bg_GAB,GAB05,Габрово,BG322,5340,42.902884,25.409863
bg_settlement_70768,70768,Стойковци,Stoykovtsi,с.,GAB,tk_loan_management_bg.state_bg_GAB,GAB05,Габрово,BG322,5301,42.862198,25.353376
bg_settlement_75099,75099,Узуните,Uzunite,с.,GAB,tk_loan_management_bg.state_bg_GAB,GAB05,Габрово,BG322,5343,42.946215,25.344451
bg_settlement_77164,77164,Харачерите,Haracherite,с.,GAB,tk_loan_management_bg.state_bg_GAB,GAB05,Габрово,BG322,5340,42.91593,25.406048
bg_settlement_80056,80056,Чавеи,Chavei,с.,GAB,tk_loan_management_bg.state_bg_GAB,GAB05,Габрово,BG322,5345,42.911251,25.255293
bg_settlement_49237,49237,Мрахори,Mrahori,с.,GAB,tk_loan_management_bg.state_bg_GAB,GAB05,Габрово,BG322,5345,42.914223,25.271143
bg_settlement_49299,49299,Музга,Muzga,с.,GAB,tk_loan_management_bg.state_bg_GAB,GAB05,Габрово,BG322,5333,42.897522,25.145244
bg_settlement_49655,49655,Малуша,Malusha,с.,GAB,tk_loan_management_bg.state_bg_GAB,GAB05,Габрово,BG322,5304,42.810264,25.291223
bg_settlement_51715,51715,Николчовци,Nikolchovtsi,с.,GAB,tk_loan_management_bg.state_bg_GAB,GAB05,Габрово,BG322,5345,42.883367,25.232165
bg_settlement_51843,51843,Новаковци,Novakovtsi,с.,GAB,tk_loan_management_bg.state_bg_GAB,GAB05,Габрово,BG322,5332,42.919341,25.197766
bg_settlement_55498,55498,Парчовци,Parchovtsi,с.,GAB,tk_loan_management_bg.state_bg_GAB,GAB05,Габрово,BG322,5344,42.947934,25.297852
bg_settlement_55717,55717,Пейовци,Peyovtsi,с.,GAB,tk_loan_management_bg.state_bg_GAB,GAB05,Габрово,BG322,5345,42.88334,25.236667
bg_settlement_55796,55796,Пенковци,Penkovtsi,с.,GAB,tk_loan_management_bg.state_bg_GAB,GAB05,Габрово,BG322,5333,42.90594,25.125502
bg_settlement_56191,56191,Петровци,Petrovtsi,с.,GAB,tk_loan_management_bg.state_bg_GAB,GAB05,Габрово,BG322,5347,42.923617,25.235421
bg_settlement_56229,56229,Пецовци,Petsovtsi,с.,GAB,tk_loan_management_bg.state_bg_GAB,GAB05,Габрово,BG322,5345,42.914311,25.26535
bg_settlement_57532,57532,Попари,Popari,с.,GAB,tk_loan_management_bg.state_bg_GAB,GAB05,Габрово,BG322,5343,42.920274,25.340278
bg_settlement_57675,57675,Поповци,Popovtsi,с.,GAB,tk_loan_management_bg.state_bg_GAB,GAB05,Габрово,BG322,5345,42.900394,25.275018
bg_settlement_58102,58102,Прахали,Prahali,с.,GAB,tk_loan_management_bg.state_bg_GAB,GAB05,Габрово,BG322,5345,42.911726,25.278052
bg_settlement_59300,59300,Продановци,Prodanovtsi,с.,GAB,tk_loan_management_bg.state_bg_GAB,GAB05,Габрово,BG322,5307,42.877869,25.285263
bg_settlement_59327,59327,Поток,Potok,с.,GAB,tk_loan_management_bg.state_bg_GAB,GAB05,Габрово,BG322,5309,42.769857,25.365281
bg_settlement_61902,61902,Райновци,Raynovtsi,с.,GAB,tk_loan_management_bg.state_bg_GAB,GAB05,Габрово,BG322,5347,42.902803,25.199718
bg_settlement_62245,62245,Раховци,Rahovtsi,с.,GAB,tk_loan_management_bg.state_bg_GAB,GAB05,Габрово,BG322,5343,42.92722,25.386783
bg_settlement_62253,62253,Рачевци,Rachevtsi,с.,GAB,tk_loan_management_bg.state_bg_GAB,GAB05,Габрово,BG322,5345,42.884404,25.266162
bg_settlement_62400,62400,Редешковци,Redeshkovtsi,с.,GAB,tk_loan_management_bg.state_bg_GAB,GAB05,Габрово,BG322,5340,42.893461,25.405456
bg_settlement_63690,63690,Рязковци,Ryazkovtsi,с.,GAB,tk_loan_management_bg.state_bg_GAB,GAB05,Габрово,BG322,5345,42.912386,25.302842
bg_settlement_35986,35986,Камещица,Kameshtitsa,с.,GAB,tk_loan_management_bg.state_bg_GAB,GAB05,Габрово,BG322,5333,42.907633,25.134642
bg_settlement_36823,36823,Киевци,Kievtsi,с.,GAB,tk_loan_management_bg.state_bg_GAB,GAB05,Габрово,BG322,5345,42.899543,25.28835
bg_settlement_37352,37352,Кметовци,Kmetovtsi,с.,GAB,tk_loan_management_bg.state_bg_GAB,GAB05,Габрово,BG322,5340,42.899761,25.392648
bg_settlement_38577,38577,Копчелиите,Kopcheliite,с.,GAB,tk_loan_management_bg.state_bg_GAB,GAB05,Габрово,BG322,5342,42.904203,25.370776
bg_settlement_43339,43339,Лесичарка,Lesicharka,с.,GAB,tk_loan_management_bg.state_bg_GAB,GAB05,Габрово,BG322,5343,42.943798,25.400237
bg_settlement_44015,44015,Лоза,Loza,с.,GAB,tk_loan_management_bg.state_bg_GAB,GAB05,Габрово,BG322,5345,42.924716,25.240799
bg_settlement_48235,48235,Милковци,Milkovtsi,с.,GAB,tk_loan_management_bg.state_bg_GAB,GAB05,Габрово,BG322,5345,42.912509,25.243016
bg_settlement_48516,48516,Михайловци,Mihaylovtsi,с.,GAB,tk_loan_management_bg.state_bg_GAB,GAB05,Габрово,BG322,5347,42.895898,25.183524
bg_settlement_48605,48605,Мичковци,Michkovtsi,с.,GAB,tk_loan_management_bg.state_bg_GAB,GAB05,Габрово,BG322,5343,42.934351,25.344125
bg_settlement_49062,49062,Моровеците,Morovetsite,с.,GAB,tk_loan_management_bg.state_bg_GAB,GAB05,Габрово,BG322,5304,42.833416,25.245893
bg_settlement_20225,20225,Дебел дял,Debel dyal,с.,GAB,tk_loan_management_bg.state_bg_GAB,GAB05,Габрово,BG322,5307,42.876919,25.179861
bg_settlement_20852,20852,Джумриите,Dzhumriite,с.,GAB,tk_loan_management_bg.state_bg_GAB,GAB05,Габрово,BG322,5343,42.923023,25.33843
bg_settlement_20969,20969,Дивеци,Divetsi,с.,GAB,tk_loan_management_bg.state_bg_GAB,GAB05,Габрово,BG322,5345,42.908566,25.275602
bg_settlement_23159,23159,Драгановци,Draganovtsi,с.,GAB,tk_loan_management_bg.state_bg_GAB,GAB05,Габрово,BG322,5332,42.935707,25.184328
bg_settlement_23203,23203,Драгиевци,Dragievtsi,с.,GAB,tk_loan_management_bg.state_bg_GAB,GAB05,Габрово,BG322,5332,42.926405,25.173251
bg_settlement_23412,23412,Драгомани,Dragomani,с.,GAB,tk_loan_management_bg.state_bg_GAB,GAB05,Габрово,BG322,5343,42.938677,25.393394
bg_settlement_24854,24854,Думници,Dumnitsi,с.,GAB,tk_loan_management_bg.state_bg_GAB,GAB05,Габрово,BG322,5345,42.906662,25.292801
bg_settlement_27677,27677,Езерото,Ezeroto,с.,GAB,tk_loan_management_bg.state_bg_GAB,GAB05,Габрово,BG322,5309,42.764275,25.361829
bg_settlement_30973,30973,Златевци,Zlatevtsi,с.,GAB,tk_loan_management_bg.state_bg_GAB,GAB05,Габрово,BG322,5345,42.920627,25.247349
bg_settlement_32069,32069,Иванили,Ivanili,с.,GAB,tk_loan_management_bg.state_bg_GAB,GAB05,Габрово,BG322,5300,42.948985,25.301691
bg_settlement_32072,32072,Иванковци,Ivankovtsi,с.,GAB,tk_loan_management_bg.state_bg_GAB,GAB05,Габрово,BG322,5340,42.896674,25.373653
bg_settlement_05668,05668,Борското,Borskoto,с.,GAB,tk_loan_management_bg.state_bg_GAB,GAB05,Габрово,BG322,5333,42.897072,25.168689
bg_settlement_06642,06642,Брънеците,Branetsite,с.,GAB,tk_loan_management_bg.state_bg_GAB,GAB05,Габрово,BG322,5342,42.902105,25.359729
bg_settlement_07908,07908,Бойчета,Boycheta,с.,GAB,tk_loan_management_bg.state_bg_GAB,GAB05,Габрово,BG322,5309,42.792538,25.359943
bg_settlement_11586,11586,Влаховци,Vlahovtsi,с.,GAB,tk_loan_management_bg.state_bg_GAB,GAB05,Габрово,BG322,5349,42.883111,25.400843
bg_settlement_12168,12168,Враниловци,Vranilovtsi,с.,GAB,tk_loan_management_bg.state_bg_GAB,GAB05,Габрово,BG322,5347,42.913306,25.219531
bg_settlement_12454,12454,Вълков дол,Valkov dol,с.,GAB,tk_loan_management_bg.state_bg_GAB,GAB05,Габрово,BG322,5349,42.893817,25.401857
bg_settlement_14218,14218,Габрово,Gabrovo,гр.,GAB,tk_loan_management_bg.state_bg_GAB,GAB05,Габрово,BG322,5300,42.877197,25.317291
bg_settlement_14324,14324,Гайкини,Gaykini,с.,GAB,tk_loan_management_bg.state_bg_GAB,GAB05,Габрово,BG322,5300,42.939547,25.302891
bg_settlement_14355,14355,Гайтаните,Gaytanite,с.,GAB,tk_loan_management_bg.state_bg_GAB,GAB05,Габрово,BG322,5345,42.910685,25.286251
bg_settlement_14533,14533,Гарван,Garvan,с.,GAB,tk_loan_management_bg.state_bg_GAB,GAB05,Габрово,BG322,5345,42.890321,25.24312
bg_settlement_14756,14756,Генчовци,Genchovtsi,с.,GAB,tk_loan_management_bg.state_bg_GAB,GAB05,Габрово,BG322,5301,42.827614,25.390934
bg_settlement_14814,14814,Гергини,Gergini,с.,GAB,tk_loan_management_bg.state_bg_GAB,GAB05,Габрово,BG322,5345,42.884978,25.246379
bg_settlement_15059,15059,Гледаци,Gledatsi,с.,GAB,tk_loan_management_bg.state_bg_GAB,GAB05,Габрово,BG322,5345,42.909942,25.268578
bg_settlement_17991,17991,Гръблевци,Grablevtsi,с.,GAB,tk_loan_management_bg.state_bg_GAB,GAB05,Габрово,BG322,5300,42.93566,25.314153
bg_settlement_00638,00638,Армените,Armenite,с.,GAB,tk_loan_management_bg.state_bg_GAB,GAB05,Габрово,BG322,5347,42.929415,25.225041
bg_settlement_02207,02207,Баевци,Baevtsi,с.,GAB,tk_loan_management_bg.state_bg_GAB,GAB05,Габрово,BG322,5304,42.811881,25.283756
bg_settlement_02419,02419,Балиновци,Balinovtsi,с.,GAB,tk_loan_management_bg.state_bg_GAB,GAB05,Габрово,BG322,5342,42.921654,25.380218
bg_settlement_03650,03650,Беломъжите,Belomazhite,с.,GAB,tk_loan_management_bg.state_bg_GAB,GAB05,Габрово,BG322,5340,42.9247,25.407025
bg_settlement_04488,04488,Бобевци,Bobevtsi,с.,GAB,tk_loan_management_bg.state_bg_GAB,GAB05,Габрово,BG322,5300,42.941839,25.300364
bg_settlement_05267,05267,Болтата,Boltata,с.,GAB,tk_loan_management_bg.state_bg_GAB,GAB05,Габрово,BG322,5340,42.900222,25.397592
bg_settlement_66768,66768,Скалско,Skalsko,с.,GAB,tk_loan_management_bg.state_bg_GAB,GAB12,Дряново,BG322,5386,42.974107,25.376667
bg_settlement_66977,66977,Славейково,Slaveykovo,с.,GAB,tk_loan_management_bg.state_bg_GAB,GAB12,Дряново,BG322,5391,42.994891,25.359589
bg_settlement_70696,70696,Сяровци,Syarovtsi,с.,GAB,tk_loan_management_bg.state_bg_GAB,GAB12,Дряново,BG322,5380,42.935283,25.467407
bg_settlement_73465,73465,Туркинча,Turkincha,с.,GAB,tk_loan_management_bg.state_bg_GAB,GAB12,Дряново,BG322,5388,43.017916,25.484795
bg_settlement_49463,49463,Муця,Mutsya,с.,GAB,tk_loan_management_bg.state_bg_GAB,GAB12,Дряново,BG322,5370,42.959221,25.501577
bg_settlement_51439,51439,Нейчовци,Neychovtsi,с.,GAB,tk_loan_management_bg.state_bg_GAB,GAB12,Дряново,BG322,5380,42.948834,25.448079
bg_settlement_55703,55703,Пейна,Peyna,с.,GAB,tk_loan_management_bg.state_bg_GAB,GAB12,Дряново,BG322,5370,43.002797,25.428441
bg_settlement_56705,56705,Плачка,Plachka,с.,GAB,tk_loan_management_bg.state_bg_GAB,GAB12,Дряново,BG322,5370,43.014935,25.431646
bg_settlement_62726,62726,Ритя,Ritya,с.,GAB,tk_loan_management_bg.state_bg_GAB,GAB12,Дряново,BG322,5370,42.990736,25.421091
bg_settlement_63330,63330,Руня,Runya,с.,GAB,tk_loan_management_bg.state_bg_GAB,GAB12,Дряново,BG322,5397,42.979906,25.542422
bg_settlement_36261,36261,Караиванца,Karaivantsa,с.,GAB,tk_loan_management_bg.state_bg_GAB,GAB12,Дряново,BG322,5386,42.983702,25.405333
bg_settlement_36751,36751,Керека,Kereka,с.,GAB,tk_loan_management_bg.state_bg_GAB,GAB12,Дряново,BG322,5388,43.033086,25.467964
bg_settlement_40316,40316,Крънча,Krancha,с.,GAB,tk_loan_management_bg.state_bg_GAB,GAB12,Дряново,BG322,5370,43.001334,25.481946
bg_settlement_40960,40960,Къртипъня,Kartipanya,с.,GAB,tk_loan_management_bg.state_bg_GAB,GAB12,Дряново,BG322,5380,42.927484,25.467019
bg_settlement_47127,47127,Маноя,Manoya,с.,GAB,tk_loan_management_bg.state_bg_GAB,GAB12,Дряново,BG322,5392,43.011306,25.565688
bg_settlement_18397,18397,Гърня,Garnya,с.,GAB,tk_loan_management_bg.state_bg_GAB,GAB12,Дряново,BG322,5370,42.973424,25.500869
bg_settlement_20660,20660,Денчевци,Denchevtsi,с.,GAB,tk_loan_management_bg.state_bg_GAB,GAB12,Дряново,BG322,5377,43.00426,25.441203
bg_settlement_21261,21261,Длъгня,Dlagnya,с.,GAB,tk_loan_management_bg.state_bg_GAB,GAB12,Дряново,BG322,5392,43.014633,25.508538
bg_settlement_21395,21395,Добрените,Dobrenite,с.,GAB,tk_loan_management_bg.state_bg_GAB,GAB12,Дряново,BG322,5380,42.94144,25.456492
bg_settlement_22352,22352,Долни Върпища,Dolni Varpishta,с.,GAB,tk_loan_management_bg.state_bg_GAB,GAB12,Дряново,BG322,5380,42.935649,25.428803
bg_settlement_22397,22397,Долни Драгойча,Dolni Dragoycha,с.,GAB,tk_loan_management_bg.state_bg_GAB,GAB12,Дряново,BG322,5380,42.950348,25.476113
bg_settlement_23042,23042,Доча,Docha,с.,GAB,tk_loan_management_bg.state_bg_GAB,GAB12,Дряново,BG322,5380,42.942333,25.452507
bg_settlement_24133,24133,Дурча,Durcha,с.,GAB,tk_loan_management_bg.state_bg_GAB,GAB12,Дряново,BG322,5380,42.919855,25.492774
bg_settlement_27276,27276,Еленците,Elentsite,с.,GAB,tk_loan_management_bg.state_bg_GAB,GAB12,Дряново,BG322,5388,43.032434,25.445815
bg_settlement_32812,32812,Искра,Iskra,с.,GAB,tk_loan_management_bg.state_bg_GAB,GAB12,Дряново,BG322,5380,42.939485,25.472173
bg_settlement_35465,35465,Каломен,Kalomen,с.,GAB,tk_loan_management_bg.state_bg_GAB,GAB12,Дряново,BG322,5388,43.032469,25.427759
bg_settlement_12677,12677,Царева ливада,Tsareva livada,с.,GAB,tk_loan_management_bg.state_bg_GAB,GAB12,Дряново,BG322,5380,42.936467,25.455002
bg_settlement_14762,14762,Геня,Genya,с.,GAB,tk_loan_management_bg.state_bg_GAB,GAB12,Дряново,BG322,5397,43.005789,25.494706
bg_settlement_14859,14859,Геша,Gesha,с.,GAB,tk_loan_management_bg.state_bg_GAB,GAB12,Дряново,BG322,5370,42.981049,25.435533
bg_settlement_15357,15357,Гоздейка,Gozdeyka,с.,GAB,tk_loan_management_bg.state_bg_GAB,GAB12,Дряново,BG322,5392,43.022271,25.499984
bg_settlement_16523,16523,Горни Драгойча,Gorni Dragoycha,с.,GAB,tk_loan_management_bg.state_bg_GAB,GAB12,Дряново,BG322,5380,42.922322,25.484176
bg_settlement_17350,17350,Гостилица,Gostilitsa,с.,GAB,tk_loan_management_bg.state_bg_GAB,GAB12,Дряново,BG322,5390,43.023921,25.367876
bg_settlement_02333,02333,Балалея,Balaleya,с.,GAB,tk_loan_management_bg.state_bg_GAB,GAB12,Дряново,BG322,5370,42.990857,25.430946
bg_settlement_02378,02378,Балванците,Balvantsite,с.,GAB,tk_loan_management_bg.state_bg_GAB,GAB12,Дряново,BG322,5388,43.019098,25.449775
bg_settlement_04068,04068,Билкини,Bilkini,с.,GAB,tk_loan_management_bg.state_bg_GAB,GAB12,Дряново,BG322,5370,42.940578,25.549366
bg_settlement_83497,83497,Шумата,Shumata,с.,GAB,tk_loan_management_bg.state_bg_GAB,GAB29,Севлиево,BG322,5468,42.921345,25.073968
bg_settlement_66216,66216,Сенник,Sennik,с.,GAB,tk_loan_management_bg.state_bg_GAB,GAB29,Севлиево,BG322,5450,42.988922,25.03564
bg_settlement_69417,69417,Стоките,Stokite,с.,GAB,tk_loan_management_bg.state_bg_GAB,GAB29,Севлиево,BG322,5462,42.863329,25.072006
bg_settlement_69451,69451,Столът,Stolat,с.,GAB,tk_loan_management_bg.state_bg_GAB,GAB29,Севлиево,BG322,5452,42.931949,24.980459
bg_settlement_70799,70799,Селище,Selishte,с.,GAB,tk_loan_management_bg.state_bg_GAB,GAB29,Севлиево,BG322,5462,42.854338,25.054169
bg_settlement_73434,73434,Тумбалово,Tumbalovo,с.,GAB,tk_loan_management_bg.state_bg_GAB,GAB29,Севлиево,BG322,5464,42.864448,25.094389
bg_settlement_73763,73763,Търхово,Tarhovo,с.,GAB,tk_loan_management_bg.state_bg_GAB,GAB29,Севлиево,BG322,5423,42.982013,25.242762
bg_settlement_77253,77253,Хирево,Hirevo,с.,GAB,tk_loan_management_bg.state_bg_GAB,GAB29,Севлиево,BG322,5451,42.995786,24.985833
bg_settlement_56037,56037,Петко Славейков,Petko Slaveykov,с.,GAB,tk_loan_management_bg.state_bg_GAB,GAB29,Севлиево,BG322,5434,43.056347,24.971863
bg_settlement_57755,57755,Попска,Popska,с.,GAB,tk_loan_management_bg.state_bg_GAB,GAB29,Севлиево,BG322,5466,42.880541,25.068972
bg_settlement_36347,36347,Карамичевци,Karamichevtsi,с.,GAB,tk_loan_management_bg.state_bg_GAB,GAB29,Севлиево,BG322,5471,42.894742,25.070555
bg_settlement_36600,36600,Кастел,Kastel,с.,GAB,tk_loan_management_bg.state_bg_GAB,GAB29,Севлиево,BG322,5472,42.902849,25.113808
bg_settlement_38621,38621,Корията,Koriyata,с.,GAB,tk_loan_management_bg.state_bg_GAB,GAB29,Севлиево,BG322,5455,42.913691,25.029709
bg_settlement_39431,39431,Крамолин,Kramolin,с.,GAB,tk_loan_management_bg.state_bg_GAB,GAB29,Севлиево,BG322,5429,43.139252,25.078151
bg_settlement_40141,40141,Крушево,Krushevo,с.,GAB,tk_loan_management_bg.state_bg_GAB,GAB29,Севлиево,BG322,5427,43.055343,25.150897
bg_settlement_40659,40659,Купен,Kupen,с.,GAB,tk_loan_management_bg.state_bg_GAB,GAB29,Севлиево,BG322,5463,42.850641,25.117674
bg_settlement_43966,43966,Ловнидол,Lovnidol,с.,GAB,tk_loan_management_bg.state_bg_GAB,GAB29,Севлиево,BG322,5423,42.996895,25.249008
bg_settlement_46509,46509,Малки Вършец,Malki Varshets,с.,GAB,tk_loan_management_bg.state_bg_GAB,GAB29,Севлиево,BG322,5432,43.093463,24.975579
bg_settlement_48670,48670,Младен,Mladen,с.,GAB,tk_loan_management_bg.state_bg_GAB,GAB29,Севлиево,BG322,5428,43.090128,25.189556
bg_settlement_20119,20119,Дамяново,Damyanovo,с.,GAB,tk_loan_management_bg.state_bg_GAB,GAB29,Севлиево,BG322,5437,43.001506,24.931879
bg_settlement_20287,20287,Дебелцово,Debeltsovo,с.,GAB,tk_loan_management_bg.state_bg_GAB,GAB29,Севлиево,BG322,5435,43.099282,25.090694
bg_settlement_21227,21227,Дисманица,Dismanitsa,с.,GAB,tk_loan_management_bg.state_bg_GAB,GAB29,Севлиево,BG322,5441,42.903721,24.941779
bg_settlement_21628,21628,Добромирка,Dobromirka,с.,GAB,tk_loan_management_bg.state_bg_GAB,GAB29,Севлиево,BG322,5430,43.08152,25.259717
bg_settlement_24181,24181,Душевски колиби,Dushevski kolibi,с.,GAB,tk_loan_management_bg.state_bg_GAB,GAB29,Севлиево,BG322,5455,42.909693,25.01132
bg_settlement_27485,27485,Енев рът,Enev rat,с.,GAB,tk_loan_management_bg.state_bg_GAB,GAB29,Севлиево,BG322,5469,42.913897,25.039601
bg_settlement_32336,32336,Идилево,Idilevo,с.,GAB,tk_loan_management_bg.state_bg_GAB,GAB29,Севлиево,BG322,5422,43.0374,25.25268
bg_settlement_17542,17542,Градище,Gradishte,с.,GAB,tk_loan_management_bg.state_bg_GAB,GAB29,Севлиево,BG322,5435,43.095945,25.013714
bg_settlement_17587,17587,Градница,Gradnitsa,с.,GAB,tk_loan_management_bg.state_bg_GAB,GAB29,Севлиево,BG322,5439,42.957661,24.956423
bg_settlement_00103,00103,Агатово,Agatovo,с.,GAB,tk_loan_management_bg.state_bg_GAB,GAB29,Севлиево,BG322,5431,43.137614,25.00203
bg_settlement_68823,68823,Станчов хан,Stanchov han,с.,GAB,tk_loan_management_bg.state_bg_GAB,GAB35,Трявна,BG322,5367,42.814726,25.560676
bg_settlement_73403,73403,Трявна,Tryavna,гр.,GAB,tk_loan_management_bg.state_bg_GAB,GAB35,Трявна,BG322,5350,42.866101,25.491912
bg_settlement_51562,51562,Никачковци,Nikachkovtsi,с.,GAB,tk_loan_management_bg.state_bg_GAB,GAB35,Трявна,BG322,5365,42.873066,25.591458
bg_settlement_61649,61649,Раевци,Raevtsi,с.,GAB,tk_loan_management_bg.state_bg_GAB,GAB35,Трявна,BG322,5363,42.867525,25.600752
bg_settlement_62267,62267,Рачовци,Rachovtsi,с.,GAB,tk_loan_management_bg.state_bg_GAB,GAB35,Трявна,BG322,5350,42.898607,25.467981
bg_settlement_48581,48581,Миховци,Mihovtsi,с.,GAB,tk_loan_management_bg.state_bg_GAB,GAB35,Трявна,BG322,5365,42.876197,25.587396
bg_settlement_21378,21378,Добревци,Dobrevtsi,с.,GAB,tk_loan_management_bg.state_bg_GAB,GAB35,Трявна,BG322,5365,42.891895,25.500383
bg_settlement_23594,23594,Драндарите,Drandarite,с.,GAB,tk_loan_management_bg.state_bg_GAB,GAB35,Трявна,BG322,5363,42.85514,25.605891
bg_settlement_24606,24606,Дървари,Darvari,с.,GAB,tk_loan_management_bg.state_bg_GAB,GAB35,Трявна,BG322,5350,42.854632,25.54718
bg_settlement_32041,32041,Иван Димов,Ivan Dimov,с.,GAB,tk_loan_management_bg.state_bg_GAB,GAB35,Трявна,BG322,5363,42.848963,25.59295
bg_settlement_10519,10519,Велково,Velkovo,с.,GAB,tk_loan_management_bg.state_bg_GAB,GAB35,Трявна,BG322,5365,42.876923,25.592151
bg_settlement_11507,11507,Владовци,Vladovtsi,с.,GAB,tk_loan_management_bg.state_bg_GAB,GAB35,Трявна,BG322,5365,42.919488,25.560054
bg_settlement_11956,11956,Войниците,Voynitsite,с.,GAB,tk_loan_management_bg.state_bg_GAB,GAB35,Трявна,BG322,5350,42.903676,25.472766
bg_settlement_02563,02563,Бангейци,Bangeytsi,с.,GAB,tk_loan_management_bg.state_bg_GAB,GAB35,Трявна,BG322,5351,42.84962,25.451244
bg_settlement_03513,03513,Белица,Belitsa,с.,GAB,tk_loan_management_bg.state_bg_GAB,GAB35,Трявна,BG322,5363,42.852064,25.579359
bg_settlement_30380,30380,Могилино,Mogilino,с.,RSE,tk_loan_management_bg.state_bg_RSE,RSE08,Две могили,BG323,7165,43.444273,25.976991
bg_settlement_54417,54417,Острово,Ostrovo,с.,RAZ,tk_loan_management_bg.state_bg_RAZ,RAZ11,Завет,BG324,7326,43.685322,26.606954
bg_settlement_24150,24150,Духовец,Duhovets,с.,RAZ,tk_loan_management_bg.state_bg_RAZ,RAZ14,Исперих,BG324,7435,43.668665,27.001234
bg_settlement_72337,72337,Тертер,Terter,с.,RAZ,tk_loan_management_bg.state_bg_RAZ,RAZ16,Кубрат,BG324,7322,43.887988,26.557976
bg_settlement_65992,65992,Сейдол,Seydol,с.,RAZ,tk_loan_management_bg.state_bg_RAZ,RAZ17,Лозница,BG324,7282,43.402255,26.51043
bg_settlement_66593,66593,Синя вода,Sinya voda,с.,RAZ,tk_loan_management_bg.state_bg_RAZ,RAZ17,Лозница,BG324,7287,43.405464,26.56882
bg_settlement_47038,47038,Манастирско,Manastirsko,с.,RAZ,tk_loan_management_bg.state_bg_RAZ,RAZ17,Лозница,BG324,7285,43.421676,26.546878
bg_settlement_47041,47041,Манастирци,Manastirtsi,с.,RAZ,tk_loan_management_bg.state_bg_RAZ,RAZ17,Лозница,BG324,7292,43.352452,26.636322
bg_settlement_24092,24092,Бели Лом,Beli Lom,с.,RAZ,tk_loan_management_bg.state_bg_RAZ,RAZ17,Лозница,BG324,7293,43.429486,26.719732
bg_settlement_10759,10759,Веселина,Veselina,с.,RAZ,tk_loan_management_bg.state_bg_RAZ,RAZ17,Лозница,BG324,7289,43.457687,26.68509
bg_settlement_17066,17066,Гороцвет,Gorotsvet,с.,RAZ,tk_loan_management_bg.state_bg_RAZ,RAZ17,Лозница,BG324,7288,43.435288,26.6372
bg_settlement_17498,17498,Градина,Gradina,с.,RAZ,tk_loan_management_bg.state_bg_RAZ,RAZ17,Лозница,BG324,7239,43.44297,26.569588
bg_settlement_80724,80724,Черковна,Cherkovna,с.,RAZ,tk_loan_management_bg.state_bg_RAZ,RAZ26,Разград,BG324,7252,43.605867,26.64793
bg_settlement_87624,87624,Ясеновец,Yasenovets,с.,RAZ,tk_loan_management_bg.state_bg_RAZ,RAZ26,Разград,BG324,7250,43.568789,26.62829
bg_settlement_54420,54420,Островче,Ostrovche,с.,RAZ,tk_loan_management_bg.state_bg_RAZ,RAZ26,Разград,BG324,7238,43.439212,26.503917
bg_settlement_61385,61385,Радинград,Radingrad,с.,RAZ,tk_loan_management_bg.state_bg_RAZ,RAZ26,Разград,BG324,7245,43.526633,26.599199
bg_settlement_37109,37109,Киченица,Kichenitsa,с.,RAZ,tk_loan_management_bg.state_bg_RAZ,RAZ26,Разград,BG324,7243,43.603921,26.507523
bg_settlement_43760,43760,Липник,Lipnik,с.,RAZ,tk_loan_management_bg.state_bg_RAZ,RAZ26,Разград,BG324,7242,43.588833,26.53069
bg_settlement_24829,24829,Дянково,Dyankovo,с.,RAZ,tk_loan_management_bg.state_bg_RAZ,RAZ26,Разград,BG324,7270,43.621566,26.597669
bg_settlement_65276,65276,Самуил,Samuil,с.,RAZ,tk_loan_management_bg.state_bg_RAZ,RAZ29,Самуил,BG324,7454,43.510181,26.73906
bg_settlement_77517,77517,Хума,Huma,с.,RAZ,tk_loan_management_bg.state_bg_RAZ,RAZ29,Самуил,BG324,7457,43.464841,26.733878
bg_settlement_77579,77579,Хърсово,Harsovo,с.,RAZ,tk_loan_management_bg.state_bg_RAZ,RAZ29,Самуил,BG324,7451,43.562282,26.769109
bg_settlement_58877,58877,Пчелина,Pchelina,с.,RAZ,tk_loan_management_bg.state_bg_RAZ,RAZ29,Самуил,BG324,7438,43.610118,26.936978
bg_settlement_39815,39815,Кривица,Krivitsa,с.,RAZ,tk_loan_management_bg.state_bg_RAZ,RAZ29,Самуил,BG324,7456,43.513555,26.787821
bg_settlement_29218,29218,Желязковец,Zhelyazkovets,с.,RAZ,tk_loan_management_bg.state_bg_RAZ,RAZ29,Самуил,BG324,7455,43.512074,26.699088
bg_settlement_11449,11449,Владимировци,Vladimirovtsi,с.,RAZ,tk_loan_management_bg.state_bg_RAZ,RAZ29,Самуил,BG324,7440,43.626155,26.864822
bg_settlement_15761,15761,Голям извор,Golyam izvor,с.,RAZ,tk_loan_management_bg.state_bg_RAZ,RAZ29,Самуил,BG324,7459,43.566944,26.721074
bg_settlement_04666,04666,Богданци,Bogdantsi,с.,RAZ,tk_loan_management_bg.state_bg_RAZ,RAZ29,Самуил,BG324,7449,43.610032,26.81327
bg_settlement_04741,04741,Богомилци,Bogomiltsi,с.,RAZ,tk_loan_management_bg.state_bg_RAZ,RAZ29,Самуил,BG324,7458,43.494882,26.732866
bg_settlement_27156,27156,Езерче,Ezerche,с.,RAZ,tk_loan_management_bg.state_bg_RAZ,RAZ36,Цар Калоян,BG324,7274,43.555878,26.307362
bg_settlement_32490,32490,Изворско,Izvorsko,с.,VAR,tk_loan_management_bg.state_bg_VAR,VAR02,Аксаково,BG331,9154,43.294742,27.769908
bg_settlement_11702,11702,Водица,Voditsa,с.,VAR,tk_loan_management_bg.state_bg_VAR,VAR02,Аксаково,BG331,9141,43.369201,27.734864
bg_settlement_53093,53093,Оборище,Oborishte,с.,VAR,tk_loan_management_bg.state_bg_VAR,VAR09,Вълчи дол,BG331,9147,43.447137,27.661167
bg_settlement_07034,07034,Булаир,Bulair,с.,VAR,tk_loan_management_bg.state_bg_VAR,VAR13,Долни чифлик,BG331,9115,42.896663,27.447536
bg_settlement_51584,51584,Николаевка,Nikolaevka,с.,VAR,tk_loan_management_bg.state_bg_VAR,VAR26,Суворово,BG331,9172,43.354518,27.674578
bg_settlement_58654,58654,Просечен,Prosechen,с.,VAR,tk_loan_management_bg.state_bg_VAR,VAR26,Суворово,BG331,9175,43.294259,27.64114
bg_settlement_43222,43222,Левски,Levski,с.,VAR,tk_loan_management_bg.state_bg_VAR,VAR26,Суворово,BG331,9171,43.315346,27.666417
bg_settlement_23858,23858,Дръндар,Drandar,с.,VAR,tk_loan_management_bg.state_bg_VAR,VAR26,Суворово,BG331,9173,43.361884,27.630836
bg_settlement_32528,32528,Изгрев,Izgrev,с.,VAR,tk_loan_management_bg.state_bg_VAR,VAR26,Суворово,BG331,9176,43.296456,27.696082
bg_settlement_35376,35376,Калиманци,Kalimantsi,с.,VAR,tk_loan_management_bg.state_bg_VAR,VAR26,Суворово,BG331,9177,43.27759,27.72225
bg_settlement_02662,02662,Баново,Banovo,с.,VAR,tk_loan_management_bg.state_bg_VAR,VAR26,Суворово,BG331,9144,43.264544,27.677665
bg_settlement_51826,51826,Новаково,Novakovo,с.,VAR,tk_loan_management_bg.state_bg_VAR,VAR02,Аксаково,BG331,9149,43.355109,27.829
bg_settlement_53691,53691,Орешак,Oreshak,с.,VAR,tk_loan_management_bg.state_bg_VAR,VAR02,Аксаково,BG331,9151,43.301687,27.91298
bg_settlement_39983,39983,Крумово,Krumovo,с.,VAR,tk_loan_management_bg.state_bg_VAR,VAR02,Аксаково,BG331,9149,43.390209,27.784483
bg_settlement_44519,44519,Любен Каравелово,Lyuben Karavelovo,с.,VAR,tk_loan_management_bg.state_bg_VAR,VAR02,Аксаково,BG331,9148,43.343651,27.774069
bg_settlement_31334,31334,Зорница,Zornitsa,с.,VAR,tk_loan_management_bg.state_bg_VAR,VAR02,Аксаково,BG331,9156,43.329732,27.731406
bg_settlement_69300,69300,Стожер,Stozher,с.,DOB,tk_loan_management_bg.state_bg_DOB,DOB15,Добрич-селска,BG332,9350,43.434161,27.823502
bg_settlement_20359,20359,Дебрене,Debrene,с.,DOB,tk_loan_management_bg.state_bg_DOB,DOB15,Добрич-селска,BG332,9353,43.388157,27.86445
bg_settlement_80772,80772,Черна,Cherna,с.,SHU,tk_loan_management_bg.state_bg_SHU,SHU11,Хитрино,BG333,9773,43.463277,26.88318
bg_settlement_67283,67283,Сливак,Slivak,с.,SHU,tk_loan_management_bg.state_bg_SHU,SHU11,Хитрино,BG333,9784,43.446943,26.939785
bg_settlement_68802,68802,Становец,Stanovets,с.,SHU,tk_loan_management_bg.state_bg_SHU,SHU11,Хитрино,BG333,9952,43.496796,27.038926
bg_settlement_70099,70099,Студеница,Studenitsa,с.,SHU,tk_loan_management_bg.state_bg_SHU,SHU11,Хитрино,BG333,9768,43.450437,26.750765
bg_settlement_72285,72285,Тервел,Tervel,с.,SHU,tk_loan_management_bg.state_bg_SHU,SHU11,Хитрино,BG333,9769,43.42748,26.758296
bg_settlement_72401,72401,Тимарево,Timarevo,с.,SHU,tk_loan_management_bg.state_bg_SHU,SHU11,Хитрино,BG333,9785,43.401904,26.890083
bg_settlement_73050,73050,Трем,Trem,с.,SHU,tk_loan_management_bg.state_bg_SHU,SHU11,Хитрино,BG333,9764,43.446824,26.807319
bg_settlement_61697,61697,Развигорово,Razvigorovo,с.,SHU,tk_loan_management_bg.state_bg_SHU,SHU11,Хитрино,BG333,9790,43.396626,26.839672
bg_settlement_21289,21289,Длъжко,Dlazhko,с.,SHU,tk_loan_management_bg.state_bg_SHU,SHU11,Хитрино,BG333,9789,43.385677,26.862105
bg_settlement_21405,21405,Добри Войниково,Dobri Voynikovo,с.,SHU,tk_loan_management_bg.state_bg_SHU,SHU11,Хитрино,BG333,9782,43.439423,26.858823
bg_settlement_27067,27067,Единаковци,Edinakovtsi,с.,SHU,tk_loan_management_bg.state_bg_SHU,SHU11,Хитрино,BG333,9792,43.420314,26.815307
bg_settlement_29341,29341,Живково,Zhivkovo,с.,SHU,tk_loan_management_bg.state_bg_SHU,SHU11,Хитрино,BG333,9794,43.443109,27.020345
bg_settlement_30421,30421,Звегор,Zvegor,с.,SHU,tk_loan_management_bg.state_bg_SHU,SHU11,Хитрино,BG333,9791,43.395862,26.807952
bg_settlement_32250,32250,Иглика,Iglika,с.,SHU,tk_loan_management_bg.state_bg_SHU,SHU11,Хитрино,BG333,9797,43.465355,27.002599
bg_settlement_35417,35417,Калино,Kalino,с.,SHU,tk_loan_management_bg.state_bg_SHU,SHU11,Хитрино,BG333,9795,43.472697,26.980234
bg_settlement_11257,11257,Висока поляна,Visoka polyana,с.,SHU,tk_loan_management_bg.state_bg_SHU,SHU11,Хитрино,BG333,9765,43.468719,26.775031
bg_settlement_12663,12663,Върбак,Varbak,с.,SHU,tk_loan_management_bg.state_bg_SHU,SHU11,Хитрино,BG333,9781,43.388106,26.932597
bg_settlement_14516,14516,Хитрино,Hitrino,с.,SHU,tk_loan_management_bg.state_bg_SHU,SHU11,Хитрино,BG333,9780,43.425701,26.91458
bg_settlement_02244,02244,Байково,Baykovo,с.,SHU,tk_loan_management_bg.state_bg_SHU,SHU11,Хитрино,BG333,9767,43.459615,26.838011
bg_settlement_04430,04430,Близнаци,Bliznatsi,с.,SHU,tk_loan_management_bg.state_bg_SHU,SHU11,Хитрино,BG333,9787,43.472258,26.947558
bg_settlement_66531,66531,Сини вир,Sini vir,с.,SHU,tk_loan_management_bg.state_bg_SHU,SHU18,Каолиново,BG333,9950,43.539071,27.052682
bg_settlement_73554,73554,Тъкач,Takach,с.,SHU,tk_loan_management_bg.state_bg_SHU,SHU18,Каолиново,BG333,9953,43.59132,27.035247
bg_settlement_51158,51158,Наум,Naum,с.,SHU,tk_loan_management_bg.state_bg_SHU,SHU18,Каолиново,BG333,9962,43.608142,27.018268
bg_settlement_37232,37232,Климент,Kliment,с.,SHU,tk_loan_management_bg.state_bg_SHU,SHU18,Каолиново,BG333,9970,43.624894,27.005843
bg_settlement_44865,44865,Лятно,Lyatno,с.,SHU,tk_loan_management_bg.state_bg_SHU,SHU18,Каолиново,BG333,9948,43.549585,27.107558
bg_settlement_18188,18188,Гусла,Gusla,с.,SHU,tk_loan_management_bg.state_bg_SHU,SHU18,Каолиново,BG333,9969,43.666983,27.055617
bg_settlement_21960,21960,Долина,Dolina,с.,SHU,tk_loan_management_bg.state_bg_SHU,SHU18,Каолиново,BG333,9947,43.535798,27.115524
bg_settlement_77582,77582,Хърсово,Harsovo,с.,SHU,tk_loan_management_bg.state_bg_SHU,SHU21,Никола Козлево,BG333,9937,43.519483,27.191034
bg_settlement_63269,63269,Ружица,Ruzhitsa,с.,SHU,tk_loan_management_bg.state_bg_SHU,SHU21,Никола Козлево,BG333,9954,43.552508,27.16489
bg_settlement_39548,39548,Красен дол,Krasen dol,с.,SHU,tk_loan_management_bg.state_bg_SHU,SHU21,Никола Козлево,BG333,9935,43.504311,27.266337
bg_settlement_66353,66353,Сечище,Sechishte,с.,SHU,tk_loan_management_bg.state_bg_SHU,SHU22,Нови пазар,BG333,9923,43.407981,27.267611
bg_settlement_56486,56486,Писарево,Pisarevo,с.,SHU,tk_loan_management_bg.state_bg_SHU,SHU22,Нови пазар,BG333,9927,43.486257,27.308328
bg_settlement_58027,58027,Правенци,Praventsi,с.,SHU,tk_loan_management_bg.state_bg_SHU,SHU22,Нови пазар,BG333,9945,43.431826,27.074898
bg_settlement_58205,58205,Преселка,Preselka,с.,SHU,tk_loan_management_bg.state_bg_SHU,SHU22,Нови пазар,BG333,9922,43.433957,27.282691
bg_settlement_48386,48386,Мировци,Mirovtsi,с.,SHU,tk_loan_management_bg.state_bg_SHU,SHU22,Нови пазар,BG333,9921,43.449679,27.23726
bg_settlement_03126,03126,Беджене,Bedzhene,с.,SHU,tk_loan_management_bg.state_bg_SHU,SHU22,Нови пазар,BG333,9924,43.448242,27.265996
bg_settlement_87610,87610,Ясенково,Yasenkovo,с.,SHU,tk_loan_management_bg.state_bg_SHU,SHU07,Венец,BG333,9777,43.547595,26.836294
bg_settlement_69729,69729,Страхилица,Strahilitsa,с.,SHU,tk_loan_management_bg.state_bg_SHU,SHU07,Венец,BG333,9774,43.474859,26.914596
bg_settlement_54119,54119,Осеновец,Osenovets,с.,SHU,tk_loan_management_bg.state_bg_SHU,SHU07,Венец,BG333,9753,43.571206,26.942541
bg_settlement_36155,36155,Капитан Петко,Kapitan Petko,с.,SHU,tk_loan_management_bg.state_bg_SHU,SHU07,Венец,BG333,9770,43.490607,26.874409
bg_settlement_20643,20643,Денница,Dennitsa,с.,SHU,tk_loan_management_bg.state_bg_SHU,SHU07,Венец,BG333,9772,43.475249,26.863561
bg_settlement_23724,23724,Дренци,Drentsi,с.,SHU,tk_loan_management_bg.state_bg_SHU,SHU07,Венец,BG333,9788,43.496279,26.925399
bg_settlement_32562,32562,Изгрев,Izgrev,с.,SHU,tk_loan_management_bg.state_bg_SHU,SHU07,Венец,BG333,9754,43.592437,26.993992
bg_settlement_05685,05685,Борци,Bortsi,с.,SHU,tk_loan_management_bg.state_bg_SHU,SHU07,Венец,BG333,9752,43.541689,26.887534
bg_settlement_05966,05966,Боян,Boyan,с.,SHU,tk_loan_management_bg.state_bg_SHU,SHU07,Венец,BG333,9771,43.482284,26.840141
bg_settlement_06865,06865,Буйновица,Buynovitsa,с.,SHU,tk_loan_management_bg.state_bg_SHU,SHU07,Венец,BG333,9756,43.590317,26.944834
bg_settlement_14132,14132,Габрица,Gabritsa,с.,SHU,tk_loan_management_bg.state_bg_SHU,SHU07,Венец,BG333,9779,43.507754,26.973173
bg_settlement_81222,81222,Чернооково,Chernookovo,с.,SHU,tk_loan_management_bg.state_bg_SHU,SHU10,Върбица,BG333,9873,42.984108,26.596706
bg_settlement_68847,68847,Станянци,Stanyantsi,с.,SHU,tk_loan_management_bg.state_bg_SHU,SHU10,Върбица,BG333,9872,43.005071,26.635615
bg_settlement_39298,39298,Крайгорци,Kraygortsi,с.,SHU,tk_loan_management_bg.state_bg_SHU,SHU10,Върбица,BG333,9875,42.973528,26.579372
bg_settlement_47915,47915,Методиево,Metodievo,с.,SHU,tk_loan_management_bg.state_bg_SHU,SHU10,Върбица,BG333,9867,43.119655,26.688435
bg_settlement_65855,65855,Свободица,Svoboditsa,с.,TGV,tk_loan_management_bg.state_bg_TGV,TGV02,Антоново,BG334,7997,43.076863,26.184555
bg_settlement_66175,66175,Семерци,Semertsi,с.,TGV,tk_loan_management_bg.state_bg_TGV,TGV02,Антоново,BG334,7970,43.170843,26.17419
bg_settlement_67492,67492,Слънчовец,Slanchovets,с.,TGV,tk_loan_management_bg.state_bg_TGV,TGV02,Антоново,BG334,7963,43.030293,26.152224
bg_settlement_69136,69136,Старчище,Starchishte,с.,TGV,tk_loan_management_bg.state_bg_TGV,TGV02,Антоново,BG334,7963,43.018978,26.175559
bg_settlement_69146,69146,Стеврек,Stevrek,с.,TGV,tk_loan_management_bg.state_bg_TGV,TGV02,Антоново,BG334,7960,42.993103,26.171987
bg_settlement_69376,69376,Стойново,Stoynovo,с.,TGV,tk_loan_management_bg.state_bg_TGV,TGV02,Антоново,BG334,7953,43.1027,26.227515
bg_settlement_72452,72452,Тиховец,Tihovets,с.,TGV,tk_loan_management_bg.state_bg_TGV,TGV02,Антоново,BG334,7997,43.067717,26.170512
bg_settlement_73078,73078,Трескавец,Treskavets,с.,TGV,tk_loan_management_bg.state_bg_TGV,TGV02,Антоново,BG334,7994,43.164798,26.320934
bg_settlement_77120,77120,Халваджийско,Halvadzhiysko,с.,TGV,tk_loan_management_bg.state_bg_TGV,TGV02,Антоново,BG334,7997,43.095184,26.154899
bg_settlement_53641,53641,Орач,Orach,с.,TGV,tk_loan_management_bg.state_bg_TGV,TGV02,Антоново,BG334,7977,43.111306,26.197064
bg_settlement_56424,56424,Пиринец,Pirinets,с.,TGV,tk_loan_management_bg.state_bg_TGV,TGV02,Антоново,BG334,7976,43.207569,26.186253
bg_settlement_57827,57827,Поройно,Poroyno,с.,TGV,tk_loan_management_bg.state_bg_TGV,TGV02,Антоново,BG334,7952,43.118188,26.234528
bg_settlement_58476,58476,Присойна,Prisoyna,с.,TGV,tk_loan_management_bg.state_bg_TGV,TGV02,Антоново,BG334,7969,43.170834,26.248614
bg_settlement_58949,58949,Пчелно,Pchelno,с.,TGV,tk_loan_management_bg.state_bg_TGV,TGV02,Антоново,BG334,7987,43.081548,26.230838
bg_settlement_61251,61251,Равно село,Ravno selo,с.,TGV,tk_loan_management_bg.state_bg_TGV,TGV02,Антоново,BG334,7965,42.986125,26.197587
bg_settlement_61769,61769,Разделци,Razdeltsi,с.,TGV,tk_loan_management_bg.state_bg_TGV,TGV02,Антоново,BG334,7989,43.199876,26.224917
bg_settlement_36169,36169,Капище,Kapishte,с.,TGV,tk_loan_management_bg.state_bg_TGV,TGV02,Антоново,BG334,7988,43.063251,26.202848
bg_settlement_37040,37040,Китино,Kitino,с.,TGV,tk_loan_management_bg.state_bg_TGV,TGV02,Антоново,BG334,7993,43.175859,26.374556
bg_settlement_38323,38323,Коноп,Konop,с.,TGV,tk_loan_management_bg.state_bg_TGV,TGV02,Антоново,BG334,7995,43.195413,26.338733
bg_settlement_39368,39368,Крайполе,Kraypole,с.,TGV,tk_loan_management_bg.state_bg_TGV,TGV02,Антоново,BG334,7997,43.066901,26.106595
bg_settlement_40871,40871,Къпинец,Kapinets,с.,TGV,tk_loan_management_bg.state_bg_TGV,TGV02,Антоново,BG334,7997,43.066484,26.144419
bg_settlement_41099,41099,Кьосевци,Kyosevtsi,с.,TGV,tk_loan_management_bg.state_bg_TGV,TGV02,Антоново,BG334,7951,43.107125,26.265235
bg_settlement_44598,44598,Любичево,Lyubichevo,с.,TGV,tk_loan_management_bg.state_bg_TGV,TGV02,Антоново,BG334,7980,43.17196,26.274551
bg_settlement_46468,46468,Малка Черковна,Malka Cherkovna,с.,TGV,tk_loan_management_bg.state_bg_TGV,TGV02,Антоново,BG334,7997,43.091207,26.18377
bg_settlement_46735,46735,Малоградец,Malogradets,с.,TGV,tk_loan_management_bg.state_bg_TGV,TGV02,Антоново,BG334,7978,43.112864,26.166052
bg_settlement_49045,49045,Моравица,Moravitsa,с.,TGV,tk_loan_management_bg.state_bg_TGV,TGV02,Антоново,BG334,7974,43.161299,26.117279
bg_settlement_49059,49059,Моравка,Moravka,с.,TGV,tk_loan_management_bg.state_bg_TGV,TGV02,Антоново,BG334,7992,43.181465,26.337171
bg_settlement_20479,20479,Девино,Devino,с.,TGV,tk_loan_management_bg.state_bg_TGV,TGV02,Антоново,BG334,7972,43.12933,26.122616
bg_settlement_21275,21275,Длъжка поляна,Dlazhka polyana,с.,TGV,tk_loan_management_bg.state_bg_TGV,TGV02,Антоново,BG334,7997,43.089204,26.12047
bg_settlement_21703,21703,Добротица,Dobrotitsa,с.,TGV,tk_loan_management_bg.state_bg_TGV,TGV02,Антоново,BG334,7990,43.185325,26.220567
bg_settlement_22099,22099,Долна Златица,Dolna Zlatitsa,с.,TGV,tk_loan_management_bg.state_bg_TGV,TGV02,Антоново,BG334,7968,43.201799,26.150459
bg_settlement_24428,24428,Дъбравица,Dabravitsa,с.,TGV,tk_loan_management_bg.state_bg_TGV,TGV02,Антоново,BG334,7997,43.084569,26.148529
bg_settlement_32473,32473,Изворово,Izvorovo,с.,TGV,tk_loan_management_bg.state_bg_TGV,TGV02,Антоново,BG334,7950,43.116572,26.293883
bg_settlement_06919,06919,Букак,Bukak,с.,TGV,tk_loan_management_bg.state_bg_TGV,TGV02,Антоново,BG334,7996,43.054449,26.171377
bg_settlement_15850,15850,Голямо Доляне,Golyamo Dolyane,с.,TGV,tk_loan_management_bg.state_bg_TGV,TGV02,Антоново,BG334,7960,43.015606,26.221752
bg_settlement_16211,16211,Горна Златица,Gorna Zlatitsa,с.,TGV,tk_loan_management_bg.state_bg_TGV,TGV02,Антоново,BG334,7969,43.183611,26.149135
bg_settlement_17840,17840,Греевци,Greevtsi,с.,TGV,tk_loan_management_bg.state_bg_TGV,TGV02,Антоново,BG334,7960,43.020858,26.216449
bg_settlement_00518,00518,Антоново,Antonovo,гр.,TGV,tk_loan_management_bg.state_bg_TGV,TGV02,Антоново,BG334,7970,43.150044,26.159819
bg_settlement_02628,02628,Банковец,Bankovets,с.,TGV,tk_loan_management_bg.state_bg_TGV,TGV02,Антоново,BG334,7997,43.077085,26.160986
bg_settlement_81147,81147,Чернокапци,Chernokaptsi,с.,TGV,tk_loan_management_bg.state_bg_TGV,TGV22,Омуртаг,BG334,7921,43.063855,26.528127
bg_settlement_73609,73609,Тъпчилещово,Tapchileshtovo,с.,TGV,tk_loan_management_bg.state_bg_TGV,TGV22,Омуртаг,BG334,7919,43.121756,26.462453
bg_settlement_75013,75013,Угледно,Ugledno,с.,TGV,tk_loan_management_bg.state_bg_TGV,TGV22,Омуртаг,BG334,7936,43.092687,26.541455
bg_settlement_78166,78166,Царевци,Tsarevtsi,с.,TGV,tk_loan_management_bg.state_bg_TGV,TGV22,Омуртаг,BG334,7932,43.095929,26.341848
bg_settlement_53062,53062,Обител,Obitel,с.,TGV,tk_loan_management_bg.state_bg_TGV,TGV22,Омуртаг,BG334,7920,43.068057,26.562722
bg_settlement_55327,55327,Панайот Хитово,Panayot Hitovo,с.,TGV,tk_loan_management_bg.state_bg_TGV,TGV22,Омуртаг,BG334,7929,43.137228,26.334929
bg_settlement_63104,63104,Росица,Rositsa,с.,TGV,tk_loan_management_bg.state_bg_TGV,TGV22,Омуртаг,BG334,7933,43.141459,26.295334
bg_settlement_63639,63639,Рътлина,Ratlina,с.,TGV,tk_loan_management_bg.state_bg_TGV,TGV22,Омуртаг,BG334,7935,43.073954,26.606671
bg_settlement_36806,36806,Кестеново,Kestenovo,с.,TGV,tk_loan_management_bg.state_bg_TGV,TGV22,Омуртаг,BG334,7973,43.106415,26.550963
bg_settlement_37811,37811,Козма презвитер,Kozma prezviter,с.,TGV,tk_loan_management_bg.state_bg_TGV,TGV22,Омуртаг,BG334,7913,43.150076,26.459487
bg_settlement_22280,22280,Долна Хубавка,Dolna Hubavka,с.,TGV,tk_loan_management_bg.state_bg_TGV,TGV22,Омуртаг,BG334,7931,43.140854,26.35776
bg_settlement_22664,22664,Долно Козарево,Dolno Kozarevo,с.,TGV,tk_loan_management_bg.state_bg_TGV,TGV22,Омуртаг,BG334,7926,43.085308,26.506093
bg_settlement_22719,22719,Долно Новково,Dolno Novkovo,с.,TGV,tk_loan_management_bg.state_bg_TGV,TGV22,Омуртаг,BG334,7938,43.093244,26.568636
bg_settlement_31416,31416,Звездица,Zvezditsa,с.,TGV,tk_loan_management_bg.state_bg_TGV,TGV22,Омуртаг,BG334,7945,43.008257,26.575746
bg_settlement_35643,35643,Камбурово,Kamburovo,с.,TGV,tk_loan_management_bg.state_bg_TGV,TGV22,Омуртаг,BG334,7930,43.109176,26.337013
bg_settlement_07243,07243,Българаново,Balgaranovo,с.,TGV,tk_loan_management_bg.state_bg_TGV,TGV22,Омуртаг,BG334,7944,43.022561,26.495281
bg_settlement_10728,10728,Веселец,Veselets,с.,TGV,tk_loan_management_bg.state_bg_TGV,TGV22,Омуртаг,BG334,7942,43.030369,26.486376
bg_settlement_11212,11212,Висок,Visok,с.,TGV,tk_loan_management_bg.state_bg_TGV,TGV22,Омуртаг,BG334,7955,43.058642,26.484469
bg_settlement_12156,12156,Врани кон,Vrani kon,с.,TGV,tk_loan_management_bg.state_bg_TGV,TGV22,Омуртаг,BG334,7940,43.023178,26.559695
bg_settlement_15922,15922,Голямо църквище,Golyamo tsarkvishte,с.,TGV,tk_loan_management_bg.state_bg_TGV,TGV22,Омуртаг,BG334,7924,43.043944,26.548117
bg_settlement_16420,16420,Горна Хубавка,Gorna Hubavka,с.,TGV,tk_loan_management_bg.state_bg_TGV,TGV22,Омуртаг,BG334,7913,43.141734,26.385341
bg_settlement_16849,16849,Горно Новково,Gorno Novkovo,с.,TGV,tk_loan_management_bg.state_bg_TGV,TGV22,Омуртаг,BG334,7939,43.095146,26.585178
bg_settlement_03647,03647,Беломорци,Belomortsi,с.,TGV,tk_loan_management_bg.state_bg_TGV,TGV22,Омуртаг,BG334,7917,43.140637,26.430914
bg_settlement_15833,15833,Голямо градище,Golyamo gradishte,с.,TGV,tk_loan_management_bg.state_bg_TGV,TGV23,Опака,BG334,7848,43.456958,26.052084
bg_settlement_73376,73376,Тръстика,Trastika,с.,TGV,tk_loan_management_bg.state_bg_TGV,TGV24,Попово,BG334,7835,43.428857,26.412169
bg_settlement_78077,78077,Цар Асен,Tsar Asen,с.,TGV,tk_loan_management_bg.state_bg_TGV,TGV24,Попово,BG334,7849,43.420629,26.01822
bg_settlement_54208,54208,Осиково,Osikovo,с.,TGV,tk_loan_management_bg.state_bg_TGV,TGV24,Попово,BG334,7862,43.381813,25.995364
bg_settlement_57875,57875,Посабина,Posabina,с.,TGV,tk_loan_management_bg.state_bg_TGV,TGV24,Попово,BG334,7853,43.326608,26.121746
bg_settlement_38193,38193,Конак,Konak,с.,TGV,tk_loan_management_bg.state_bg_TGV,TGV24,Попово,BG334,7868,43.218484,26.279665
bg_settlement_47634,47634,Медовина,Medovina,с.,TGV,tk_loan_management_bg.state_bg_TGV,TGV24,Попово,BG334,7863,43.324575,26.175332
bg_settlement_21937,21937,Долец,Dolets,с.,TGV,tk_loan_management_bg.state_bg_TGV,TGV24,Попово,BG334,7858,43.235729,26.227403
bg_settlement_22109,22109,Долна Кабда,Dolna Kabda,с.,TGV,tk_loan_management_bg.state_bg_TGV,TGV24,Попово,BG334,7867,43.237676,26.331631
bg_settlement_30332,30332,Зараево,Zaraevo,с.,TGV,tk_loan_management_bg.state_bg_TGV,TGV24,Попово,BG334,7832,43.43529,26.260819
bg_settlement_32189,32189,Иванча,Ivancha,с.,TGV,tk_loan_management_bg.state_bg_TGV,TGV24,Попово,BG334,7859,43.21979,26.181799
bg_settlement_06046,06046,Бракница,Braknitsa,с.,TGV,tk_loan_management_bg.state_bg_TGV,TGV24,Попово,BG334,7855,43.236358,26.120528
bg_settlement_11716,11716,Водица,Voditsa,с.,TGV,tk_loan_management_bg.state_bg_TGV,TGV24,Попово,BG334,7851,43.356136,26.05258
bg_settlement_16081,16081,Горица,Goritsa,с.,TGV,tk_loan_management_bg.state_bg_TGV,TGV24,Попово,BG334,7854,43.263717,26.115448
bg_settlement_02021,02021,Баба Тонка,Baba Tonka,с.,TGV,tk_loan_management_bg.state_bg_TGV,TGV24,Попово,BG334,7861,43.249072,26.165296
bg_settlement_03931,03931,Берковски,Berkovski,с.,TGV,tk_loan_management_bg.state_bg_TGV,TGV24,Попово,BG334,7857,43.240034,26.212504
bg_settlement_80741,80741,Черковна,Cherkovna,с.,TGV,tk_loan_management_bg.state_bg_TGV,TGV35,Търговище,BG334,7781,43.147547,26.56984
bg_settlement_72148,72148,Твърдинци,Tvardintsi,с.,TGV,tk_loan_management_bg.state_bg_TGV,TGV35,Търговище,BG334,7755,43.384769,26.773363
bg_settlement_73701,73701,Търновца,Tarnovtsa,с.,TGV,tk_loan_management_bg.state_bg_TGV,TGV35,Търговище,BG334,7774,43.135958,26.630025
bg_settlement_78297,78297,Цветница,Tsvetnitsa,с.,TGV,tk_loan_management_bg.state_bg_TGV,TGV35,Търговище,BG334,7763,43.200088,26.398437
bg_settlement_53223,53223,Овчарово,Ovcharovo,с.,TGV,tk_loan_management_bg.state_bg_TGV,TGV35,Търговище,BG334,7747,43.183251,26.650954
bg_settlement_58195,58195,Преселец,Preselets,с.,TGV,tk_loan_management_bg.state_bg_TGV,TGV35,Търговище,BG334,7772,43.114604,26.650722
bg_settlement_58219,58219,Пресиян,Presiyan,с.,TGV,tk_loan_management_bg.state_bg_TGV,TGV35,Търговище,BG334,7762,43.219535,26.384849
bg_settlement_58298,58298,Пресяк,Presyak,с.,TGV,tk_loan_management_bg.state_bg_TGV,TGV35,Търговище,BG334,7754,43.386966,26.740647
bg_settlement_58579,58579,Пролаз,Prolaz,с.,TGV,tk_loan_management_bg.state_bg_TGV,TGV35,Търговище,BG334,7739,43.174584,26.500624
bg_settlement_63077,63077,Росина,Rosina,с.,TGV,tk_loan_management_bg.state_bg_TGV,TGV35,Търговище,BG334,7784,43.310142,26.411458
bg_settlement_38501,38501,Копрец,Koprets,с.,TGV,tk_loan_management_bg.state_bg_TGV,TGV35,Търговище,BG334,7775,43.138088,26.608715
bg_settlement_39195,39195,Кошничари,Koshnichari,с.,TGV,tk_loan_management_bg.state_bg_TGV,TGV35,Търговище,BG334,7783,43.27594,26.393942
bg_settlement_48091,48091,Миладиновци,Miladinovtsi,с.,TGV,tk_loan_management_bg.state_bg_TGV,TGV35,Търговище,BG334,7787,43.399743,26.481912
bg_settlement_48338,48338,Мировец,Mirovets,с.,TGV,tk_loan_management_bg.state_bg_TGV,TGV35,Търговище,BG334,7751,43.375665,26.692827
bg_settlement_48920,48920,Момино,Momino,с.,TGV,tk_loan_management_bg.state_bg_TGV,TGV35,Търговище,BG334,7706,43.265782,26.475372
bg_settlement_06166,06166,Братово,Bratovo,с.,TGV,tk_loan_management_bg.state_bg_TGV,TGV35,Търговище,BG334,7764,43.179696,26.411557
bg_settlement_06882,06882,Буйново,Buynovo,с.,TGV,tk_loan_management_bg.state_bg_TGV,TGV35,Търговище,BG334,7753,43.376846,26.756399
bg_settlement_10121,10121,Вардун,Vardun,с.,TGV,tk_loan_management_bg.state_bg_TGV,TGV35,Търговище,BG334,7780,43.132626,26.529414
bg_settlement_15895,15895,Голямо ново,Golyamo novo,с.,TGV,tk_loan_management_bg.state_bg_TGV,TGV35,Търговище,BG334,7789,43.335704,26.374483
bg_settlement_16225,16225,Горна Кабда,Gorna Kabda,с.,TGV,tk_loan_management_bg.state_bg_TGV,TGV35,Търговище,BG334,7865,43.228603,26.351696
bg_settlement_00312,00312,Александрово,Aleksandrovo,с.,TGV,tk_loan_management_bg.state_bg_TGV,TGV35,Търговище,BG334,7761,43.227826,26.423547
bg_settlement_80786,80786,Черна вода,Cherna voda,с.,TGV,tk_loan_management_bg.state_bg_TGV,TGV02,Антоново,BG334,7966,42.971905,26.21477
bg_settlement_80892,80892,Черни бряг,Cherni bryag,с.,TGV,tk_loan_management_bg.state_bg_TGV,TGV02,Антоново,BG334,7973,43.134605,26.084745
bg_settlement_83332,83332,Шишковица,Shishkovitsa,с.,TGV,tk_loan_management_bg.state_bg_TGV,TGV02,Антоново,BG334,7971,43.128104,26.143766
bg_settlement_87271,87271,Язовец,Yazovets,с.,TGV,tk_loan_management_bg.state_bg_TGV,TGV02,Антоново,BG334,7991,43.172588,26.223794
bg_settlement_87521,87521,Яребично,Yarebichno,с.,TGV,tk_loan_management_bg.state_bg_TGV,TGV02,Антоново,BG334,7998,43.097563,26.11997
bg_settlement_87686,87686,Ястребино,Yastrebino,с.,TGV,tk_loan_management_bg.state_bg_TGV,TGV02,Антоново,BG334,7975,43.152217,26.23298
bg_settlement_51161,51161,Научене,Nauchene,с.,SLV,tk_loan_management_bg.state_bg_SLV,SLV16,Нова Загора,BG342,8929,42.564771,26.08945
bg_settlement_39757,39757,Крива круша,Kriva krusha,с.,SLV,tk_loan_management_bg.state_bg_SLV,SLV16,Нова Загора,BG342,8936,42.543731,25.883077
bg_settlement_68864,68864,Стара река,Stara reka,с.,SLV,tk_loan_management_bg.state_bg_SLV,SLV20,Сливен,BG342,8841,42.878811,26.183775
bg_settlement_69081,69081,Старо село,Staro selo,с.,SLV,tk_loan_management_bg.state_bg_SLV,SLV20,Сливен,BG342,8876,42.58032,26.148654
bg_settlement_32915,32915,Ичера,Ichera,с.,SLV,tk_loan_management_bg.state_bg_SLV,SLV20,Сливен,BG342,8849,42.765038,26.450631
bg_settlement_07613,07613,Бяла,Byala,с.,SLV,tk_loan_management_bg.state_bg_SLV,SLV20,Сливен,BG342,8850,42.729615,26.188677
bg_settlement_56321,56321,Пещерско,Peshtersko,с.,BGS,tk_loan_management_bg.state_bg_BGS,BGS01,Айтос,BG341,8525,42.743243,27.347131
bg_settlement_65499,65499,Сборище,Sborishte,с.,SLV,tk_loan_management_bg.state_bg_SLV,SLV24,Твърдица,BG342,8899,42.682018,25.973668
bg_settlement_72165,72165,Твърдица,Tvarditsa,гр.,SLV,tk_loan_management_bg.state_bg_SLV,SLV24,Твърдица,BG342,8890,42.701395,25.897836
bg_settlement_29533,29533,Жълт бряг,Zhalt bryag,с.,SLV,tk_loan_management_bg.state_bg_SLV,SLV24,Твърдица,BG342,8894,42.740258,26.114122
bg_settlement_07644,07644,Бяла паланка,Byala palanka,с.,SLV,tk_loan_management_bg.state_bg_SLV,SLV24,Твърдица,BG342,8892,42.761292,26.09649
bg_settlement_05551,05551,Боров дол,Borov dol,с.,SLV,tk_loan_management_bg.state_bg_SLV,SLV24,Твърдица,BG342,8898,42.732488,26.082567
bg_settlement_87031,87031,Ябланово,Yablanovo,с.,SLV,tk_loan_management_bg.state_bg_SLV,SLV11,Котел,BG342,8989,42.985721,26.549897
bg_settlement_65958,65958,Седларево,Sedlarevo,с.,SLV,tk_loan_management_bg.state_bg_SLV,SLV11,Котел,BG342,8994,42.688996,26.584087
bg_settlement_67859,67859,Соколарци,Sokolartsi,с.,SLV,tk_loan_management_bg.state_bg_SLV,SLV11,Котел,BG342,8984,43.000369,26.511096
bg_settlement_72480,72480,Тича,Ticha,с.,SLV,tk_loan_management_bg.state_bg_SLV,SLV11,Котел,BG342,8980,42.970627,26.438564
bg_settlement_72833,72833,Топузево,Topuzevo,с.,SLV,tk_loan_management_bg.state_bg_SLV,SLV11,Котел,BG342,8986,42.994447,26.497552
bg_settlement_76073,76073,Филаретово,Filaretovo,с.,SLV,tk_loan_management_bg.state_bg_SLV,SLV11,Котел,BG342,8982,42.979633,26.494632
bg_settlement_53919,53919,Орлово,Orlovo,с.,SLV,tk_loan_management_bg.state_bg_SLV,SLV11,Котел,BG342,8985,42.989306,26.465949
bg_settlement_36681,36681,Катунище,Katunishte,с.,SLV,tk_loan_management_bg.state_bg_SLV,SLV11,Котел,BG342,8991,42.806024,26.510154
bg_settlement_36854,36854,Кипилово,Kipilovo,с.,SLV,tk_loan_management_bg.state_bg_SLV,SLV11,Котел,BG342,8998,42.903081,26.232875
bg_settlement_46646,46646,Малко село,Malko selo,с.,SLV,tk_loan_management_bg.state_bg_SLV,SLV11,Котел,BG342,8981,42.979501,26.508257
bg_settlement_47528,47528,Медвен,Medven,с.,SLV,tk_loan_management_bg.state_bg_SLV,SLV11,Котел,BG342,8987,42.842238,26.55797
bg_settlement_17436,17436,Градец,Gradets,с.,SLV,tk_loan_management_bg.state_bg_SLV,SLV11,Котел,BG342,8990,42.793989,26.540571
bg_settlement_05480,05480,Боринци,Borintsi,с.,SLV,tk_loan_management_bg.state_bg_SLV,SLV11,Котел,BG342,8999,42.934734,26.212441
bg_settlement_83051,83051,Шарково,Sharkovo,с.,JAM,tk_loan_management_bg.state_bg_JAM,JAM03,Болярово,BG343,8753,42.052116,26.817972
bg_settlement_66679,66679,Ситово,Sitovo,с.,JAM,tk_loan_management_bg.state_bg_JAM,JAM03,Болярово,BG343,8744,42.061993,26.768829
bg_settlement_69674,69674,Странджа,Strandzha,с.,JAM,tk_loan_management_bg.state_bg_JAM,JAM03,Болярово,BG343,8758,42.062649,27.003018
bg_settlement_39356,39356,Крайново,Kraynovo,с.,JAM,tk_loan_management_bg.state_bg_JAM,JAM03,Болярово,BG343,8752,42.004077,26.861027
bg_settlement_17097,17097,Горска поляна,Gorska polyana,с.,JAM,tk_loan_management_bg.state_bg_JAM,JAM03,Болярово,BG343,8721,42.116836,26.93963
bg_settlement_43459,43459,Лесово,Lesovo,с.,JAM,tk_loan_management_bg.state_bg_JAM,JAM07,Елхово,BG343,8754,41.993461,26.570532
bg_settlement_15730,15730,Голям Дервент,Golyam Dervent,с.,JAM,tk_loan_management_bg.state_bg_JAM,JAM07,Елхово,BG343,8757,41.984416,26.75132
bg_settlement_48163,48163,Елхово,Elhovo,с.,SZR,tk_loan_management_bg.state_bg_SZR,SZR38,Николаево,BG344,6064,42.383414,25.435184
bg_settlement_27070,27070,Едрево,Edrevo,с.,SZR,tk_loan_management_bg.state_bg_SZR,SZR38,Николаево,BG344,6173,42.588395,25.813608
bg_settlement_67074,67074,Славянин,Slavyanin,с.,SZR,tk_loan_management_bg.state_bg_SZR,SZR04,Братя Даскалови,BG344,6236,42.439309,25.18946
bg_settlement_70531,70531,Съединение,Saedinenie,с.,SZR,tk_loan_management_bg.state_bg_SZR,SZR04,Братя Даскалови,BG344,6234,42.371958,25.307218
bg_settlement_70562,70562,Сърневец,Sarnevets,с.,SZR,tk_loan_management_bg.state_bg_SZR,SZR04,Братя Даскалови,BG344,6232,42.407055,25.341958
bg_settlement_51072,51072,Найденово,Naydenovo,с.,SZR,tk_loan_management_bg.state_bg_SZR,SZR04,Братя Даскалови,BG344,6224,42.379592,25.261182
bg_settlement_38100,38100,Колю Мариново,Kolyu Marinovo,с.,SZR,tk_loan_management_bg.state_bg_SZR,SZR04,Братя Даскалови,BG344,6237,42.396386,25.159749
bg_settlement_46588,46588,Малко Дряново,Malko Dryanovo,с.,SZR,tk_loan_management_bg.state_bg_SZR,SZR04,Братя Даскалови,BG344,6227,42.420145,25.279722
bg_settlement_22736,22736,Долно ново село,Dolno novo selo,с.,SZR,tk_loan_management_bg.state_bg_SZR,SZR04,Братя Даскалови,BG344,6226,42.420746,25.238036
bg_settlement_14951,14951,Главан,Glavan,с.,SZR,tk_loan_management_bg.state_bg_SZR,SZR07,Гълъбово,BG344,6295,42.067621,26.107511
bg_settlement_80532,80532,Черганово,Cherganovo,с.,SZR,tk_loan_management_bg.state_bg_SZR,SZR12,Казанлък,BG344,6139,42.585633,25.470273
bg_settlement_83106,83106,Шейново,Sheynovo,с.,SZR,tk_loan_management_bg.state_bg_SZR,SZR12,Казанлък,BG344,6144,42.685602,25.318839
bg_settlement_68446,68446,Средногорово,Srednogorovo,с.,SZR,tk_loan_management_bg.state_bg_SZR,SZR12,Казанлък,BG344,6166,42.53272,25.330463
bg_settlement_77027,77027,Хаджидимитрово,Hadzhidimitrovo,с.,SZR,tk_loan_management_bg.state_bg_SZR,SZR12,Казанлък,BG344,6141,42.671555,25.351344
bg_settlement_53179,53179,Овощник,Ovoshtnik,с.,SZR,tk_loan_management_bg.state_bg_SZR,SZR12,Казанлък,BG344,6138,42.577399,25.447253
bg_settlement_62983,62983,Розово,Rozovo,с.,SZR,tk_loan_management_bg.state_bg_SZR,SZR12,Казанлък,BG344,6163,42.560758,25.414997
bg_settlement_63570,63570,Ръжена,Razhena,с.,SZR,tk_loan_management_bg.state_bg_SZR,SZR12,Казанлък,BG344,6171,42.533974,25.495643
bg_settlement_38563,38563,Копринка,Koprinka,с.,SZR,tk_loan_management_bg.state_bg_SZR,SZR12,Казанлък,BG344,6137,42.632297,25.330888
bg_settlement_40292,40292,Крън,Kran,гр.,SZR,tk_loan_management_bg.state_bg_SZR,SZR12,Казанлък,BG344,6140,42.666793,25.379638
bg_settlement_40868,40868,Кънчево,Kanchevo,с.,SZR,tk_loan_management_bg.state_bg_SZR,SZR12,Казанлък,BG344,6164,42.543863,25.449693
bg_settlement_49076,49076,Горно Черковище,Gorno Cherkovishte,с.,SZR,tk_loan_management_bg.state_bg_SZR,SZR12,Казанлък,BG344,6165,42.573991,25.309262
bg_settlement_22633,22633,Долно Изворово,Dolno Izvorovo,с.,SZR,tk_loan_management_bg.state_bg_SZR,SZR12,Казанлък,BG344,6183,42.657528,25.459422
bg_settlement_24075,24075,Дунавци,Dunavtsi,с.,SZR,tk_loan_management_bg.state_bg_SZR,SZR12,Казанлък,BG344,6145,42.65759,25.29495
bg_settlement_27499,27499,Енина,Enina,с.,SZR,tk_loan_management_bg.state_bg_SZR,SZR12,Казанлък,BG344,6142,42.667504,25.409128
bg_settlement_35167,35167,Казанлък,Kazanlak,гр.,SZR,tk_loan_management_bg.state_bg_SZR,SZR12,Казанлък,BG344,6100,42.618748,25.393237
bg_settlement_06848,06848,Бузовград,Buzovgrad,с.,SZR,tk_loan_management_bg.state_bg_SZR,SZR12,Казанлък,BG344,6159,42.581861,25.371317
bg_settlement_15864,15864,Голямо Дряново,Golyamo Dryanovo,с.,SZR,tk_loan_management_bg.state_bg_SZR,SZR12,Казанлък,BG344,6146,42.665313,25.249711
bg_settlement_87212,87212,Ягода,Yagoda,с.,SZR,tk_loan_management_bg.state_bg_SZR,SZR22,Мъглиж,BG344,6167,42.541906,25.569091
bg_settlement_73420,73420,Тулово,Tulovo,с.,SZR,tk_loan_management_bg.state_bg_SZR,SZR22,Мъглиж,BG344,6170,42.574034,25.549893
bg_settlement_49494,49494,Мъглиж,Maglizh,гр.,SZR,tk_loan_management_bg.state_bg_SZR,SZR22,Мъглиж,BG344,6180,42.606776,25.54752
bg_settlement_61635,61635,Радунци,Raduntsi,с.,SZR,tk_loan_management_bg.state_bg_SZR,SZR22,Мъглиж,BG344,6185,42.680516,25.596297
bg_settlement_10848,10848,Ветрен,Vetren,с.,SZR,tk_loan_management_bg.state_bg_SZR,SZR22,Мъглиж,BG344,6175,42.606528,25.686093
bg_settlement_73451,73451,Турия,Turia,с.,SZR,tk_loan_management_bg.state_bg_SZR,SZR24,Павел баня,BG344,6157,42.572364,25.185358
bg_settlement_73540,73540,Тъжа,Tazha,с.,SZR,tk_loan_management_bg.state_bg_SZR,SZR24,Павел баня,BG344,6160,42.650475,25.083465
bg_settlement_73688,73688,Търничени,Tarnicheni,с.,SZR,tk_loan_management_bg.state_bg_SZR,SZR24,Павел баня,BG344,6158,42.620584,25.114508
bg_settlement_55021,55021,Павел баня,Pavel banya,гр.,SZR,tk_loan_management_bg.state_bg_SZR,SZR24,Павел баня,BG344,6155,42.596303,25.207483
bg_settlement_22808,22808,Долно Сахране,Dolno Sahrane,с.,SZR,tk_loan_management_bg.state_bg_SZR,SZR24,Павел баня,BG344,6161,42.633167,25.232987
bg_settlement_10954,10954,Виден,Viden,с.,SZR,tk_loan_management_bg.state_bg_SZR,SZR24,Павел баня,BG344,6156,42.601799,25.235853
bg_settlement_14026,14026,Габарево,Gabarevo,с.,SZR,tk_loan_management_bg.state_bg_SZR,SZR24,Павел баня,BG344,6162,42.624202,25.164406
bg_settlement_16924,16924,Горно Сахране,Gorno Sahrane,с.,SZR,tk_loan_management_bg.state_bg_SZR,SZR24,Павел баня,BG344,6151,42.648236,25.21456
bg_settlement_00309,00309,Александрово,Aleksandrovo,с.,SZR,tk_loan_management_bg.state_bg_SZR,SZR24,Павел баня,BG344,6154,42.594642,25.092049
bg_settlement_00697,00697,Асен,Asen,с.,SZR,tk_loan_management_bg.state_bg_SZR,SZR24,Павел баня,BG344,6149,42.6557,25.198022
bg_settlement_70202,70202,Сулица,Sulitsa,с.,SZR,tk_loan_management_bg.state_bg_SZR,SZR31,Стара Загора,BG344,6062,42.436866,25.479909
bg_settlement_52252,52252,Ново село,Novo selo,с.,SZR,tk_loan_management_bg.state_bg_SZR,SZR31,Стара Загора,BG344,6062,42.469433,25.505219
bg_settlement_54314,54314,Остра могила,Ostra mogila,с.,SZR,tk_loan_management_bg.state_bg_SZR,SZR31,Стара Загора,BG344,6062,42.462642,25.468432
bg_settlement_58743,58743,Пряпорец,Pryaporets,с.,SZR,tk_loan_management_bg.state_bg_SZR,SZR31,Стара Загора,BG344,6062,42.464472,25.536899
bg_settlement_59170,59170,Пъстрово,Pastrovo,с.,SZR,tk_loan_management_bg.state_bg_SZR,SZR31,Стара Загора,BG344,6064,42.434924,25.354615
bg_settlement_63149,63149,Лозен,Lozen,с.,SZR,tk_loan_management_bg.state_bg_SZR,SZR31,Стара Загора,BG344,6062,42.414744,25.433013
bg_settlement_44687,44687,Люляк,Lyulyak,с.,SZR,tk_loan_management_bg.state_bg_SZR,SZR31,Стара Загора,BG344,6050,42.50917,25.674012
bg_settlement_44851,44851,Лясково,Lyaskovo,с.,SZR,tk_loan_management_bg.state_bg_SZR,SZR31,Стара Загора,BG344,6045,42.401482,25.492723
bg_settlement_46417,46417,Малка Верея,Malka Vereya,с.,SZR,tk_loan_management_bg.state_bg_SZR,SZR31,Стара Загора,BG344,6045,42.401495,25.542237
bg_settlement_27379,27379,Елхово,Elhovo,с.,SZR,tk_loan_management_bg.state_bg_SZR,SZR31,Стара Загора,BG344,6064,42.383414,25.435184
bg_settlement_31276,31276,Змейово,Zmeyovo,с.,SZR,tk_loan_management_bg.state_bg_SZR,SZR31,Стара Загора,BG344,6059,42.499691,25.615561
bg_settlement_35153,35153,Казанка,Kazanka,с.,SZR,tk_loan_management_bg.state_bg_SZR,SZR31,Стара Загора,BG344,6062,42.462297,25.420484
bg_settlement_68463,68463,Средно градище,Sredno gradishte,с.,SZR,tk_loan_management_bg.state_bg_SZR,SZR36,Чирпан,BG344,6241,42.306724,25.294165
bg_settlement_69496,69496,Стоян-Заимово,Stoyan-Zaimovo,с.,SZR,tk_loan_management_bg.state_bg_SZR,SZR36,Чирпан,BG344,,0,0
bg_settlement_38203,38203,Конаре,Konare,с.,SZR,tk_loan_management_bg.state_bg_SZR,SZR37,Гурково,BG344,6189,42.684815,25.831373
bg_settlement_44776,44776,Лява река,Lyava reka,с.,SZR,tk_loan_management_bg.state_bg_SZR,SZR37,Гурково,BG344,6198,42.730673,25.677487
bg_settlement_20211,20211,Дворище,Dvorishte,с.,SZR,tk_loan_management_bg.state_bg_SZR,SZR37,Гурково,BG344,6193,42.662313,25.719145
bg_settlement_06478,06478,Брестова,Brestova,с.,SZR,tk_loan_management_bg.state_bg_SZR,SZR37,Гурково,BG344,6194,42.661377,25.741353
bg_settlement_18157,18157,Гурково,Gurkovo,гр.,SZR,tk_loan_management_bg.state_bg_SZR,SZR37,Гурково,BG344,6199,42.657393,25.795722
bg_settlement_50245,50245,Момин проход,Momin prohod,гр.,SFO,tk_loan_management_bg.state_bg_SFO,SFO25,Костенец,BG412,2035,42.327359,23.870553
bg_settlement_38902,38902,Костенец,Kostenets,гр.,SFO,tk_loan_management_bg.state_bg_SFO,SFO25,Костенец,BG412,2030,42.310692,23.858291
bg_settlement_54170,54170,Осиковица,Osikovitsa,с.,SFO,tk_loan_management_bg.state_bg_SFO,SFO34,Правец,BG412,2164,42.93898,24.008817
bg_settlement_58030,58030,Правец,Pravets,гр.,SFO,tk_loan_management_bg.state_bg_SFO,SFO34,Правец,BG412,2161,42.89401,23.918911
bg_settlement_61189,61189,Равнище,Ravnishte,с.,SFO,tk_loan_management_bg.state_bg_SFO,SFO34,Правец,BG412,2167,42.997604,24.05089
bg_settlement_61807,61807,Разлив,Razliv,с.,SFO,tk_loan_management_bg.state_bg_SFO,SFO34,Правец,BG412,2162,42.912796,23.873042
bg_settlement_46961,46961,Манаселска река,Manaselska reka,с.,SFO,tk_loan_management_bg.state_bg_SFO,SFO34,Правец,BG412,2168,43.041856,24.017127
bg_settlement_11020,11020,Видраре,Vidrare,с.,SFO,tk_loan_management_bg.state_bg_SFO,SFO34,Правец,BG412,2166,42.992367,24.010274
bg_settlement_78481,78481,Церово,Tserovo,с.,SFO,tk_loan_management_bg.state_bg_SFO,SFO43,Своге,BG412,2287,43.004678,23.347132
bg_settlement_53610,53610,Оплетня,Opletnya,с.,SFO,tk_loan_management_bg.state_bg_SFO,SFO43,Своге,BG412,2276,43.09918,23.446378
bg_settlement_49641,49641,Малки Искър,Malki Iskar,с.,SFO,tk_loan_management_bg.state_bg_SFO,SFO18,Етрополе,BG412,2184,42.921239,24.0779
bg_settlement_44313,44313,Лопян,Lopyan,с.,SFO,tk_loan_management_bg.state_bg_SFO,SFO18,Етрополе,BG412,2193,42.873007,24.076238
bg_settlement_06608,06608,Брусен,Brusen,с.,SFO,tk_loan_management_bg.state_bg_SFO,SFO18,Етрополе,BG412,2185,42.901457,24.110069
bg_settlement_44611,44611,Любница,Lyubnitsa,с.,SFO,tk_loan_management_bg.state_bg_SFO,SFO20,Ихтиман,BG412,2061,42.402379,23.970815
bg_settlement_66860,66860,Скравена,Skravena,с.,SFO,tk_loan_management_bg.state_bg_SFO,SFO07,Ботевград,BG412,2150,42.950188,23.765697
bg_settlement_73256,73256,Трудовец,Trudovets,с.,SFO,tk_loan_management_bg.state_bg_SFO,SFO07,Ботевград,BG412,2160,42.914532,23.837368
bg_settlement_51946,51946,Новачене,Novachene,с.,SFO,tk_loan_management_bg.state_bg_SFO,SFO07,Ботевград,BG412,2147,42.976867,23.725772
bg_settlement_61594,61594,Радотина,Radotina,с.,SFO,tk_loan_management_bg.state_bg_SFO,SFO07,Ботевград,BG412,2148,42.99285,23.641948
bg_settlement_43788,43788,Липница,Lipnitsa,с.,SFO,tk_loan_management_bg.state_bg_SFO,SFO07,Ботевград,BG412,2158,43.02938,23.755647
bg_settlement_43904,43904,Литаково,Litakovo,с.,SFO,tk_loan_management_bg.state_bg_SFO,SFO07,Ботевград,BG412,2144,42.952509,23.674178
bg_settlement_27334,27334,Елов дол,Elov dol,с.,SFO,tk_loan_management_bg.state_bg_SFO,SFO07,Ботевград,BG412,2159,43.042707,23.790765
bg_settlement_05815,05815,Ботевград,Botevgrad,гр.,SFO,tk_loan_management_bg.state_bg_SFO,SFO07,Ботевград,BG412,2140,42.907581,23.791004
bg_settlement_12283,12283,Врачеш,Vrachesh,с.,SFO,tk_loan_management_bg.state_bg_SFO,SFO07,Ботевград,BG412,2151,42.892406,23.75217
bg_settlement_18143,18143,Гурково,Gurkovo,с.,SFO,tk_loan_management_bg.state_bg_SFO,SFO07,Ботевград,BG412,2145,42.975659,23.688661
bg_settlement_04950,04950,Боженица,Bozhenitsa,с.,SFO,tk_loan_management_bg.state_bg_SFO,SFO07,Ботевград,BG412,2157,43.010689,23.815494
bg_settlement_49179,49179,Мощанец,Moshtanets,с.,BLG,tk_loan_management_bg.state_bg_BLG,BLG03,Благоевград,BG413,2729,41.966954,23.072347
bg_settlement_57159,57159,Покровник,Pokrovnik,с.,BLG,tk_loan_management_bg.state_bg_BLG,BLG03,Благоевград,BG413,2708,41.983359,23.054937
bg_settlement_62699,62699,Рилци,Riltsi,с.,BLG,tk_loan_management_bg.state_bg_BLG,BLG03,Благоевград,BG413,2710,42.040455,23.06498
bg_settlement_30702,30702,Зелендол,Zelendol,с.,BLG,tk_loan_management_bg.state_bg_BLG,BLG03,Благоевград,BG413,2745,42.008878,23.030784
bg_settlement_07168,07168,Бучино,Buchino,с.,BLG,tk_loan_management_bg.state_bg_BLG,BLG03,Благоевград,BG413,2742,42.045298,23.02343
bg_settlement_04279,04279,Благоевград,Blagoevgrad,гр.,BLG,tk_loan_management_bg.state_bg_BLG,BLG03,Благоевград,BG413,2700,42.011981,23.089687
bg_settlement_77222,77222,Хвостяне,Hvostyane,с.,BLG,tk_loan_management_bg.state_bg_BLG,BLG13,Гърмен,BG413,2942,41.545541,23.847699
bg_settlement_16136,16136,Горна Брезница,Gorna Breznitsa,с.,BLG,tk_loan_management_bg.state_bg_BLG,BLG28,Кресна,BG413,2842,41.743502,23.116324
bg_settlement_66901,66901,Скрът,Skrat,с.,BLG,tk_loan_management_bg.state_bg_BLG,BLG33,Петрич,BG413,2897,41.365191,22.995814
bg_settlement_37143,37143,Кладенци,Kladentsi,с.,BLG,tk_loan_management_bg.state_bg_BLG,BLG33,Петрич,BG413,2895,41.422613,23.041181
bg_settlement_37349,37349,Ключ,Klyuch,с.,BLG,tk_loan_management_bg.state_bg_BLG,BLG33,Петрич,BG413,2899,41.362945,23.019767
bg_settlement_37989,37989,Коларово,Kolarovo,с.,BLG,tk_loan_management_bg.state_bg_BLG,BLG33,Петрич,BG413,2880,41.363929,23.108621
bg_settlement_47799,47799,Мендово,Mendovo,с.,BLG,tk_loan_management_bg.state_bg_BLG,BLG33,Петрич,BG413,2893,41.420994,23.117419
bg_settlement_22246,22246,Долна Рибница,Dolna Ribnitsa,с.,BLG,tk_loan_management_bg.state_bg_BLG,BLG33,Петрич,BG413,2892,41.447368,23.096943
bg_settlement_23683,23683,Дреновица,Drenovitsa,с.,BLG,tk_loan_management_bg.state_bg_BLG,BLG33,Петрич,BG413,2895,41.416243,23.073575
bg_settlement_35688,35688,Камена,Kamena,с.,BLG,tk_loan_management_bg.state_bg_BLG,BLG33,Петрич,BG413,2878,41.364406,23.07014
bg_settlement_14091,14091,Габрене,Gabrene,с.,BLG,tk_loan_management_bg.state_bg_BLG,BLG33,Петрич,BG413,2898,41.367462,22.973652
bg_settlement_80618,80618,Черешница,Chereshnitsa,с.,BLG,tk_loan_management_bg.state_bg_BLG,BLG40,Сандански,BG413,2824,41.494871,23.458227
bg_settlement_87446,87446,Яново,Yanovo,с.,BLG,tk_loan_management_bg.state_bg_BLG,BLG40,Сандански,BG413,2816,41.437884,23.488071
bg_settlement_56174,56174,Петрово,Petrovo,с.,BLG,tk_loan_management_bg.state_bg_BLG,BLG40,Сандански,BG413,2815,41.437807,23.504585
bg_settlement_57176,57176,Поленица,Polenitsa,с.,BLG,tk_loan_management_bg.state_bg_BLG,BLG40,Сандански,BG413,2804,41.566031,23.295617
bg_settlement_37486,37486,Ковачево,Kovachevo,с.,BLG,tk_loan_management_bg.state_bg_BLG,BLG40,Сандански,BG413,2824,41.499018,23.48275
bg_settlement_43030,43030,Ладарево,Ladarevo,с.,BLG,tk_loan_management_bg.state_bg_BLG,BLG40,Сандански,BG413,2811,41.550991,23.343131
bg_settlement_43503,43503,Лехово,Lehovo,с.,BLG,tk_loan_management_bg.state_bg_BLG,BLG40,Сандански,BG413,2816,41.410614,23.487149
bg_settlement_47754,47754,Мелник,Melnik,гр.,BLG,tk_loan_management_bg.state_bg_BLG,BLG40,Сандански,BG413,2820,41.522813,23.390978
bg_settlement_20345,20345,Дебрене,Debrene,с.,BLG,tk_loan_management_bg.state_bg_BLG,BLG40,Сандански,BG413,2803,41.575676,23.314288
bg_settlement_20780,20780,Джигурово,Dzhigurovo,с.,BLG,tk_loan_management_bg.state_bg_BLG,BLG40,Сандански,BG413,2812,41.558836,23.311656
bg_settlement_31139,31139,Златолист,Zlatolist,с.,BLG,tk_loan_management_bg.state_bg_BLG,BLG40,Сандански,BG413,2830,41.495094,23.421728
bg_settlement_11168,11168,Виногради,Vinogradi,с.,BLG,tk_loan_management_bg.state_bg_BLG,BLG40,Сандански,BG413,2822,41.498079,23.383724
bg_settlement_16969,16969,Горно Спанчево,Gorno Spanchevo,с.,BLG,tk_loan_management_bg.state_bg_BLG,BLG40,Сандански,BG413,2824,41.50203,23.500491
bg_settlement_03335,03335,Белевехчево,Belevehchevo,с.,BLG,tk_loan_management_bg.state_bg_BLG,BLG40,Сандански,BG413,2800,41.565472,23.307214
bg_settlement_81013,81013,Черниче,Cherniche,с.,BLG,tk_loan_management_bg.state_bg_BLG,BLG44,Симитли,BG413,2741,41.859478,23.127437
bg_settlement_57162,57162,Полена,Polena,с.,BLG,tk_loan_management_bg.state_bg_BLG,BLG44,Симитли,BG413,2758,41.846455,23.106873
bg_settlement_40052,40052,Крупник,Krupnik,с.,BLG,tk_loan_management_bg.state_bg_BLG,BLG44,Симитли,BG413,2740,41.84825,23.116703
bg_settlement_17405,17405,Градево,Gradevo,с.,BLG,tk_loan_management_bg.state_bg_BLG,BLG44,Симитли,BG413,2755,41.917779,23.194825
bg_settlement_55227,55227,Палат,Palat,с.,BLG,tk_loan_management_bg.state_bg_BLG,BLG49,Струмяни,BG413,2829,41.592028,23.190524
bg_settlement_77058,77058,Хаджидимово,Hadzhidimovo,гр.,BLG,tk_loan_management_bg.state_bg_BLG,BLG52,Хаджидимово,BG413,2933,41.515603,23.851112
bg_settlement_56109,56109,Петрелик,Petrelik,с.,BLG,tk_loan_management_bg.state_bg_BLG,BLG52,Хаджидимово,BG413,2936,41.486275,23.864068
bg_settlement_04399,04399,Блатска,Blatska,с.,BLG,tk_loan_management_bg.state_bg_BLG,BLG52,Хаджидимово,BG413,2941,41.5335,23.865457
bg_settlement_51216,51216,Невестино,Nevestino,с.,KNL,tk_loan_management_bg.state_bg_KNL,KNL31,Невестино,BG415,2595,42.254208,22.849268
bg_settlement_51336,51336,Неделкова Гращица,Nedelkova Grashtitsa,с.,KNL,tk_loan_management_bg.state_bg_KNL,KNL31,Невестино,BG415,2594,42.237247,22.801002
bg_settlement_55542,55542,Пастух,Pastuh,с.,KNL,tk_loan_management_bg.state_bg_KNL,KNL31,Невестино,BG415,2595,42.204752,22.902707
bg_settlement_68789,68789,Дупница,Dupnitsa,гр.,KNL,tk_loan_management_bg.state_bg_KNL,KNL48,Дупница,BG415,2600,42.264302,23.115307
bg_settlement_20763,20763,Джерман,Dzherman,с.,KNL,tk_loan_management_bg.state_bg_KNL,KNL48,Дупница,BG415,2648,42.224322,23.082661
bg_settlement_02350,02350,Баланово,Balanovo,с.,KNL,tk_loan_management_bg.state_bg_KNL,KNL48,Дупница,BG415,2680,42.248956,23.05884
bg_settlement_16242,16242,Горна Козница,Gorna Koznitsa,с.,KNL,tk_loan_management_bg.state_bg_KNL,KNL04,Бобов дол,BG415,2687,42.323026,22.908896
bg_settlement_67252,67252,Слатино,Slatino,с.,KNL,tk_loan_management_bg.state_bg_KNL,KNL05,Бобошево,BG415,2642,42.161214,23.055575
bg_settlement_68062,68062,Сопово,Sopovo,с.,KNL,tk_loan_management_bg.state_bg_KNL,KNL05,Бобошево,BG415,2664,42.174397,23.024243
bg_settlement_75174,75174,Усойка,Usoyka,с.,KNL,tk_loan_management_bg.state_bg_KNL,KNL05,Бобошево,BG415,2675,42.192272,23.059807
bg_settlement_21565,21565,Доброво,Dobrovo,с.,KNL,tk_loan_management_bg.state_bg_KNL,KNL05,Бобошево,BG415,2662,42.172552,22.978995
bg_settlement_04314,04314,Блажиево,Blazhievo,с.,KNL,tk_loan_management_bg.state_bg_KNL,KNL05,Бобошево,BG415,2678,42.202416,23.048886
bg_settlement_04532,04532,Бобошево,Boboshevo,гр.,KNL,tk_loan_management_bg.state_bg_KNL,KNL05,Бобошево,BG415,2660,42.152706,23.000388
bg_settlement_69261,69261,Стоб,Stob,с.,KNL,tk_loan_management_bg.state_bg_KNL,KNL27,Кочериново,BG415,2638,42.096033,23.103285
bg_settlement_49360,49360,Мурсалево,Mursalevo,с.,KNL,tk_loan_management_bg.state_bg_KNL,KNL27,Кочериново,BG415,2623,42.118942,23.038567
bg_settlement_57830,57830,Пороминово,Porominovo,с.,KNL,tk_loan_management_bg.state_bg_KNL,KNL27,Кочериново,BG415,2639,42.080755,23.087335
bg_settlement_39116,39116,Кочериново,Kocherinovo,гр.,KNL,tk_loan_management_bg.state_bg_KNL,KNL27,Кочериново,BG415,2640,42.085784,23.05647
bg_settlement_39997,39997,Крумово,Krumovo,с.,KNL,tk_loan_management_bg.state_bg_KNL,KNL27,Кочериново,BG415,2627,42.077828,23.0219
bg_settlement_23323,23323,Драгодан,Dragodan,с.,KNL,tk_loan_management_bg.state_bg_KNL,KNL27,Кочериново,BG415,2625,42.117707,23.018949
bg_settlement_07065,07065,Бураново,Buranovo,с.,KNL,tk_loan_management_bg.state_bg_KNL,KNL27,Кочериново,BG415,2628,42.092118,23.015331
bg_settlement_02748,02748,Бараково,Barakovo,с.,KNL,tk_loan_management_bg.state_bg_KNL,KNL27,Кочериново,BG415,2634,42.063158,23.059921
bg_settlement_05565,05565,Боровец,Borovets,с.,KNL,tk_loan_management_bg.state_bg_KNL,KNL27,Кочериново,BG415,2626,42.105966,23.021436
bg_settlement_73691,73691,Търновлаг,Tarnovlag,с.,KNL,tk_loan_management_bg.state_bg_KNL,KNL29,Кюстендил,BG415,2532,42.278024,22.782459
bg_settlement_52026,52026,Нови чифлик,Novi chiflik,с.,KNL,tk_loan_management_bg.state_bg_KNL,KNL29,Кюстендил,BG415,2531,42.26695,22.806048
bg_settlement_38474,38474,Копиловци,Kopilovtsi,с.,KNL,tk_loan_management_bg.state_bg_KNL,KNL29,Кюстендил,BG415,2543,42.330257,22.736611
bg_settlement_22071,22071,Долна Гращица,Dolna Grashtitsa,с.,KNL,tk_loan_management_bg.state_bg_KNL,KNL29,Кюстендил,BG415,2536,42.299233,22.792645
bg_settlement_29026,29026,Жабокрът,Zhabokrat,с.,KNL,tk_loan_management_bg.state_bg_KNL,KNL29,Кюстендил,BG415,2545,42.301316,22.75884
bg_settlement_14917,14917,Гирчевци,Girchevtsi,с.,KNL,tk_loan_management_bg.state_bg_KNL,KNL29,Кюстендил,BG415,2546,42.292741,22.767433
bg_settlement_02138,02138,Багренци,Bagrentsi,с.,KNL,tk_loan_management_bg.state_bg_KNL,KNL29,Кюстендил,BG415,2530,42.279051,22.760483
bg_settlement_80437,80437,Червен,Cherven,с.,PDV,tk_loan_management_bg.state_bg_PDV,PDV01,Асеновград,BG421,4252,41.949272,24.956221
bg_settlement_72789,72789,Тополово,Topolovo,с.,PDV,tk_loan_management_bg.state_bg_PDV,PDV01,Асеновград,BG421,4260,41.902331,25.005299
bg_settlement_51830,51830,Новаково,Novakovo,с.,PDV,tk_loan_management_bg.state_bg_PDV,PDV01,Асеновград,BG421,4262,41.892611,25.066123
bg_settlement_22839,22839,Долнослав,Dolnoslav,с.,PDV,tk_loan_management_bg.state_bg_PDV,PDV01,Асеновград,BG421,4254,41.93223,24.982258
bg_settlement_02974,02974,Бачково,Bachkovo,с.,PDV,tk_loan_management_bg.state_bg_PDV,PDV01,Асеновград,BG421,4251,41.95179,24.858674
bg_settlement_81308,81308,Чехларе,Chehlare,с.,PDV,tk_loan_management_bg.state_bg_PDV,PDV07,Брезово,BG421,4159,42.420099,25.158383
bg_settlement_70593,70593,Сърнегор,Sarnegor,с.,PDV,tk_loan_management_bg.state_bg_PDV,PDV07,Брезово,BG421,4146,42.458706,24.937123
bg_settlement_62966,62966,Розовец,Rozovets,с.,PDV,tk_loan_management_bg.state_bg_PDV,PDV07,Брезово,BG421,4154,42.462049,25.115339
bg_settlement_30750,30750,Зелениково,Zelenikovo,с.,PDV,tk_loan_management_bg.state_bg_PDV,PDV07,Брезово,BG421,4155,42.406923,25.081446
bg_settlement_31160,31160,Златосел,Zlatosel,с.,PDV,tk_loan_management_bg.state_bg_PDV,PDV07,Брезово,BG421,4162,42.413696,25.014357
bg_settlement_12680,12680,Върбен,Varben,с.,PDV,tk_loan_management_bg.state_bg_PDV,PDV07,Брезово,BG421,4145,42.419898,24.966774
bg_settlement_02035,02035,Бабек,Babek,с.,PDV,tk_loan_management_bg.state_bg_PDV,PDV07,Брезово,BG421,4156,42.442753,25.073891
bg_settlement_54465,54465,Отец Паисиево,Otets Paisievo,с.,PDV,tk_loan_management_bg.state_bg_PDV,PDV12,Калояново,BG421,4207,42.455541,24.894269
bg_settlement_67235,67235,Слатина,Slatina,с.,PDV,tk_loan_management_bg.state_bg_PDV,PDV13,Карлово,BG421,4342,42.681536,24.579859
bg_settlement_67903,67903,Соколица,Sokolitsa,с.,PDV,tk_loan_management_bg.state_bg_PDV,PDV13,Карлово,BG421,4367,42.58506,24.84814
bg_settlement_69420,69420,Столетово,Stoletovo,с.,PDV,tk_loan_management_bg.state_bg_PDV,PDV13,Карлово,BG421,4338,42.688003,24.619642
bg_settlement_55676,55676,Певците,Pevtsite,с.,PDV,tk_loan_management_bg.state_bg_PDV,PDV13,Карлово,BG421,4335,42.674902,24.65896
bg_settlement_58616,58616,Пролом,Prolom,с.,PDV,tk_loan_management_bg.state_bg_PDV,PDV13,Карлово,BG421,4358,42.516772,24.878689
bg_settlement_36186,36186,Каравелово,Karavelovo,с.,PDV,tk_loan_management_bg.state_bg_PDV,PDV13,Карлово,BG421,4350,42.62622,24.655478
bg_settlement_36498,36498,Карлово,Karlovo,гр.,PDV,tk_loan_management_bg.state_bg_PDV,PDV13,Карлово,BG421,4300,42.642033,24.808209
bg_settlement_37229,37229,Климент,Kliment,с.,PDV,tk_loan_management_bg.state_bg_PDV,PDV13,Карлово,BG421,4348,42.597982,24.685703
bg_settlement_40703,40703,Куртово,Kurtovo,с.,PDV,tk_loan_management_bg.state_bg_PDV,PDV13,Карлово,BG421,4369,42.591242,24.905859
bg_settlement_47250,47250,Марино поле,Marino pole,с.,PDV,tk_loan_management_bg.state_bg_PDV,PDV13,Карлово,BG421,4365,42.587224,24.864974
bg_settlement_49117,49117,Московец,Moskovets,с.,PDV,tk_loan_management_bg.state_bg_PDV,PDV13,Карлово,BG421,4333,42.654758,24.694118
bg_settlement_22931,22931,Домлян,Domlyan,с.,PDV,tk_loan_management_bg.state_bg_PDV,PDV13,Карлово,BG421,4357,42.534614,24.912353
bg_settlement_24241,24241,Дъбене,Dabene,с.,PDV,tk_loan_management_bg.state_bg_PDV,PDV13,Карлово,BG421,4349,42.598003,24.765948
bg_settlement_32226,32226,Иганово,Iganovo,с.,PDV,tk_loan_management_bg.state_bg_PDV,PDV13,Карлово,BG421,4334,42.677395,24.680559
bg_settlement_10207,10207,Васил Левски,Vasil Levski,с.,PDV,tk_loan_management_bg.state_bg_PDV,PDV13,Карлово,BG421,4363,42.615096,24.898873
bg_settlement_10291,10291,Ведраре,Vedrare,с.,PDV,tk_loan_management_bg.state_bg_PDV,PDV13,Карлово,BG421,4364,42.574448,24.878648
bg_settlement_12005,12005,Войнягово,Voynyagovo,с.,PDV,tk_loan_management_bg.state_bg_PDV,PDV13,Карлово,BG421,4347,42.573602,24.755277
bg_settlement_16513,16513,Горни Домлян,Gorni Domlyan,с.,PDV,tk_loan_management_bg.state_bg_PDV,PDV13,Карлово,BG421,4368,42.56682,24.896301
bg_settlement_03109,03109,Бегунци,Beguntsi,с.,PDV,tk_loan_management_bg.state_bg_PDV,PDV13,Карлово,BG421,4359,42.546702,24.879601
bg_settlement_04563,04563,Богдан,Bogdan,с.,PDV,tk_loan_management_bg.state_bg_PDV,PDV13,Карлово,BG421,4343,42.642791,24.643851
bg_settlement_56335,56335,Буково,Bukovo,с.,PDV,tk_loan_management_bg.state_bg_PDV,PDV23,Първомай,BG421,4295,41.94607,25.244983
bg_settlement_11627,11627,Воден,Voden,с.,PDV,tk_loan_management_bg.state_bg_PDV,PDV23,Първомай,BG421,4289,41.965644,25.296519
bg_settlement_68080,68080,Сопот,Sopot,гр.,PDV,tk_loan_management_bg.state_bg_PDV,PDV43,Сопот,BG421,4330,42.653572,24.756775
bg_settlement_00480,00480,Анево,Anevo,с.,PDV,tk_loan_management_bg.state_bg_PDV,PDV43,Сопот,BG421,4331,42.656384,24.723876
bg_settlement_63238,63238,Руен,Ruen,с.,PDV,tk_loan_management_bg.state_bg_PDV,PDV42,Куклен,BG421,4102,42.014901,24.807074
bg_settlement_23426,23426,Драгомир,Dragomir,с.,PDV,tk_loan_management_bg.state_bg_PDV,PDV33,Съединение,BG421,4184,42.370115,24.470194
bg_settlement_69016,69016,Старосел,Starosel,с.,PDV,tk_loan_management_bg.state_bg_PDV,PDV37,Хисаря,BG421,4175,42.485923,24.570206
bg_settlement_77270,77270,Хисаря,Hisarya,гр.,PDV,tk_loan_management_bg.state_bg_PDV,PDV37,Хисаря,BG421,4180,42.502469,24.703274
bg_settlement_55378,55378,Паничери,Panicheri,с.,PDV,tk_loan_management_bg.state_bg_PDV,PDV37,Хисаря,BG421,4179,42.459165,24.618086
bg_settlement_39579,39579,Красново,Krasnovo,с.,PDV,tk_loan_management_bg.state_bg_PDV,PDV37,Хисаря,BG421,4178,42.467556,24.482914
bg_settlement_40333,40333,Кръстевич,Krastevich,с.,PDV,tk_loan_management_bg.state_bg_PDV,PDV37,Хисаря,BG421,4177,42.482021,24.434102
bg_settlement_46752,46752,Мало Крушево,Malo Krushevo,с.,PDV,tk_loan_management_bg.state_bg_PDV,PDV37,Хисаря,BG421,4183,42.417634,24.490511
bg_settlement_48564,48564,Михилци,Mihiltsi,с.,PDV,tk_loan_management_bg.state_bg_PDV,PDV37,Хисаря,BG421,4361,42.523836,24.80106
bg_settlement_03589,03589,Беловица,Belovitsa,с.,PDV,tk_loan_management_bg.state_bg_PDV,PDV37,Хисаря,BG421,4182,42.424736,24.531715
bg_settlement_67862,67862,Соколенци,Sokolentsi,с.,HKV,tk_loan_management_bg.state_bg_HKV,HKV11,Ивайловград,BG422,6595,41.484148,25.916207
bg_settlement_77520,77520,Хухла,Huhla,с.,HKV,tk_loan_management_bg.state_bg_HKV,HKV11,Ивайловград,BG422,6571,41.564417,26.098869
bg_settlement_51857,51857,Нова ливада,Nova livada,с.,HKV,tk_loan_management_bg.state_bg_HKV,HKV11,Ивайловград,BG422,6595,41.494558,25.935747
bg_settlement_55748,55748,Плевун,Plevun,с.,HKV,tk_loan_management_bg.state_bg_HKV,HKV11,Ивайловград,BG422,6593,41.455998,26.019644
bg_settlement_57145,57145,Покрован,Pokrovan,с.,HKV,tk_loan_management_bg.state_bg_HKV,HKV11,Ивайловград,BG422,6575,41.546018,26.04986
bg_settlement_59197,59197,Пъстроок,Pastrook,с.,HKV,tk_loan_management_bg.state_bg_HKV,HKV11,Ивайловград,BG422,6597,41.46512,25.93878
bg_settlement_62935,62935,Розино,Rozino,с.,HKV,tk_loan_management_bg.state_bg_HKV,HKV11,Ивайловград,BG422,6596,41.455941,25.90243
bg_settlement_35997,35997,Камилски дол,Kamilski dol,с.,HKV,tk_loan_management_bg.state_bg_HKV,HKV11,Ивайловград,BG422,6571,41.599226,26.054805
bg_settlement_36508,36508,Карловско,Karlovsko,с.,HKV,tk_loan_management_bg.state_bg_HKV,HKV11,Ивайловград,BG422,6572,41.527881,25.929667
bg_settlement_37410,37410,Кобилино,Kobilino,с.,HKV,tk_loan_management_bg.state_bg_HKV,HKV11,Ивайловград,BG422,6593,41.503995,26.000057
bg_settlement_38248,38248,Кондово,Kondovo,с.,HKV,tk_loan_management_bg.state_bg_HKV,HKV11,Ивайловград,BG422,6593,41.43338,26.015523
bg_settlement_38964,38964,Костилково,Kostilkovo,с.,HKV,tk_loan_management_bg.state_bg_HKV,HKV11,Ивайловград,BG422,6593,41.419462,26.04846
bg_settlement_22825,22825,Долноселци,Dolnoseltsi,с.,HKV,tk_loan_management_bg.state_bg_HKV,HKV11,Ивайловград,BG422,6573,41.602812,25.989799
bg_settlement_29074,29074,Железари,Zhelezari,с.,HKV,tk_loan_management_bg.state_bg_HKV,HKV11,Ивайловград,BG422,6594,41.414403,25.997755
bg_settlement_29101,29101,Железино,Zhelezino,с.,HKV,tk_loan_management_bg.state_bg_HKV,HKV11,Ивайловград,BG422,6595,41.475972,25.950218
bg_settlement_35143,35143,Казак,Kazak,с.,HKV,tk_loan_management_bg.state_bg_HKV,HKV11,Ивайловград,BG422,6590,41.410115,25.878633
bg_settlement_05904,05904,Ботурче,Boturche,с.,HKV,tk_loan_management_bg.state_bg_HKV,HKV11,Ивайловград,BG422,6589,41.378936,25.941369
bg_settlement_10906,10906,Ветрушка,Vetrushka,с.,HKV,tk_loan_management_bg.state_bg_HKV,HKV11,Ивайловград,BG422,6591,41.452875,25.864613
bg_settlement_11199,11199,Вис,Vis,с.,HKV,tk_loan_management_bg.state_bg_HKV,HKV11,Ивайловград,BG422,6591,41.44628,25.855506
bg_settlement_15240,15240,Гнездаре,Gnezdare,с.,HKV,tk_loan_management_bg.state_bg_HKV,HKV11,Ивайловград,BG422,6590,41.388524,25.929259
bg_settlement_16941,16941,Горноселци,Gornoseltsi,с.,HKV,tk_loan_management_bg.state_bg_HKV,HKV11,Ивайловград,BG422,6574,41.577205,25.985806
bg_settlement_17169,17169,Горско,Gorsko,с.,HKV,tk_loan_management_bg.state_bg_HKV,HKV11,Ивайловград,BG422,6590,41.421497,25.836235
bg_settlement_06803,06803,Брястово,Bryastovo,с.,HKV,tk_loan_management_bg.state_bg_HKV,HKV19,Минерални бани,BG422,6345,41.924055,25.321484
bg_settlement_11106,11106,Винево,Vinevo,с.,HKV,tk_loan_management_bg.state_bg_HKV,HKV19,Минерални бани,BG422,6375,41.811171,25.3078
bg_settlement_00446,00446,Ангел войвода,Angel voyvoda,с.,HKV,tk_loan_management_bg.state_bg_HKV,HKV19,Минерални бани,BG422,6373,41.828532,25.285963
bg_settlement_49446,49446,Мустрак,Mustrak,с.,HKV,tk_loan_management_bg.state_bg_HKV,HKV28,Свиленград,BG422,6527,41.865055,26.304937
bg_settlement_61131,61131,Равна гора,Ravna gora,с.,HKV,tk_loan_management_bg.state_bg_HKV,HKV28,Свиленград,BG422,6526,41.868225,26.344799
bg_settlement_39001,39001,Костур,Kostur,с.,HKV,tk_loan_management_bg.state_bg_HKV,HKV28,Свиленград,BG422,6533,41.97332,26.28657
bg_settlement_43877,43877,Лисово,Lisovo,с.,HKV,tk_loan_management_bg.state_bg_HKV,HKV28,Свиленград,BG422,6541,41.942309,26.315595
bg_settlement_48533,48533,Михалич,Mihalich,с.,HKV,tk_loan_management_bg.state_bg_HKV,HKV28,Свиленград,BG422,6537,41.856013,26.417772
bg_settlement_48698,48698,Младиново,Mladinovo,с.,HKV,tk_loan_management_bg.state_bg_HKV,HKV28,Свиленград,BG422,6531,41.938748,26.232187
bg_settlement_65629,65629,Светослав,Svetoslav,с.,HKV,tk_loan_management_bg.state_bg_HKV,HKV30,Стамболово,BG422,6378,41.652351,25.644038
bg_settlement_66411,66411,Силен,Silen,с.,HKV,tk_loan_management_bg.state_bg_HKV,HKV30,Стамболово,BG422,6380,41.683309,25.711408
bg_settlement_57618,57618,Поповец,Popovets,с.,HKV,tk_loan_management_bg.state_bg_HKV,HKV30,Стамболово,BG422,6398,41.70512,25.63858
bg_settlement_59207,59207,Пътниково,Patnikovo,с.,HKV,tk_loan_management_bg.state_bg_HKV,HKV30,Стамболово,BG422,6379,41.683434,25.652651
bg_settlement_37126,37126,Кладенец,Kladenets,с.,HKV,tk_loan_management_bg.state_bg_HKV,HKV30,Стамболово,BG422,6395,41.737795,25.675208
bg_settlement_44803,44803,Лясковец,Lyaskovets,с.,HKV,tk_loan_management_bg.state_bg_HKV,HKV30,Стамболово,BG422,6397,41.71262,25.697653
bg_settlement_30908,30908,Зимовина,Zimovina,с.,HKV,tk_loan_management_bg.state_bg_HKV,HKV30,Стамболово,BG422,6396,41.705391,25.662472
bg_settlement_07781,07781,Бял кладенец,Byal kladenets,с.,HKV,tk_loan_management_bg.state_bg_HKV,HKV30,Стамболово,BG422,6377,41.647911,25.632636
bg_settlement_11692,11692,Воденци,Vodentsi,с.,HKV,tk_loan_management_bg.state_bg_HKV,HKV30,Стамболово,BG422,6382,41.683215,25.686062
bg_settlement_02436,02436,Балкан,Balkan,с.,HKV,tk_loan_management_bg.state_bg_HKV,HKV30,Стамболово,BG422,6363,41.766878,25.572668
bg_settlement_65156,65156,Сакарци,Sakartsi,с.,HKV,tk_loan_management_bg.state_bg_HKV,HKV32,Тополовград,BG422,6568,42.046176,26.293756
bg_settlement_77325,77325,Хлябово,Hlyabovo,с.,HKV,tk_loan_management_bg.state_bg_HKV,HKV32,Тополовград,BG422,6568,42.05983,26.254247
bg_settlement_56664,56664,Планиново,Planinovo,с.,HKV,tk_loan_management_bg.state_bg_HKV,HKV32,Тополовград,BG422,6560,41.956937,26.375499
bg_settlement_07346,07346,Българска поляна,Balgarska polyana,с.,HKV,tk_loan_management_bg.state_bg_HKV,HKV32,Тополовград,BG422,6569,42.030173,26.198365
bg_settlement_80552,80552,Черепово,Cherepovo,с.,HKV,tk_loan_management_bg.state_bg_HKV,HKV33,Харманли,BG422,6462,42.00509,26.145938
bg_settlement_23741,23741,Дрипчево,Dripchevo,с.,HKV,tk_loan_management_bg.state_bg_HKV,HKV33,Харманли,BG422,6477,41.977884,26.214763
bg_settlement_06080,06080,Браница,Branitsa,с.,HKV,tk_loan_management_bg.state_bg_HKV,HKV33,Харманли,BG422,6463,42.000765,26.085805
bg_settlement_04724,04724,Богомил,Bogomil,с.,HKV,tk_loan_management_bg.state_bg_HKV,HKV33,Харманли,BG422,6460,41.989787,26.023558
bg_settlement_83288,83288,Широка поляна,Shiroka polyana,с.,HKV,tk_loan_management_bg.state_bg_HKV,HKV34,Хасково,BG422,6365,41.813879,25.409377
bg_settlement_51682,51682,Николово,Nikolovo,с.,HKV,tk_loan_management_bg.state_bg_HKV,HKV34,Хасково,BG422,6364,41.82884,25.409965
bg_settlement_47442,47442,Маслиново,Maslinovo,с.,HKV,tk_loan_management_bg.state_bg_HKV,HKV34,Хасково,BG422,6388,41.768008,25.534396
bg_settlement_18232,18232,Гълъбец,Galabets,с.,HKV,tk_loan_management_bg.state_bg_HKV,HKV34,Хасково,BG422,6366,41.843551,25.437036
bg_settlement_31365,31365,Зорница,Zornitsa,с.,HKV,tk_loan_management_bg.state_bg_HKV,HKV34,Хасково,BG422,6367,41.807255,25.442478
bg_settlement_16729,16729,Горно Войводино,Gorno Voyvodino,с.,HKV,tk_loan_management_bg.state_bg_HKV,HKV34,Хасково,BG422,6388,41.777547,25.549714
bg_settlement_66086,66086,Селска поляна,Selska polyana,с.,HKV,tk_loan_management_bg.state_bg_HKV,HKV18,Маджарово,BG422,6487,41.709819,25.835687
bg_settlement_46499,46499,Малки Воден,Malki Voden,с.,HKV,tk_loan_management_bg.state_bg_HKV,HKV18,Маджарово,BG422,6479,41.670389,25.952299
bg_settlement_22856,22856,Долно Съдиево,Dolno Sadievo,с.,HKV,tk_loan_management_bg.state_bg_HKV,HKV18,Маджарово,BG422,6455,41.709562,25.742869
bg_settlement_27663,27663,Ефрем,Efrem,с.,HKV,tk_loan_management_bg.state_bg_HKV,HKV18,Маджарово,BG422,6476,41.712497,25.915016
bg_settlement_31173,31173,Златоустово,Zlatoustovo,с.,HKV,tk_loan_management_bg.state_bg_HKV,HKV18,Маджарово,BG422,6484,41.711365,25.798611
bg_settlement_06584,06584,Брусевци,Brusevtsi,с.,HKV,tk_loan_management_bg.state_bg_HKV,HKV18,Маджарово,BG422,6488,41.583866,25.931776
bg_settlement_16907,16907,Горно поле,Gorno pole,с.,HKV,tk_loan_management_bg.state_bg_HKV,HKV18,Маджарово,BG422,6486,41.658761,25.853073
bg_settlement_66634,66634,Сираково,Sirakovo,с.,HKV,tk_loan_management_bg.state_bg_HKV,HKV19,Минерални бани,BG422,6359,41.885569,25.370993
bg_settlement_68237,68237,Спахиево,Spahievo,с.,HKV,tk_loan_management_bg.state_bg_HKV,HKV19,Минерални бани,BG422,6346,41.897054,25.329754
bg_settlement_70651,70651,Сърница,Sarnitsa,с.,HKV,tk_loan_management_bg.state_bg_HKV,HKV19,Минерални бани,BG422,6361,41.865592,25.290027
bg_settlement_36325,36325,Караманци,Karamantsi,с.,HKV,tk_loan_management_bg.state_bg_HKV,HKV19,Минерални бани,BG422,6372,41.834435,25.329486
bg_settlement_38042,38042,Колец,Kolets,с.,HKV,tk_loan_management_bg.state_bg_HKV,HKV19,Минерални бани,BG422,6376,41.85483,25.342884
bg_settlement_48297,48297,Минерални бани,Mineralni bani,с.,HKV,tk_loan_management_bg.state_bg_HKV,HKV19,Минерални бани,BG422,6343,41.93723,25.349123
bg_settlement_05983,05983,Боян Ботево,Boyan Botevo,с.,HKV,tk_loan_management_bg.state_bg_HKV,HKV19,Минерални бани,BG422,6374,41.835384,25.302124
bg_settlement_66202,66202,Семчиново,Semchinovo,с.,PAZ,tk_loan_management_bg.state_bg_PAZ,PAZ29,Септември,BG423,4474,42.178231,24.097229
bg_settlement_66439,66439,Симеоновец,Simeonovets,с.,PAZ,tk_loan_management_bg.state_bg_PAZ,PAZ29,Септември,BG423,4475,42.17169,24.10615
bg_settlement_10104,10104,Варвара,Varvara,с.,PAZ,tk_loan_management_bg.state_bg_PAZ,PAZ29,Септември,BG423,4492,42.161345,24.124732
bg_settlement_10820,10820,Ветрен,Vetren,гр.,PAZ,tk_loan_management_bg.state_bg_PAZ,PAZ29,Септември,BG423,4480,42.280577,24.045303
bg_settlement_65807,65807,Свобода,Svoboda,с.,PAZ,tk_loan_management_bg.state_bg_PAZ,PAZ32,Стрелча,BG423,4532,42.39442,24.336941
bg_settlement_67516,67516,Смилец,Smilets,с.,PAZ,tk_loan_management_bg.state_bg_PAZ,PAZ32,Стрелча,BG423,4531,42.408175,24.377155
bg_settlement_69835,69835,Стрелча,Strelcha,гр.,PAZ,tk_loan_management_bg.state_bg_PAZ,PAZ32,Стрелча,BG423,4530,42.503367,24.321545
bg_settlement_24726,24726,Дюлево,Dyulevo,с.,PAZ,tk_loan_management_bg.state_bg_PAZ,PAZ32,Стрелча,BG423,4529,42.450858,24.378171
bg_settlement_04368,04368,Блатница,Blatnitsa,с.,PAZ,tk_loan_management_bg.state_bg_PAZ,PAZ32,Стрелча,BG423,4537,42.372759,24.402466
bg_settlement_48903,48903,Момина клисура,Momina klisura,с.,PAZ,tk_loan_management_bg.state_bg_PAZ,PAZ04,Белово,BG423,4468,42.227246,23.978797
bg_settlement_24414,24414,Дъбравите,Dabravite,с.,PAZ,tk_loan_management_bg.state_bg_PAZ,PAZ04,Белово,BG423,4472,42.225506,24.019668
bg_settlement_15802,15802,Голямо Белово,Golyamo Belovo,с.,PAZ,tk_loan_management_bg.state_bg_PAZ,PAZ04,Белово,BG423,4473,42.19195,23.987662
bg_settlement_06207,06207,Брацигово,Bratsigovo,гр.,PAZ,tk_loan_management_bg.state_bg_PAZ,PAZ06,Брацигово,BG423,4579,42.023135,24.369601
bg_settlement_78478,78478,Церово,Tserovo,с.,PAZ,tk_loan_management_bg.state_bg_PAZ,PAZ14,Лесичово,BG423,4465,42.357669,24.052668
bg_settlement_65468,65468,Сбор,Sbor,с.,PAZ,tk_loan_management_bg.state_bg_PAZ,PAZ19,Пазарджик,BG423,4449,42.339812,24.295922
bg_settlement_78056,78056,Цар Асен,Tsar Asen,с.,PAZ,tk_loan_management_bg.state_bg_PAZ,PAZ19,Пазарджик,BG423,4422,42.361758,24.345828
bg_settlement_78570,78570,Црънча,Tsrancha,с.,PAZ,tk_loan_management_bg.state_bg_PAZ,PAZ19,Пазарджик,BG423,4419,42.111558,24.226594
bg_settlement_53285,53285,Овчеполци,Ovchepoltsi,с.,PAZ,tk_loan_management_bg.state_bg_PAZ,PAZ19,Пазарджик,BG423,4448,42.335294,24.400561
bg_settlement_55556,55556,Паталеница,Patalenitsa,с.,PAZ,tk_loan_management_bg.state_bg_PAZ,PAZ19,Пазарджик,BG423,4418,42.125528,24.20306
bg_settlement_57128,57128,Поибрене,Poibrene,с.,PAZ,tk_loan_management_bg.state_bg_PAZ,PAZ20,Панагюрище,BG423,4524,42.503555,24.002615
bg_settlement_57580,57580,Попинци,Popintsi,с.,PAZ,tk_loan_management_bg.state_bg_PAZ,PAZ20,Панагюрище,BG423,4528,42.422964,24.276404
bg_settlement_22681,22681,Левски,Levski,с.,PAZ,tk_loan_management_bg.state_bg_PAZ,PAZ20,Панагюрище,BG423,4535,42.36467,24.281528
bg_settlement_27406,27406,Елшица,Elshitsa,с.,PAZ,tk_loan_management_bg.state_bg_PAZ,PAZ20,Панагюрище,BG423,4538,42.368918,24.218542
bg_settlement_07572,07572,Бъта,Bata,с.,PAZ,tk_loan_management_bg.state_bg_PAZ,PAZ20,Панагюрище,BG423,4527,42.450837,24.181945
bg_settlement_02717,02717,Баня,Banya,с.,PAZ,tk_loan_management_bg.state_bg_PAZ,PAZ20,Панагюрище,BG423,4523,42.463541,24.138929
bg_settlement_56277,56277,Пещера,Peshtera,гр.,PAZ,tk_loan_management_bg.state_bg_PAZ,PAZ21,Пещера,BG423,4550,42.034391,24.303315
bg_settlement_61371,61371,Радилово,Radilovo,с.,PAZ,tk_loan_management_bg.state_bg_PAZ,PAZ21,Пещера,BG423,4590,42.080331,24.307764
bg_settlement_51319,51319,Неделино,Nedelino,гр.,SML,tk_loan_management_bg.state_bg_SML,SML18,Неделино,BG424,4990,41.459749,25.076953
bg_settlement_41157,41157,Еленка,Elenka,с.,SML,tk_loan_management_bg.state_bg_SML,SML18,Неделино,BG424,4990,41.467639,25.113835
bg_settlement_41277,41277,Крайна,Krayna,с.,SML,tk_loan_management_bg.state_bg_SML,SML18,Неделино,BG424,4900,41.481325,24.918317
bg_settlement_24952,24952,Дуня,Dunya,с.,SML,tk_loan_management_bg.state_bg_SML,SML18,Неделино,BG424,4990,41.458156,25.036062
bg_settlement_21871,21871,Долен,Dolen,с.,SML,tk_loan_management_bg.state_bg_SML,SML11,Златоград,BG424,4985,41.423098,25.13384
bg_settlement_31111,31111,Златоград,Zlatograd,гр.,SML,tk_loan_management_bg.state_bg_SML,SML11,Златоград,BG424,4980,41.380483,25.094713
bg_settlement_66723,66723,Скалина,Skalina,с.,KRZ,tk_loan_management_bg.state_bg_KRZ,KRZ08,Джебел,BG425,6846,41.465595,25.311488
bg_settlement_67502,67502,Слънчоглед,Slanchogled,с.,KRZ,tk_loan_management_bg.state_bg_KRZ,KRZ08,Джебел,BG425,6850,41.491776,25.359768
bg_settlement_68120,68120,Софийци,Sofiytsi,с.,KRZ,tk_loan_management_bg.state_bg_KRZ,KRZ08,Джебел,BG425,6850,41.534785,25.361598
bg_settlement_72211,72211,Телчарка,Telcharka,с.,KRZ,tk_loan_management_bg.state_bg_KRZ,KRZ08,Джебел,BG425,6850,41.488678,25.275166
bg_settlement_73715,73715,Търновци,Tarnovtsi,с.,KRZ,tk_loan_management_bg.state_bg_KRZ,KRZ08,Джебел,BG425,6850,41.502083,25.242272
bg_settlement_73804,73804,Тютюнче,Tyutyunche,с.,KRZ,tk_loan_management_bg.state_bg_KRZ,KRZ08,Джебел,BG425,6850,41.505094,25.27747
bg_settlement_80128,80128,Чакалци,Chakaltsi,с.,KRZ,tk_loan_management_bg.state_bg_KRZ,KRZ08,Джебел,BG425,6850,41.493575,25.327765
bg_settlement_49268,49268,Мрежичко,Mrezhichko,с.,KRZ,tk_loan_management_bg.state_bg_KRZ,KRZ08,Джебел,BG425,6845,41.463139,25.269274
bg_settlement_53271,53271,Овчево,Ovchevo,с.,KRZ,tk_loan_management_bg.state_bg_KRZ,KRZ08,Джебел,BG425,6846,41.456713,25.304572
bg_settlement_55436,55436,Папрат,Paprat,с.,KRZ,tk_loan_management_bg.state_bg_KRZ,KRZ08,Джебел,BG425,6851,41.515321,25.280819
bg_settlement_56589,56589,Плазище,Plazishte,с.,KRZ,tk_loan_management_bg.state_bg_KRZ,KRZ08,Джебел,BG425,6850,41.525878,25.332937
bg_settlement_56976,56976,Подвръх,Podvrah,с.,KRZ,tk_loan_management_bg.state_bg_KRZ,KRZ08,Джебел,BG425,6850,41.498561,25.337483
bg_settlement_57412,57412,Полянец,Polyanets,с.,KRZ,tk_loan_management_bg.state_bg_KRZ,KRZ08,Джебел,BG425,6847,41.480869,25.345034
bg_settlement_57947,57947,Поточе,Potoche,с.,KRZ,tk_loan_management_bg.state_bg_KRZ,KRZ08,Джебел,BG425,6850,41.545761,25.303098
bg_settlement_62654,62654,Ридино,Ridino,с.,KRZ,tk_loan_management_bg.state_bg_KRZ,KRZ08,Джебел,BG425,6849,41.4404,25.283634
bg_settlement_62801,62801,Рогозари,Rogozari,с.,KRZ,tk_loan_management_bg.state_bg_KRZ,KRZ08,Джебел,BG425,6845,41.462653,25.347019
bg_settlement_62846,62846,Рогозче,Rogozche,с.,KRZ,tk_loan_management_bg.state_bg_KRZ,KRZ08,Джебел,BG425,6845,41.463243,25.293783
bg_settlement_63611,63611,Рът,Rat,с.,KRZ,tk_loan_management_bg.state_bg_KRZ,KRZ08,Джебел,BG425,6850,41.551749,25.321378
bg_settlement_35972,35972,Каменяне,Kamenyane,с.,KRZ,tk_loan_management_bg.state_bg_KRZ,KRZ08,Джебел,BG425,6850,41.538481,25.295229
bg_settlement_37736,37736,Козица,Kozitsa,с.,KRZ,tk_loan_management_bg.state_bg_KRZ,KRZ08,Джебел,BG425,6848,41.450846,25.277625
bg_settlement_20746,20746,Джебел,Dzhebel,гр.,KRZ,tk_loan_management_bg.state_bg_KRZ,KRZ08,Джебел,BG425,6850,41.496539,25.304106
bg_settlement_24195,24195,Душинково,Dushinkovo,с.,KRZ,tk_loan_management_bg.state_bg_KRZ,KRZ08,Джебел,BG425,6846,41.480187,25.338015
bg_settlement_29564,29564,Жълти рид,Zhalti rid,с.,KRZ,tk_loan_management_bg.state_bg_KRZ,KRZ08,Джебел,BG425,6846,41.462925,25.334652
bg_settlement_32634,32634,Илийско,Iliysko,с.,KRZ,tk_loan_management_bg.state_bg_KRZ,KRZ08,Джебел,BG425,6845,41.453332,25.33549
bg_settlement_35184,35184,Казаците,Kazatsite,с.,KRZ,tk_loan_management_bg.state_bg_KRZ,KRZ08,Джебел,BG425,6850,41.476138,25.275134
bg_settlement_07939,07939,Брежана,Brezhana,с.,KRZ,tk_loan_management_bg.state_bg_KRZ,KRZ08,Джебел,BG425,6850,41.489742,25.216317
bg_settlement_10389,10389,Великденче,Velikdenche,с.,KRZ,tk_loan_management_bg.state_bg_KRZ,KRZ08,Джебел,BG425,6845,41.451408,25.351564
bg_settlement_12468,12468,Вълкович,Valkovich,с.,KRZ,tk_loan_management_bg.state_bg_KRZ,KRZ08,Джебел,BG425,6850,41.520445,25.318649
bg_settlement_00206,00206,Албанци,Albantsi,с.,KRZ,tk_loan_management_bg.state_bg_KRZ,KRZ08,Джебел,BG425,6850,41.495091,25.270636
bg_settlement_81493,81493,Чичево,Chichevo,с.,KRZ,tk_loan_management_bg.state_bg_KRZ,KRZ14,Кирково,BG425,6869,41.347231,25.277716
bg_settlement_81565,81565,Чорбаджийско,Chorbadzhiysko,с.,KRZ,tk_loan_management_bg.state_bg_KRZ,KRZ14,Кирково,BG425,6890,41.372071,25.402972
bg_settlement_83449,83449,Шопци,Shoptsi,с.,KRZ,tk_loan_management_bg.state_bg_KRZ,KRZ14,Кирково,BG425,6883,41.38217,25.379988
bg_settlement_83538,83538,Шумнатица,Shumnatitsa,с.,KRZ,tk_loan_management_bg.state_bg_KRZ,KRZ14,Кирково,BG425,6888,41.300973,25.371746
bg_settlement_87309,87309,Яковица,Yakovitsa,с.,KRZ,tk_loan_management_bg.state_bg_KRZ,KRZ14,Кирково,BG425,6870,41.324581,25.27768
bg_settlement_87415,87415,Янино,Yanino,с.,KRZ,tk_loan_management_bg.state_bg_KRZ,KRZ14,Кирково,BG425,6865,41.388046,25.2885
bg_settlement_65214,65214,Самодива,Samodiva,с.,KRZ,tk_loan_management_bg.state_bg_KRZ,KRZ14,Кирково,BG425,6878,41.435688,25.33378
bg_settlement_68953,68953,Старово,Starovo,с.,KRZ,tk_loan_management_bg.state_bg_KRZ,KRZ14,Кирково,BG425,6877,41.417337,25.313796
bg_settlement_76159,76159,Фотиново,Fotinovo,с.,KRZ,tk_loan_management_bg.state_bg_KRZ,KRZ14,Кирково,BG425,6873,41.386765,25.352498
bg_settlement_77092,77092,Хаджийско,Hadzhiysko,с.,KRZ,tk_loan_management_bg.state_bg_KRZ,KRZ14,Кирково,BG425,6875,41.396045,25.339187
bg_settlement_78183,78183,Царино,Tsarino,с.,KRZ,tk_loan_management_bg.state_bg_KRZ,KRZ14,Кирково,BG425,6893,41.328154,25.43516
bg_settlement_80090,80090,Чакаларово,Chakalarovo,с.,KRZ,tk_loan_management_bg.state_bg_KRZ,KRZ14,Кирково,BG425,6870,41.296112,25.304757
bg_settlement_51086,51086,Нане,Nane,с.,KRZ,tk_loan_management_bg.state_bg_KRZ,KRZ14,Кирково,BG425,6800,41.430035,25.461669
bg_settlement_53878,53878,Орлица,Orlitsa,с.,KRZ,tk_loan_management_bg.state_bg_KRZ,KRZ14,Кирково,BG425,6892,41.315175,25.404996
bg_settlement_54393,54393,Островец,Ostrovets,с.,KRZ,tk_loan_management_bg.state_bg_KRZ,KRZ14,Кирково,BG425,6881,41.395723,25.382865
bg_settlement_57039,57039,Подкова,Podkova,с.,KRZ,tk_loan_management_bg.state_bg_KRZ,KRZ14,Кирково,BG425,6880,41.398201,25.39773
bg_settlement_58178,58178,Пресека,Preseka,с.,KRZ,tk_loan_management_bg.state_bg_KRZ,KRZ14,Кирково,BG425,6862,41.387984,25.181432
bg_settlement_59054,59054,Първенци,Parventsi,с.,KRZ,tk_loan_management_bg.state_bg_KRZ,KRZ14,Кирково,BG425,6865,41.420804,25.228432
bg_settlement_59063,59063,Първица,Parvitsa,с.,KRZ,tk_loan_management_bg.state_bg_KRZ,KRZ14,Кирково,BG425,6882,41.374691,25.364705
bg_settlement_62236,62236,Растник,Rastnik,с.,KRZ,tk_loan_management_bg.state_bg_KRZ,KRZ14,Кирково,BG425,6865,41.396357,25.280341
bg_settlement_36748,36748,Каялоба,Kayaloba,с.,KRZ,tk_loan_management_bg.state_bg_KRZ,KRZ14,Кирково,BG425,6865,41.360471,25.193502
bg_settlement_36926,36926,Кирково,Kirkovo,с.,KRZ,tk_loan_management_bg.state_bg_KRZ,KRZ14,Кирково,BG425,6884,41.328168,25.365249
bg_settlement_37071,37071,Китна,Kitna,с.,KRZ,tk_loan_management_bg.state_bg_KRZ,KRZ14,Кирково,BG425,6868,41.372593,25.237328
bg_settlement_37767,37767,Козлево,Kozlevo,с.,KRZ,tk_loan_management_bg.state_bg_KRZ,KRZ14,Кирково,BG425,6865,41.415509,25.237146
bg_settlement_39013,39013,Костурино,Kosturino,с.,KRZ,tk_loan_management_bg.state_bg_KRZ,KRZ14,Кирково,BG425,6884,41.349845,25.301174
bg_settlement_39877,39877,Крилатица,Krilatitsa,с.,KRZ,tk_loan_management_bg.state_bg_KRZ,KRZ14,Кирково,BG425,6884,41.355203,25.343805
bg_settlement_40988,40988,Кърчовско,Karchovsko,с.,KRZ,tk_loan_management_bg.state_bg_KRZ,KRZ14,Кирково,BG425,6873,41.411472,25.352162
bg_settlement_41174,41174,Кремен,Kremen,с.,KRZ,tk_loan_management_bg.state_bg_KRZ,KRZ14,Кирково,BG425,6870,41.292069,25.331475
bg_settlement_46680,46680,Малкоч,Malkoch,с.,KRZ,tk_loan_management_bg.state_bg_KRZ,KRZ14,Кирково,BG425,6898,41.342014,25.535315
bg_settlement_47531,47531,Медевци,Medevtsi,с.,KRZ,tk_loan_management_bg.state_bg_KRZ,KRZ14,Кирково,BG425,6865,41.383347,25.299249
bg_settlement_47888,47888,Метличина,Metlichina,с.,KRZ,tk_loan_management_bg.state_bg_KRZ,KRZ14,Кирково,BG425,6873,41.400846,25.339688
bg_settlement_48845,48845,Могиляне,Mogilyane,с.,KRZ,tk_loan_management_bg.state_bg_KRZ,KRZ14,Кирково,BG425,6867,41.370555,25.230843
bg_settlement_18558,18558,Горно Кирково,Gorno Kirkovo,с.,KRZ,tk_loan_management_bg.state_bg_KRZ,KRZ14,Кирково,BG425,6884,41.322839,25.349389
bg_settlement_20496,20496,Дедец,Dedets,с.,KRZ,tk_loan_management_bg.state_bg_KRZ,KRZ14,Кирково,BG425,6861,41.386768,25.220791
bg_settlement_20554,20554,Делвино,Delvino,с.,KRZ,tk_loan_management_bg.state_bg_KRZ,KRZ14,Кирково,BG425,6896,41.378611,25.457219
bg_settlement_20777,20777,Джерово,Dzherovo,с.,KRZ,tk_loan_management_bg.state_bg_KRZ,KRZ14,Кирково,BG425,6872,41.31193,25.308082
bg_settlement_21631,21631,Добромирци,Dobromirtsi,с.,KRZ,tk_loan_management_bg.state_bg_KRZ,KRZ14,Кирково,BG425,6861,41.380858,25.209986
bg_settlement_22678,22678,Долно Къпиново,Dolno Kapinovo,с.,KRZ,tk_loan_management_bg.state_bg_KRZ,KRZ14,Кирково,BG425,6870,41.292581,25.280061
bg_settlement_22928,22928,Домище,Domishte,с.,KRZ,tk_loan_management_bg.state_bg_KRZ,KRZ14,Кирково,BG425,6887,41.356755,25.374362
bg_settlement_23577,23577,Дрангово,Drangovo,с.,KRZ,tk_loan_management_bg.state_bg_KRZ,KRZ14,Кирково,BG425,6860,41.332977,25.24417
bg_settlement_23803,23803,Дружинци,Druzhintsi,с.,KRZ,tk_loan_management_bg.state_bg_KRZ,KRZ14,Кирково,BG425,6885,41.327048,25.340166
bg_settlement_23892,23892,Дрянова глава,Dryanova glava,с.,KRZ,tk_loan_management_bg.state_bg_KRZ,KRZ14,Кирково,BG425,6865,41.375304,25.301909
bg_settlement_24743,24743,Дюлица,Dyulitsa,с.,KRZ,tk_loan_management_bg.state_bg_KRZ,KRZ14,Кирково,BG425,6876,41.390389,25.314153
bg_settlement_27591,27591,Еровете,Erovete,с.,KRZ,tk_loan_management_bg.state_bg_KRZ,KRZ14,Кирково,BG425,6865,41.370481,25.28212
bg_settlement_30106,30106,Завоя,Zavoya,с.,KRZ,tk_loan_management_bg.state_bg_KRZ,KRZ14,Кирково,BG425,6885,41.335996,25.34781
bg_settlement_30140,30140,Загорски,Zagorski,с.,KRZ,tk_loan_management_bg.state_bg_KRZ,KRZ14,Кирково,BG425,6865,41.408284,25.230283
bg_settlement_30675,30675,Здравчец,Zdravchets,с.,KRZ,tk_loan_management_bg.state_bg_KRZ,KRZ14,Кирково,BG425,6861,41.398786,25.195208
bg_settlement_35016,35016,Светлен,Svetlen,с.,KRZ,tk_loan_management_bg.state_bg_KRZ,KRZ14,Кирково,BG425,6880,41.422277,25.420514
bg_settlement_07942,07942,Брегово,Bregovo,с.,KRZ,tk_loan_management_bg.state_bg_KRZ,KRZ14,Кирково,BG425,6878,41.429039,25.349679
bg_settlement_12886,12886,Върли дол,Varli dol,с.,KRZ,tk_loan_management_bg.state_bg_KRZ,KRZ14,Кирково,BG425,6873,41.353191,25.319343
bg_settlement_13055,13055,Вълчанка,Valchanka,с.,KRZ,tk_loan_management_bg.state_bg_KRZ,KRZ14,Кирково,BG425,6893,41.351144,25.441279
bg_settlement_17138,17138,Горски извор,Gorski izvor,с.,KRZ,tk_loan_management_bg.state_bg_KRZ,KRZ14,Кирково,BG425,6865,41.35079,25.158947
bg_settlement_00120,00120,Върбен,Varben,с.,KRZ,tk_loan_management_bg.state_bg_KRZ,KRZ14,Кирково,BG425,6873,41.405943,25.367395
bg_settlement_00905,00905,Априлци,Apriltsi,с.,KRZ,tk_loan_management_bg.state_bg_KRZ,KRZ14,Кирково,BG425,6888,41.319141,25.37202
bg_settlement_03825,03825,Бенковски,Benkovski,с.,KRZ,tk_loan_management_bg.state_bg_KRZ,KRZ14,Кирково,BG425,6865,41.377616,25.256244
bg_settlement_81205,81205,Чернооки,Chernooki,с.,KRZ,tk_loan_management_bg.state_bg_KRZ,KRZ15,Крумовград,BG425,6946,41.437762,25.766702
bg_settlement_81743,81743,Стражец,Strazhets,с.,KRZ,tk_loan_management_bg.state_bg_KRZ,KRZ15,Крумовград,BG425,6954,41.374576,25.875645
bg_settlement_65190,65190,Самовила,Samovila,с.,KRZ,tk_loan_management_bg.state_bg_KRZ,KRZ15,Крумовград,BG425,6942,41.408262,25.487153
bg_settlement_65454,65454,Сбор,Sbor,с.,KRZ,tk_loan_management_bg.state_bg_KRZ,KRZ15,Крумовград,BG425,6961,41.546733,25.746673
bg_settlement_66716,66716,Скалак,Skalak,с.,KRZ,tk_loan_management_bg.state_bg_KRZ,KRZ15,Крумовград,BG425,6923,41.438002,25.63433
bg_settlement_67132,67132,Сладкодум,Sladkodum,с.,KRZ,tk_loan_management_bg.state_bg_KRZ,KRZ15,Крумовград,BG425,6960,41.581809,25.720288
bg_settlement_67297,67297,Сливарка,Slivarka,с.,KRZ,tk_loan_management_bg.state_bg_KRZ,KRZ15,Крумовград,BG425,6919,41.453829,25.707437
bg_settlement_68936,68936,Стари чал,Stari chal,с.,KRZ,tk_loan_management_bg.state_bg_KRZ,KRZ15,Крумовград,BG425,6964,41.586678,25.647746
bg_settlement_70559,70559,Сърнак,Sarnak,с.,KRZ,tk_loan_management_bg.state_bg_KRZ,KRZ15,Крумовград,BG425,6924,41.432078,25.612201
bg_settlement_72429,72429,Тинтява,Tintyava,с.,KRZ,tk_loan_management_bg.state_bg_KRZ,KRZ15,Крумовград,BG425,6955,41.423311,25.786684
bg_settlement_80145,80145,Чал,Chal,с.,KRZ,tk_loan_management_bg.state_bg_KRZ,KRZ15,Крумовград,BG425,6947,41.506761,25.759284
bg_settlement_53206,53206,Овчари,Ovchari,с.,KRZ,tk_loan_management_bg.state_bg_KRZ,KRZ15,Крумовград,BG425,6922,41.440524,25.661091
bg_settlement_53713,53713,Орешари,Oreshari,с.,KRZ,tk_loan_management_bg.state_bg_KRZ,KRZ15,Крумовград,BG425,6929,41.598429,25.73796
bg_settlement_54821,54821,Орех,Oreh,с.,KRZ,tk_loan_management_bg.state_bg_KRZ,KRZ15,Крумовград,BG425,,41.447391,25.610153
bg_settlement_55751,55751,Пелин,Pelin,с.,KRZ,tk_loan_management_bg.state_bg_KRZ,KRZ15,Крумовград,BG425,6948,41.46751,25.731631
bg_settlement_57062,57062,Подрумче,Podrumche,с.,KRZ,tk_loan_management_bg.state_bg_KRZ,KRZ15,Крумовград,BG425,6945,41.4234,25.725771
bg_settlement_62617,62617,Рибино,Ribino,с.,KRZ,tk_loan_management_bg.state_bg_KRZ,KRZ15,Крумовград,BG425,6939,41.411387,25.540903
bg_settlement_62774,62774,Рогач,Rogach,с.,KRZ,tk_loan_management_bg.state_bg_KRZ,KRZ15,Крумовград,BG425,6916,41.454675,25.699552
bg_settlement_36021,36021,Кандилка,Kandilka,с.,KRZ,tk_loan_management_bg.state_bg_KRZ,KRZ15,Крумовград,BG425,6937,41.417973,25.585836
bg_settlement_36717,36717,Качулка,Kachulka,с.,KRZ,tk_loan_management_bg.state_bg_KRZ,KRZ15,Крумовград,BG425,6907,41.497337,25.688789
bg_settlement_80594,80594,Черешица,Chereshitsa,с.,KRZ,tk_loan_management_bg.state_bg_KRZ,KRZ16,Кърджали,BG425,6672,41.750023,25.504095
bg_settlement_81267,81267,Черньовци,Chernyovtsi,с.,KRZ,tk_loan_management_bg.state_bg_KRZ,KRZ16,Кърджали,BG425,6670,41.728592,25.531066
bg_settlement_87672,87672,Ястреб,Yastreb,с.,KRZ,tk_loan_management_bg.state_bg_KRZ,KRZ16,Кърджали,BG425,6687,41.750843,25.407144
bg_settlement_66336,66336,Сестринско,Sestrinsko,с.,KRZ,tk_loan_management_bg.state_bg_KRZ,KRZ16,Кърджали,BG425,6660,41.715347,25.623684
bg_settlement_66603,66603,Сипей,Sipey,с.,KRZ,tk_loan_management_bg.state_bg_KRZ,KRZ16,Кърджали,BG425,6629,41.645773,25.38818
bg_settlement_66929,66929,Скърбино,Skarbino,с.,KRZ,tk_loan_management_bg.state_bg_KRZ,KRZ16,Кърджали,BG425,6720,41.665324,25.384924
bg_settlement_67742,67742,Снежинка,Snezhinka,с.,KRZ,tk_loan_management_bg.state_bg_KRZ,KRZ16,Кърджали,BG425,6741,41.668764,25.283811
bg_settlement_67982,67982,Соколяне,Sokolyane,с.,KRZ,tk_loan_management_bg.state_bg_KRZ,KRZ16,Кърджали,BG425,6688,41.751621,25.437945
bg_settlement_68014,68014,Солище,Solishte,с.,KRZ,tk_loan_management_bg.state_bg_KRZ,KRZ16,Кърджали,BG425,6721,41.669557,25.387903
bg_settlement_68336,68336,Срединка,Sredinka,с.,KRZ,tk_loan_management_bg.state_bg_KRZ,KRZ16,Кърджали,BG425,6738,41.649057,25.341301
bg_settlement_68984,68984,Старо място,Staro myasto,с.,KRZ,tk_loan_management_bg.state_bg_KRZ,KRZ16,Кърджали,BG425,6741,41.664074,25.297976
bg_settlement_69612,69612,Стражевци,Strazhevtsi,с.,KRZ,tk_loan_management_bg.state_bg_KRZ,KRZ16,Кърджали,BG425,6731,41.619398,25.250713
bg_settlement_69715,69715,Страхил войвода,Strahil voyvoda,с.,KRZ,tk_loan_management_bg.state_bg_KRZ,KRZ16,Кърджали,BG425,6660,41.686368,25.636953
bg_settlement_69849,69849,Стремово,Stremovo,с.,KRZ,tk_loan_management_bg.state_bg_KRZ,KRZ16,Кърджали,BG425,6683,41.737818,25.406213
bg_settlement_69852,69852,Стремци,Stremtsi,с.,KRZ,tk_loan_management_bg.state_bg_KRZ,KRZ16,Кърджали,BG425,6680,41.728784,25.42227
bg_settlement_72120,72120,Татково,Tatkovo,с.,KRZ,tk_loan_management_bg.state_bg_KRZ,KRZ16,Кърджали,BG425,6668,41.730093,25.578618
bg_settlement_72802,72802,Тополчане,Topolchane,с.,KRZ,tk_loan_management_bg.state_bg_KRZ,KRZ16,Кърджали,BG425,6728,41.624944,25.315316
bg_settlement_73136,73136,Три могили,Tri mogili,с.,KRZ,tk_loan_management_bg.state_bg_KRZ,KRZ16,Кърджали,BG425,6682,41.739311,25.400643
bg_settlement_78149,78149,Царевец,Tsarevets,с.,KRZ,tk_loan_management_bg.state_bg_KRZ,KRZ16,Кърджали,BG425,6622,41.671422,25.350758
bg_settlement_53638,53638,Опълченско,Opalchensko,с.,KRZ,tk_loan_management_bg.state_bg_KRZ,KRZ16,Кърджали,BG425,6641,41.601805,25.358905
bg_settlement_53816,53816,Орешница,Oreshnitsa,с.,KRZ,tk_loan_management_bg.state_bg_KRZ,KRZ16,Кърджали,BG425,6655,41.687557,25.451984
bg_settlement_55422,55422,Панчево,Panchevo,с.,KRZ,tk_loan_management_bg.state_bg_KRZ,KRZ16,Кърджали,BG425,6657,41.653631,25.415419
bg_settlement_55840,55840,Пепелище,Pepelishte,с.,KRZ,tk_loan_management_bg.state_bg_KRZ,KRZ16,Кърджали,BG425,6643,41.585455,25.381018
bg_settlement_56054,56054,Петлино,Petlino,с.,KRZ,tk_loan_management_bg.state_bg_KRZ,KRZ16,Кърджали,BG425,6634,41.607472,25.349485
bg_settlement_56928,56928,Повет,Povet,с.,KRZ,tk_loan_management_bg.state_bg_KRZ,KRZ16,Кърджали,BG425,6630,41.651519,25.401462
bg_settlement_58997,58997,Пъдарци,Padartsi,с.,KRZ,tk_loan_management_bg.state_bg_KRZ,KRZ16,Кърджали,BG425,6746,41.681535,25.258784
bg_settlement_62445,62445,Резбарци,Rezbartsi,с.,KRZ,tk_loan_management_bg.state_bg_KRZ,KRZ16,Кърджали,BG425,6649,41.620071,25.359618
bg_settlement_62668,62668,Ридово,Ridovo,с.,KRZ,tk_loan_management_bg.state_bg_KRZ,KRZ16,Кърджали,BG425,6742,41.669829,25.285929
bg_settlement_37928,37928,Кокиче,Kokiche,с.,KRZ,tk_loan_management_bg.state_bg_KRZ,KRZ16,Кърджали,BG425,6676,41.691544,25.569881
bg_settlement_37962,37962,Кокошане,Kokoshane,с.,KRZ,tk_loan_management_bg.state_bg_KRZ,KRZ16,Кърджали,BG425,6733,41.61223,25.270473
bg_settlement_38282,38282,Конево,Konevo,с.,KRZ,tk_loan_management_bg.state_bg_KRZ,KRZ16,Кърджали,BG425,6661,41.674248,25.610264
bg_settlement_39894,39894,Крин,Krin,с.,KRZ,tk_loan_management_bg.state_bg_KRZ,KRZ16,Кърджали,BG425,6671,41.743517,25.549421
bg_settlement_40186,40186,Крушка,Krushka,с.,KRZ,tk_loan_management_bg.state_bg_KRZ,KRZ16,Кърджали,BG425,6743,41.702799,25.273936
bg_settlement_41085,41085,Кьосево,Kyosevo,с.,KRZ,tk_loan_management_bg.state_bg_KRZ,KRZ16,Кърджали,BG425,6728,41.606562,25.304753
bg_settlement_44361,44361,Лъвово,Lavovo,с.,KRZ,tk_loan_management_bg.state_bg_KRZ,KRZ16,Кърджали,BG425,6638,41.567752,25.339078
bg_settlement_46139,46139,Майсторово,Maystorovo,с.,KRZ,tk_loan_management_bg.state_bg_KRZ,KRZ16,Кърджали,BG425,6675,41.691663,25.580544
bg_settlement_46214,46214,Македонци,Makedontsi,с.,KRZ,tk_loan_management_bg.state_bg_KRZ,KRZ16,Кърджали,BG425,6640,41.587593,25.356615
bg_settlement_48074,48074,Миладиново,Miladinovo,с.,KRZ,tk_loan_management_bg.state_bg_KRZ,KRZ16,Кърджали,BG425,6660,41.702705,25.607309
bg_settlement_49120,49120,Мост,Most,с.,KRZ,tk_loan_management_bg.state_bg_KRZ,KRZ16,Кърджали,BG425,6670,41.736575,25.520131
bg_settlement_21511,21511,Добриново,Dobrinovo,с.,KRZ,tk_loan_management_bg.state_bg_KRZ,KRZ16,Кърджали,BG425,6670,41.712652,25.535637
bg_settlement_21991,21991,Долище,Dolishte,с.,KRZ,tk_loan_management_bg.state_bg_KRZ,KRZ16,Кърджали,BG425,6663,41.676882,25.594682
bg_settlement_27512,27512,Енчец,Enchets,с.,KRZ,tk_loan_management_bg.state_bg_KRZ,KRZ16,Кърджали,BG425,6735,41.652647,25.328813
bg_settlement_29407,29407,Жинзифово,Zhinzifovo,с.,KRZ,tk_loan_management_bg.state_bg_KRZ,KRZ16,Кърджали,BG425,6654,41.664359,25.485972
bg_settlement_30475,30475,Звезден,Zvezden,с.,KRZ,tk_loan_management_bg.state_bg_KRZ,KRZ16,Кърджали,BG425,6658,41.675454,25.431847
bg_settlement_30747,30747,Зелениково,Zelenikovo,с.,KRZ,tk_loan_management_bg.state_bg_KRZ,KRZ16,Кърджали,BG425,6740,41.662611,25.326685
bg_settlement_30867,30867,Зимзелен,Zimzelen,с.,KRZ,tk_loan_management_bg.state_bg_KRZ,KRZ16,Кърджали,BG425,6627,41.658831,25.398764
bg_settlement_32161,32161,Иванци,Ivantsi,с.,KRZ,tk_loan_management_bg.state_bg_KRZ,KRZ16,Кърджали,BG425,6628,41.672652,25.396689
bg_settlement_35136,35136,Невестино,Nevestino,с.,KRZ,tk_loan_management_bg.state_bg_KRZ,KRZ16,Кърджали,BG425,6722,41.672144,25.373867
bg_settlement_35403,35403,Калинка,Kalinka,с.,KRZ,tk_loan_management_bg.state_bg_KRZ,KRZ16,Кърджали,BG425,6623,41.676874,25.362451
bg_settlement_06567,06567,Брош,Brosh,с.,KRZ,tk_loan_management_bg.state_bg_KRZ,KRZ16,Кърджали,BG425,6737,41.644739,25.329759
bg_settlement_07658,07658,Бяла поляна,Byala polyana,с.,KRZ,tk_loan_management_bg.state_bg_KRZ,KRZ16,Кърджали,BG425,6662,41.678902,25.628048
bg_settlement_07764,07764,Бялка,Byalka,с.,KRZ,tk_loan_management_bg.state_bg_KRZ,KRZ16,Кърджали,BG425,6656,41.67142,25.42104
bg_settlement_11243,11243,Висока поляна,Visoka polyana,с.,KRZ,tk_loan_management_bg.state_bg_KRZ,KRZ16,Кърджали,BG425,6678,41.671209,25.505765
bg_settlement_11346,11346,Вишеград,Vishegrad,с.,KRZ,tk_loan_management_bg.state_bg_KRZ,KRZ16,Кърджали,BG425,6646,41.611928,25.408707
bg_settlement_15000,15000,Главатарци,Glavatartsi,с.,KRZ,tk_loan_management_bg.state_bg_KRZ,KRZ16,Кърджали,BG425,6738,41.647072,25.310256
bg_settlement_15641,15641,Голяма бара,Golyama bara,с.,KRZ,tk_loan_management_bg.state_bg_KRZ,KRZ16,Кърджали,BG425,6744,41.716632,25.265383
bg_settlement_16267,16267,Горна крепост,Gorna krepost,с.,KRZ,tk_loan_management_bg.state_bg_KRZ,KRZ16,Кърджали,BG425,6685,41.724118,25.464716
bg_settlement_03006,03006,Бащино,Bashtino,с.,KRZ,tk_loan_management_bg.state_bg_KRZ,KRZ16,Кърджали,BG425,6669,41.71688,25.561558
bg_settlement_03499,03499,Бели пласт,Beli plast,с.,KRZ,tk_loan_management_bg.state_bg_KRZ,KRZ16,Кърджали,BG425,6689,41.776002,25.42879
bg_settlement_04409,04409,Бленика,Blenika,с.,KRZ,tk_loan_management_bg.state_bg_KRZ,KRZ16,Кърджали,BG425,6742,41.672794,25.32017
bg_settlement_04902,04902,Божак,Bozhak,с.,KRZ,tk_loan_management_bg.state_bg_KRZ,KRZ16,Кърджали,BG425,6744,41.702218,25.285347
bg_settlement_05325,05325,Болярци,Bolyartsi,с.,KRZ,tk_loan_management_bg.state_bg_KRZ,KRZ16,Кърджали,BG425,6681,41.704613,25.454407
bg_settlement_81548,81548,Чомаково,Chomakovo,с.,KRZ,tk_loan_management_bg.state_bg_KRZ,KRZ21,Момчилград,BG425,6800,41.57784,25.460871
bg_settlement_81734,81734,Чуково,Chukovo,с.,KRZ,tk_loan_management_bg.state_bg_KRZ,KRZ21,Момчилград,BG425,6818,41.489443,25.434309
bg_settlement_86030,86030,Върхари,Varhari,с.,KRZ,tk_loan_management_bg.state_bg_KRZ,KRZ21,Момчилград,BG425,6814,41.541123,25.379389
bg_settlement_65797,65797,Свобода,Svoboda,с.,KRZ,tk_loan_management_bg.state_bg_KRZ,KRZ21,Момчилград,BG425,6800,41.575226,25.418776
bg_settlement_65944,65944,Седефче,Sedefche,с.,KRZ,tk_loan_management_bg.state_bg_KRZ,KRZ21,Момчилград,BG425,6827,41.425798,25.531009
bg_settlement_65961,65961,Седлари,Sedlari,с.,KRZ,tk_loan_management_bg.state_bg_KRZ,KRZ21,Момчилград,BG425,6800,41.521241,25.380287
bg_settlement_66500,66500,Синделци,Sindeltsi,с.,KRZ,tk_loan_management_bg.state_bg_KRZ,KRZ21,Момчилград,BG425,6825,41.464459,25.573805
bg_settlement_67882,67882,Соколино,Sokolino,с.,KRZ,tk_loan_management_bg.state_bg_KRZ,KRZ21,Момчилград,BG425,6812,41.513135,25.431449
bg_settlement_70706,70706,Сярци,Syartsi,с.,KRZ,tk_loan_management_bg.state_bg_KRZ,KRZ21,Момчилград,BG425,6800,41.554225,25.345464
bg_settlement_72134,72134,Татул,Tatul,с.,KRZ,tk_loan_management_bg.state_bg_KRZ,KRZ21,Момчилград,BG425,6835,41.54599,25.547419
bg_settlement_80087,80087,Чайка,Chayka,с.,KRZ,tk_loan_management_bg.state_bg_KRZ,KRZ21,Момчилград,BG425,6820,41.502579,25.56258
bg_settlement_51097,51097,Нановица,Nanovitsa,с.,KRZ,tk_loan_management_bg.state_bg_KRZ,KRZ21,Момчилград,BG425,6830,41.550602,25.568589
bg_settlement_51473,51473,Неофит Бозвелиево,Neofit Bozvelievo,с.,KRZ,tk_loan_management_bg.state_bg_KRZ,KRZ21,Момчилград,BG425,6831,41.531357,25.562641
bg_settlement_55169,55169,Пазарци,Pazartsi,с.,KRZ,tk_loan_management_bg.state_bg_KRZ,KRZ21,Момчилград,BG425,6829,41.458256,25.526259
bg_settlement_57892,57892,Постник,Postnik,с.,KRZ,tk_loan_management_bg.state_bg_KRZ,KRZ21,Момчилград,BG425,6833,41.580594,25.562357
bg_settlement_59361,59361,Прогрес,Progres,с.,KRZ,tk_loan_management_bg.state_bg_KRZ,KRZ21,Момчилград,BG425,6819,41.495984,25.407879
bg_settlement_65098,65098,Садовица,Sadovitsa,с.,KRZ,tk_loan_management_bg.state_bg_KRZ,KRZ21,Момчилград,BG425,6815,41.506289,25.383285
bg_settlement_36350,36350,Карамфил,Karamfil,с.,KRZ,tk_loan_management_bg.state_bg_KRZ,KRZ21,Момчилград,BG425,6826,41.477481,25.560787
bg_settlement_38409,38409,Конче,Konche,с.,KRZ,tk_loan_management_bg.state_bg_KRZ,KRZ21,Момчилград,BG425,6828,41.445346,25.537697
bg_settlement_43102,43102,Лале,Lale,с.,KRZ,tk_loan_management_bg.state_bg_KRZ,KRZ21,Момчилград,BG425,6823,41.519617,25.548287
bg_settlement_43493,43493,Летовник,Letovnik,с.,KRZ,tk_loan_management_bg.state_bg_KRZ,KRZ21,Момчилград,BG425,6810,41.588562,25.41855
bg_settlement_48917,48917,Момина сълза,Momina salza,с.,KRZ,tk_loan_management_bg.state_bg_KRZ,KRZ21,Момчилград,BG425,6830,41.594578,25.525671
bg_settlement_23830,23830,Друмче,Drumche,с.,KRZ,tk_loan_management_bg.state_bg_KRZ,KRZ21,Момчилград,BG425,6820,41.501542,25.494057
bg_settlement_24966,24966,Девинци,Devintsi,с.,KRZ,tk_loan_management_bg.state_bg_KRZ,KRZ21,Момчилград,BG425,6833,41.566884,25.568783
bg_settlement_30154,30154,Загорско,Zagorsko,с.,KRZ,tk_loan_management_bg.state_bg_KRZ,KRZ21,Момчилград,BG425,6817,41.486031,25.379643
bg_settlement_17988,17988,Груево,Gruevo,с.,KRZ,tk_loan_management_bg.state_bg_KRZ,KRZ21,Момчилград,BG425,6809,41.566061,25.405532
bg_settlement_18126,18126,Гургулица,Gurgulitsa,с.,KRZ,tk_loan_management_bg.state_bg_KRZ,KRZ21,Момчилград,BG425,6830,41.585138,25.548771
bg_settlement_00828,00828,Ауста,Austa,с.,KRZ,tk_loan_management_bg.state_bg_KRZ,KRZ21,Момчилград,BG425,6821,41.492728,25.510983
bg_settlement_02155,02155,Багрянка,Bagryanka,с.,KRZ,tk_loan_management_bg.state_bg_KRZ,KRZ21,Момчилград,BG425,6819,41.508672,25.421826
bg_settlement_02292,02292,Балабаново,Balabanovo,с.,KRZ,tk_loan_management_bg.state_bg_KRZ,KRZ21,Момчилград,BG425,6816,41.571437,25.380348
bg_settlement_69122,69122,Стар читак,Star chitak,с.,KRZ,tk_loan_management_bg.state_bg_KRZ,KRZ02,Ардино,BG425,6792,41.668758,25.23261
bg_settlement_70319,70319,Сухово,Suhovo,с.,KRZ,tk_loan_management_bg.state_bg_KRZ,KRZ02,Ардино,BG425,6794,41.663807,25.257373
bg_settlement_80176,80176,Боровица,Borovitsa,с.,KRZ,tk_loan_management_bg.state_bg_KRZ,KRZ02,Ардино,BG425,6790,41.657973,25.220922
bg_settlement_54260,54260,Рибарци,Ribartsi,с.,KRZ,tk_loan_management_bg.state_bg_KRZ,KRZ02,Ардино,BG425,6790,41.666322,25.246087
bg_settlement_37085,37085,Китница,Kitnitsa,с.,KRZ,tk_loan_management_bg.state_bg_KRZ,KRZ02,Ардино,BG425,6791,41.679511,25.167163
bg_settlement_21806,21806,Дойранци,Doyrantsi,с.,KRZ,tk_loan_management_bg.state_bg_KRZ,KRZ02,Ардино,BG425,6799,41.712551,25.201726
bg_settlement_87103,87103,Ябълчени,Yabalcheni,с.,KRZ,tk_loan_management_bg.state_bg_KRZ,KRZ35,Черноочене,BG425,6715,41.762703,25.334262
bg_settlement_68415,68415,Среднево,Srednevo,с.,KRZ,tk_loan_management_bg.state_bg_KRZ,KRZ35,Черноочене,BG425,6717,41.759266,25.354468
bg_settlement_55568,55568,Патица,Patitsa,с.,KRZ,tk_loan_management_bg.state_bg_KRZ,KRZ35,Черноочене,BG425,6710,41.731195,25.366114
bg_settlement_55960,55960,Петелово,Petelovo,с.,KRZ,tk_loan_management_bg.state_bg_KRZ,KRZ35,Черноочене,BG425,6666,41.824623,25.36215
bg_settlement_58731,58731,Пряпорец,Pryaporets,с.,KRZ,tk_loan_management_bg.state_bg_KRZ,KRZ35,Черноочене,BG425,6716,41.754967,25.355125
bg_settlement_58829,58829,Пчеларово,Pchelarovo,с.,KRZ,tk_loan_management_bg.state_bg_KRZ,KRZ35,Черноочене,BG425,6664,41.785863,25.364198
bg_settlement_44820,44820,Лясково,Lyaskovo,с.,KRZ,tk_loan_management_bg.state_bg_KRZ,KRZ35,Черноочене,BG425,6667,41.811241,25.317773
bg_settlement_48307,48307,Минзухар,Minzuhar,с.,KRZ,tk_loan_management_bg.state_bg_KRZ,KRZ35,Черноочене,BG425,6665,41.772038,25.402247
bg_settlement_23114,23114,Драганово,Draganovo,с.,KRZ,tk_loan_management_bg.state_bg_KRZ,KRZ35,Черноочене,BG425,6714,41.7521,25.370006
bg_settlement_29132,29132,Железник,Zheleznik,с.,KRZ,tk_loan_management_bg.state_bg_KRZ,KRZ35,Черноочене,BG425,6711,41.743165,25.352272
bg_settlement_35047,35047,Каблешково,Kableshkovo,с.,KRZ,tk_loan_management_bg.state_bg_KRZ,KRZ35,Черноочене,BG425,6703,41.751079,25.343161
bg_settlement_05791,05791,Бостанци,Bostantsi,с.,KRZ,tk_loan_management_bg.state_bg_KRZ,KRZ35,Черноочене,BG425,6716,41.759267,25.378213
bg_settlement_07472,07472,Бърза река,Barza reka,с.,KRZ,tk_loan_management_bg.state_bg_KRZ,KRZ35,Черноочене,BG425,6710,41.7312,25.378903
bg_settlement_11613,11613,Водач,Vodach,с.,KRZ,tk_loan_management_bg.state_bg_KRZ,KRZ35,Черноочене,BG425,6709,41.759382,25.297478
bg_settlement_11805,11805,Вождово,Vozhdovo,с.,KRZ,tk_loan_management_bg.state_bg_KRZ,KRZ35,Черноочене,BG425,6716,41.760727,25.371383
bg_settlement_11987,11987,Войново,Voynovo,с.,KRZ,tk_loan_management_bg.state_bg_KRZ,KRZ35,Черноочене,BG425,6698,41.749797,25.177886
bg_settlement_02261,02261,Бакалите,Bakalite,с.,KRZ,tk_loan_management_bg.state_bg_KRZ,KRZ35,Черноочене,BG425,6698,41.739823,25.228862
bg_settlement_05089,05089,Божурци,Bozhurtsi,с.,KRZ,tk_loan_management_bg.state_bg_KRZ,KRZ35,Черноочене,BG425,6704,41.747029,25.333562
bg_settlement_05640,05640,Боровско,Borovsko,с.,KRZ,tk_loan_management_bg.state_bg_KRZ,KRZ35,Черноочене,BG425,6698,41.733377,25.232675
bg_settlement_37558,37558,Ковил,Kovil,с.,KRZ,tk_loan_management_bg.state_bg_KRZ,KRZ15,Крумовград,BG425,6913,41.510401,25.663971
bg_settlement_37622,37622,Кожухарци,Kozhuhartsi,с.,KRZ,tk_loan_management_bg.state_bg_KRZ,KRZ15,Крумовград,BG425,6957,41.594641,25.755151
bg_settlement_39565,39565,Красино,Krasino,с.,KRZ,tk_loan_management_bg.state_bg_KRZ,KRZ15,Крумовград,BG425,6962,41.549031,25.708078
bg_settlement_40823,40823,Къклица,Kaklitsa,с.,KRZ,tk_loan_management_bg.state_bg_KRZ,KRZ15,Крумовград,BG425,6927,41.396652,25.635277
bg_settlement_43726,43726,Лимец,Limets,с.,KRZ,tk_loan_management_bg.state_bg_KRZ,KRZ15,Крумовград,BG425,6936,41.374155,25.627008
bg_settlement_44344,44344,Луличка,Lulichka,с.,KRZ,tk_loan_management_bg.state_bg_KRZ,KRZ15,Крумовград,BG425,6921,41.468478,25.602951
bg_settlement_46471,46471,Малка Чинка,Malka Chinka,с.,KRZ,tk_loan_management_bg.state_bg_KRZ,KRZ15,Крумовград,BG425,6941,41.399491,25.52303
bg_settlement_46601,46601,Малко Каменяне,Malko Kamenyane,с.,KRZ,tk_loan_management_bg.state_bg_KRZ,KRZ15,Крумовград,BG425,6927,41.389371,25.68226
bg_settlement_47860,47860,Метлика,Metlika,с.,KRZ,tk_loan_management_bg.state_bg_KRZ,KRZ15,Крумовград,BG425,6938,41.426877,25.551152
bg_settlement_20393,20393,Девесилица,Devesilitsa,с.,KRZ,tk_loan_management_bg.state_bg_KRZ,KRZ15,Крумовград,BG425,6934,41.361574,25.678651
bg_settlement_20732,20732,Джанка,Dzhanka,с.,KRZ,tk_loan_management_bg.state_bg_KRZ,KRZ15,Крумовград,BG425,6908,41.531069,25.672222
bg_settlement_22157,22157,Долна кула,Dolna kula,с.,KRZ,tk_loan_management_bg.state_bg_KRZ,KRZ15,Крумовград,BG425,6953,41.552368,25.640077
bg_settlement_22544,22544,Долни Юруци,Dolni Yurutsi,с.,KRZ,tk_loan_management_bg.state_bg_KRZ,KRZ15,Крумовград,BG425,6954,41.360704,25.92502
bg_settlement_24459,24459,Дъждовник,Dazhdovnik,с.,KRZ,tk_loan_management_bg.state_bg_KRZ,KRZ15,Крумовград,BG425,6917,41.433112,25.678277
bg_settlement_27036,27036,Егрек,Egrek,с.,KRZ,tk_loan_management_bg.state_bg_KRZ,KRZ15,Крумовград,BG425,6931,41.330539,25.621252
bg_settlement_30538,30538,Звънарка,Zvanarka,с.,KRZ,tk_loan_management_bg.state_bg_KRZ,KRZ15,Крумовград,BG425,6920,41.44243,25.628654
bg_settlement_30911,30911,Зиморница,Zimornitsa,с.,KRZ,tk_loan_management_bg.state_bg_KRZ,KRZ15,Крумовград,BG425,6965,41.361615,25.488332
bg_settlement_06906,06906,Бук,Buk,с.,KRZ,tk_loan_management_bg.state_bg_KRZ,KRZ15,Крумовград,BG425,6966,41.347274,25.552475
bg_settlement_15713,15713,Голяма Чинка,Golyama Chinka,с.,KRZ,tk_loan_management_bg.state_bg_KRZ,KRZ15,Крумовград,BG425,6940,41.404047,25.564489
bg_settlement_15727,15727,Голям Девесил,Golyam Devesil,с.,KRZ,tk_loan_management_bg.state_bg_KRZ,KRZ15,Крумовград,BG425,6932,41.340872,25.648058
bg_settlement_15878,15878,Голямо Каменяне,Golyamo Kamenyane,с.,KRZ,tk_loan_management_bg.state_bg_KRZ,KRZ15,Крумовград,BG425,6925,41.406576,25.708751
bg_settlement_16287,16287,Горна кула,Gorna kula,с.,KRZ,tk_loan_management_bg.state_bg_KRZ,KRZ15,Крумовград,BG425,6952,41.49583,25.600866
bg_settlement_16660,16660,Горни Юруци,Gorni Yurutsi,с.,KRZ,tk_loan_management_bg.state_bg_KRZ,KRZ15,Крумовград,BG425,6954,41.348303,25.91827
bg_settlement_17868,17868,Гривка,Grivka,с.,KRZ,tk_loan_management_bg.state_bg_KRZ,KRZ15,Крумовград,BG425,6965,41.374796,25.492852
bg_settlement_18071,18071,Гулийка,Guliyka,с.,KRZ,tk_loan_management_bg.state_bg_KRZ,KRZ15,Крумовград,BG425,6943,41.451041,25.722069
bg_settlement_18085,18085,Гулия,Gulia,с.,KRZ,tk_loan_management_bg.state_bg_KRZ,KRZ15,Крумовград,BG425,6926,41.418838,25.683664
bg_settlement_04306,04306,Благун,Blagun,с.,KRZ,tk_loan_management_bg.state_bg_KRZ,KRZ15,Крумовград,BG425,6955,41.376303,25.742419
bg_settlement_07357,07357,Български извор,Balgarski izvor,с.,LOV,tk_loan_management_bg.state_bg_LOV,LOV33,Тетевен,BG315,5733,43.035574,24.287919
bg_settlement_83329,83329,Шишенци,Shishentsi,с.,VID,tk_loan_management_bg.state_bg_VID,VID03,Бойница,BG311,3834,43.982647,22.478591
bg_settlement_55868,55868,Периловец,Perilovets,с.,VID,tk_loan_management_bg.state_bg_VID,VID03,Бойница,BG311,3841,43.992827,22.541562
bg_settlement_80950,80950,Черни връх,Cherni vrah,с.,SHU,tk_loan_management_bg.state_bg_SHU,SHU25,Смядово,BG333,9827,43.046214,27.197115
bg_settlement_36511,36511,Карлуково,Karlukovo,с.,LOV,tk_loan_management_bg.state_bg_LOV,LOV19,Луковит,BG315,5782,43.165315,24.066622
bg_settlement_24236,24236,Дъбен,Daben,с.,LOV,tk_loan_management_bg.state_bg_LOV,LOV19,Луковит,BG315,5787,43.131126,24.215135
bg_settlement_43058,43058,Торос,Toros,с.,LOV,tk_loan_management_bg.state_bg_LOV,LOV19,Луковит,BG315,5790,43.09687,24.278612
bg_settlement_56318,56318,Пещерна,Peshterna,с.,LOV,tk_loan_management_bg.state_bg_LOV,LOV19,Луковит,BG315,5788,43.078291,24.249155
bg_settlement_00045,00045,Мокрен,Mokren,с.,SLV,tk_loan_management_bg.state_bg_SLV,SLV11,Котел,BG342,8994,42.739735,26.63201
bg_settlement_61039,61039,Раброво,Rabrovo,с.,VID,tk_loan_management_bg.state_bg_VID,VID03,Бойница,BG311,3842,44.018724,22.568686
bg_settlement_58966,58966,Пъдарево,Padarevo,с.,SLV,tk_loan_management_bg.state_bg_SLV,SLV11,Котел,BG342,8992,42.728463,26.668658
bg_settlement_05195,05195,Бойница,Boynitsa,с.,VID,tk_loan_management_bg.state_bg_VID,VID03,Бойница,BG311,3840,43.956979,22.532411
bg_settlement_05428,05428,Бориловец,Borilovets,с.,VID,tk_loan_management_bg.state_bg_VID,VID03,Бойница,BG311,3838,43.998545,22.497198
bg_settlement_04443,04443,Близнец,Bliznets,с.,SLV,tk_loan_management_bg.state_bg_SLV,SLV24,Твърдица,BG342,8896,42.632981,26.051751
bg_settlement_00429,00429,Алцек,Altsek,с.,DOB,tk_loan_management_bg.state_bg_DOB,DOB15,Добрич-селска,BG332,9434,43.775878,27.541485
bg_settlement_55765,55765,Пелишат,Pelishat,с.,PVN,tk_loan_management_bg.state_bg_PVN,PVN24,Плевен,BG314,5895,43.347468,24.796405
bg_settlement_73523,73523,Тученица,Tuchenitsa,с.,PVN,tk_loan_management_bg.state_bg_PVN,PVN24,Плевен,BG314,5892,43.34047,24.69419
bg_settlement_00374,00374,Самуилово,Samuilovo,с.,DOB,tk_loan_management_bg.state_bg_DOB,DOB15,Добрич-селска,BG332,9384,43.584554,27.639883
bg_settlement_36419,36419,Карапелит,Karapelit,с.,DOB,tk_loan_management_bg.state_bg_DOB,DOB15,Добрич-селска,BG332,9390,43.648186,27.5693
bg_settlement_35674,35674,Камен,Kamen,с.,DOB,tk_loan_management_bg.state_bg_DOB,DOB15,Добрич-селска,BG332,9425,43.717187,27.71038
bg_settlement_31067,31067,Златия,Zlatia,с.,DOB,tk_loan_management_bg.state_bg_DOB,DOB15,Добрич-селска,BG332,9385,43.586077,27.686388
bg_settlement_32723,32723,Имренчево,Imrenchevo,с.,SHU,tk_loan_management_bg.state_bg_SHU,SHU23,Велики Преслав,BG333,9877,43.181815,26.747479
bg_settlement_15014,15014,Главаци,Glavatsi,с.,VRC,tk_loan_management_bg.state_bg_VRC,VRC21,Криводол,BG313,3045,43.291408,23.380796
bg_settlement_05894,05894,Ботуня,Botunya,с.,VRC,tk_loan_management_bg.state_bg_VRC,VRC21,Криводол,BG313,3046,43.287832,23.359924
bg_settlement_78135,78135,Царевец,Tsarevets,с.,VRC,tk_loan_management_bg.state_bg_VRC,VRC27,Мездра,BG313,3141,43.160966,23.801382
bg_settlement_62390,62390,Ребърково,Rebarkovo,с.,VRC,tk_loan_management_bg.state_bg_VRC,VRC27,Мездра,BG313,3158,43.112437,23.680652
bg_settlement_11154,11154,Виноградец,Vinogradets,с.,PAZ,tk_loan_management_bg.state_bg_PAZ,PAZ29,Септември,BG423,4487,42.291814,24.127688
bg_settlement_11819,11819,Войвода,Voyvoda,с.,SHU,tk_loan_management_bg.state_bg_SHU,SHU22,Нови пазар,BG333,9958,43.460083,27.125884
bg_settlement_32353,32353,Избул,Izbul,с.,SHU,tk_loan_management_bg.state_bg_SHU,SHU22,Нови пазар,BG333,9959,43.437634,27.112362
bg_settlement_55782,55782,Искър,Iskar,гр.,PVN,tk_loan_management_bg.state_bg_PVN,PVN23,Искър,BG314,5972,43.670947,24.449351
bg_settlement_10313,10313,Ведрово,Vedrovo,с.,BGS,tk_loan_management_bg.state_bg_BGS,BGS23,Сунгурларе,BG341,8447,42.833459,26.982295
bg_settlement_29391,29391,Жилино,Zhilino,с.,SHU,tk_loan_management_bg.state_bg_SHU,SHU22,Нови пазар,BG333,9929,43.430211,27.172801
bg_settlement_55292,55292,Памукчии,Pamukchii,с.,SHU,tk_loan_management_bg.state_bg_SHU,SHU22,Нови пазар,BG333,9934,43.397548,27.217663
bg_settlement_12365,12365,Въбел,Vabel,с.,PVN,tk_loan_management_bg.state_bg_PVN,PVN21,Никопол,BG314,5953,43.65113,24.90487
bg_settlement_27468,27468,Енево,Enevo,с.,DOB,tk_loan_management_bg.state_bg_DOB,DOB15,Добрич-селска,BG332,9389,43.637818,27.526816
bg_settlement_69506,69506,Стоян Михайловски,Stoyan Mihaylovski,с.,SHU,tk_loan_management_bg.state_bg_SHU,SHU22,Нови пазар,BG333,9928,43.411608,27.190235
bg_settlement_73300,73300,Тръница,Tranitsa,с.,SHU,tk_loan_management_bg.state_bg_SHU,SHU22,Нови пазар,BG333,9925,43.461057,27.319769
bg_settlement_23933,23933,Дряновец,Dryanovets,с.,DOB,tk_loan_management_bg.state_bg_DOB,DOB15,Добрич-селска,BG332,9392,43.716553,27.556313
bg_settlement_23128,23128,Драганово,Draganovo,с.,DOB,tk_loan_management_bg.state_bg_DOB,DOB15,Добрич-селска,BG332,9349,43.472673,27.783662
bg_settlement_10851,10851,Ветрен дол,Vetren dol,с.,PAZ,tk_loan_management_bg.state_bg_PAZ,PAZ29,Септември,BG423,4493,42.155432,24.148602
bg_settlement_53847,53847,Оризари,Orizari,с.,SLV,tk_loan_management_bg.state_bg_SLV,SLV24,Твърдица,BG342,8893,42.659285,25.945502
bg_settlement_05949,05949,Бошуля,Boshulya,с.,PAZ,tk_loan_management_bg.state_bg_PAZ,PAZ29,Септември,BG423,4481,42.244962,24.189334
bg_settlement_36172,36172,Карабунар,Karabunar,с.,PAZ,tk_loan_management_bg.state_bg_PAZ,PAZ29,Септември,BG423,4484,42.262191,24.171506
bg_settlement_12509,12509,Вълнари,Valnari,с.,SHU,tk_loan_management_bg.state_bg_SHU,SHU21,Никола Козлево,BG333,9963,43.599179,27.218262
bg_settlement_10330,10330,Векилски,Vekilski,с.,SHU,tk_loan_management_bg.state_bg_SHU,SHU21,Никола Козлево,BG333,9941,43.570376,27.382148
bg_settlement_70679,70679,Сърцево,Sartsevo,с.,SLV,tk_loan_management_bg.state_bg_SLV,SLV24,Твърдица,BG342,8896,42.606475,26.066625
bg_settlement_80474,80474,Червенаково,Chervenakovo,с.,SLV,tk_loan_management_bg.state_bg_SLV,SLV24,Твърдица,BG342,8896,42.622039,26.040318
bg_settlement_81270,81270,Честименско,Chestimensko,с.,DOB,tk_loan_management_bg.state_bg_DOB,DOB27,Тервел,BG332,9469,43.779055,27.347605
bg_settlement_36194,36194,Каравелово,Karavelovo,с.,SHU,tk_loan_management_bg.state_bg_SHU,SHU21,Никола Козлево,BG333,9942,43.532711,27.304344
bg_settlement_51651,51651,Никола Козлево,Nikola Kozlevo,с.,SHU,tk_loan_management_bg.state_bg_SHU,SHU21,Никола Козлево,BG333,9955,43.572122,27.228253
bg_settlement_39760,39760,Крива река,Kriva reka,с.,SHU,tk_loan_management_bg.state_bg_SHU,SHU21,Никола Козлево,BG333,9938,43.502293,27.140214
bg_settlement_56071,56071,Пет могили,Pet mogili,с.,SHU,tk_loan_management_bg.state_bg_SHU,SHU21,Никола Козлево,BG333,9940,43.563342,27.35046
bg_settlement_78656,78656,Църквица,Tsarkvitsa,с.,SHU,tk_loan_management_bg.state_bg_SHU,SHU21,Никола Козлево,BG333,9939,43.479151,27.180911
bg_settlement_78032,78032,Цани Гинчево,Tsani Ginchevo,с.,SHU,tk_loan_management_bg.state_bg_SHU,SHU21,Никола Козлево,BG333,9957,43.61297,27.283987
bg_settlement_12838,12838,Върбяне,Varbyane,с.,SHU,tk_loan_management_bg.state_bg_SHU,SHU19,Каспичан,BG333,9943,43.396663,27.087777
bg_settlement_31084,31084,Златна нива,Zlatna niva,с.,SHU,tk_loan_management_bg.state_bg_SHU,SHU19,Каспичан,BG333,9944,43.381424,27.069383
bg_settlement_47319,47319,Марково,Markovо,с.,SHU,tk_loan_management_bg.state_bg_SHU,SHU19,Каспичан,BG333,9973,43.201084,27.228054
bg_settlement_41109,41109,Кюлевча,Kyulevcha,с.,SHU,tk_loan_management_bg.state_bg_SHU,SHU19,Каспичан,BG333,9972,43.256083,27.110911
bg_settlement_57265,57265,Полковник Савово,Polkovnik Savovo,с.,DOB,tk_loan_management_bg.state_bg_DOB,DOB27,Тервел,BG332,9471,43.710154,27.402803
bg_settlement_38804,38804,Косово,Kosovo,с.,SHU,tk_loan_management_bg.state_bg_SHU,SHU19,Каспичан,BG333,9974,43.20817,27.261389
bg_settlement_31214,31214,Злокучене,Zlokuchene,с.,PAZ,tk_loan_management_bg.state_bg_PAZ,PAZ29,Септември,BG423,4491,42.216824,24.165809
bg_settlement_44053,44053,Лозен,Lozen,с.,PAZ,tk_loan_management_bg.state_bg_PAZ,PAZ29,Септември,BG423,4489,42.186952,24.177541
bg_settlement_37491,37491,Ковачево,Kovachevo,с.,PAZ,tk_loan_management_bg.state_bg_PAZ,PAZ29,Септември,BG423,4477,42.204624,24.198131
bg_settlement_66264,66264,Септември,Septemvri,гр.,PAZ,tk_loan_management_bg.state_bg_PAZ,PAZ29,Септември,BG423,4490,42.216436,24.125011
bg_settlement_39709,39709,Крета,Kreta,с.,VRC,tk_loan_management_bg.state_bg_VRC,VRC27,Мездра,BG313,3127,43.123935,23.698985
bg_settlement_43654,43654,Лик,Lik,с.,VRC,tk_loan_management_bg.state_bg_VRC,VRC27,Мездра,BG313,3168,43.09336,23.766357
bg_settlement_47714,47714,Мездра,Mezdra,гр.,VRC,tk_loan_management_bg.state_bg_VRC,VRC27,Мездра,BG313,3100,43.14263,23.707438
bg_settlement_07524,07524,Бъркач,Barkach,с.,PVN,tk_loan_management_bg.state_bg_PVN,PVN11,Долни Дъбник,BG314,5877,43.292963,24.44091
bg_settlement_57563,57563,Попгруево,Popgruevo,с.,DOB,tk_loan_management_bg.state_bg_DOB,DOB27,Тервел,BG332,9478,43.742286,27.480971
bg_settlement_14275,14275,Гавраилово,Gavrailovo,с.,SLV,tk_loan_management_bg.state_bg_SLV,SLV20,Сливен,BG342,8854,42.642164,26.180307
bg_settlement_06094,06094,Браничево,Branichevo,с.,SHU,tk_loan_management_bg.state_bg_SHU,SHU18,Каолиново,BG333,9967,43.683245,27.090868
bg_settlement_22988,22988,Дончево,Donchevo,с.,DOB,tk_loan_management_bg.state_bg_DOB,DOB15,Добрич-селска,BG332,9354,43.52075,27.768712
bg_settlement_36079,36079,Каолиново,Kaolinovo,гр.,SHU,tk_loan_management_bg.state_bg_SHU,SHU18,Каолиново,BG333,9960,43.616976,27.092303
bg_settlement_30137,30137,Загориче,Zagoriche,с.,SHU,tk_loan_management_bg.state_bg_SHU,SHU18,Каолиново,BG333,9966,43.699281,27.080438
bg_settlement_21811,21811,Дойранци,Doyrantsi,с.,SHU,tk_loan_management_bg.state_bg_SHU,SHU18,Каолиново,BG333,9961,43.606685,27.16628
bg_settlement_21083,21083,Победа,Pobeda,с.,DOB,tk_loan_management_bg.state_bg_DOB,DOB15,Добрич-селска,BG332,9372,43.592625,27.898288
bg_settlement_53521,53521,Омарчево,Omarchevo,с.,SHU,tk_loan_management_bg.state_bg_SHU,SHU18,Каолиново,BG333,9949,43.557752,27.051165
bg_settlement_43846,43846,Лиси връх,Lisi vrah,с.,SHU,tk_loan_management_bg.state_bg_SHU,SHU18,Каолиново,BG333,9951,43.501378,27.097604
bg_settlement_72549,72549,Тодор Икономово,Todor Ikonomovo,с.,SHU,tk_loan_management_bg.state_bg_SHU,SHU18,Каолиново,BG333,9964,43.637224,27.156823
bg_settlement_14862,14862,Гешаново,Geshanovo,с.,DOB,tk_loan_management_bg.state_bg_DOB,DOB15,Добрич-селска,BG332,9393,43.656388,27.530553
bg_settlement_68388,68388,Средковец,Sredkovets,с.,SHU,tk_loan_management_bg.state_bg_SHU,SHU18,Каолиново,BG333,9968,43.685392,27.035929
bg_settlement_58485,58485,Пристое,Pristoe,с.,SHU,tk_loan_management_bg.state_bg_SHU,SHU18,Каолиново,BG333,9965,43.650446,27.075112
bg_settlement_49031,49031,Моравица,Moravitsa,с.,VRC,tk_loan_management_bg.state_bg_VRC,VRC27,Мездра,BG313,3145,43.149527,23.659263
bg_settlement_67920,67920,Соколово,Sokolovo,с.,BGS,tk_loan_management_bg.state_bg_BGS,BGS09,Карнобат,BG341,8435,42.659236,27.071932
bg_settlement_72080,72080,Смолник,Smolnik,с.,BGS,tk_loan_management_bg.state_bg_BGS,BGS09,Карнобат,BG341,8491,42.529704,26.92769
bg_settlement_36124,36124,Капитан Димитриево,Kapitan Dimitrievo,с.,PAZ,tk_loan_management_bg.state_bg_PAZ,PAZ21,Пещера,BG423,4589,42.103002,24.330123
bg_settlement_54256,54256,Ослен Криводол,Oslen Krivodol,с.,VRC,tk_loan_management_bg.state_bg_VRC,VRC27,Мездра,BG313,3169,43.109547,23.790845
bg_settlement_22126,22126,Долна Кремена,Dolna Kremena,с.,VRC,tk_loan_management_bg.state_bg_VRC,VRC27,Мездра,BG313,3153,43.171869,23.738286
bg_settlement_24668,24668,Дърманци,Darmantsi,с.,VRC,tk_loan_management_bg.state_bg_VRC,VRC27,Мездра,BG313,3129,43.126384,23.720677
bg_settlement_30510,30510,Зверино,Zverino,с.,VRC,tk_loan_management_bg.state_bg_VRC,VRC27,Мездра,BG313,3170,43.079428,23.564439
bg_settlement_37650,37650,Козаре,Kozare,с.,BGS,tk_loan_management_bg.state_bg_BGS,BGS09,Карнобат,BG341,8493,42.60477,27.047972
bg_settlement_62548,62548,Речица,Rechitsa,с.,BGS,tk_loan_management_bg.state_bg_BGS,BGS18,Руен,BG341,8567,42.883388,27.241876
bg_settlement_61666,61666,Разбойна,Razboyna,с.,BGS,tk_loan_management_bg.state_bg_BGS,BGS18,Руен,BG341,8531,42.809007,27.391825
bg_settlement_56647,56647,Планиница,Planinitsa,с.,BGS,tk_loan_management_bg.state_bg_BGS,BGS18,Руен,BG341,8565,42.891275,27.156464
bg_settlement_40021,40021,Крумово градище,Krumovo gradishte,с.,BGS,tk_loan_management_bg.state_bg_BGS,BGS09,Карнобат,BG341,8487,42.610906,26.928144
bg_settlement_06776,06776,Брястовец,Bryastovets,с.,BGS,tk_loan_management_bg.state_bg_BGS,BGS04,Бургас,BG341,8113,42.672482,27.463578
bg_settlement_65975,65975,Седловина,Sedlovina,с.,KRZ,tk_loan_management_bg.state_bg_KRZ,KRZ16,Кърджали,BG425,6621,41.632321,25.433561
bg_settlement_14684,14684,Генерал Колево,General Kolevo,с.,DOB,tk_loan_management_bg.state_bg_DOB,DOB15,Добрич-селска,BG332,9373,43.646999,27.941332
bg_settlement_30990,30990,Злати войвода,Zlati voyvoda,с.,SLV,tk_loan_management_bg.state_bg_SLV,SLV20,Сливен,BG342,8875,42.588275,26.192247
bg_settlement_51202,51202,Невестино,Nevestino,с.,BGS,tk_loan_management_bg.state_bg_BGS,BGS09,Карнобат,BG341,8431,42.730594,26.942636
bg_settlement_55511,55511,Паскалево,Paskalevo,с.,DOB,tk_loan_management_bg.state_bg_DOB,DOB15,Добрич-селска,BG332,9370,43.639113,27.83142
bg_settlement_81462,81462,Чифлик,Chiflik,с.,KRZ,tk_loan_management_bg.state_bg_KRZ,KRZ16,Кърджали,BG425,6677,41.68502,25.499215
bg_settlement_16688,16688,Горно Александрово,Gorno Aleksandrovo,с.,SLV,tk_loan_management_bg.state_bg_SLV,SLV20,Сливен,BG342,8883,42.653485,26.631436
bg_settlement_87093,87093,Ябълчево,Yabalchevo,с.,BGS,tk_loan_management_bg.state_bg_BGS,BGS18,Руен,BG341,8542,42.794577,27.253969
bg_settlement_15237,15237,Глушник,Glushnik,с.,SLV,tk_loan_management_bg.state_bg_SLV,SLV20,Сливен,BG342,8879,42.659341,26.502661
bg_settlement_51634,51634,Николаево,Nikolaevo,с.,SLV,tk_loan_management_bg.state_bg_SLV,SLV20,Сливен,BG342,8873,42.539636,26.267439
bg_settlement_46694,46694,Малко Чочовени,Malko Chochoveni,с.,SLV,tk_loan_management_bg.state_bg_SLV,SLV20,Сливен,BG342,8857,42.651574,26.203706
bg_settlement_53312,53312,Огнен,Ognen,с.,BGS,tk_loan_management_bg.state_bg_BGS,BGS09,Карнобат,BG341,8467,42.694156,26.8196
bg_settlement_37530,37530,Ковачите,Kovachite,с.,SLV,tk_loan_management_bg.state_bg_SLV,SLV20,Сливен,BG342,8874,42.574242,26.226304
bg_settlement_68117,68117,Сотиря,Sotirya,с.,SLV,tk_loan_management_bg.state_bg_SLV,SLV20,Сливен,BG342,8859,42.690804,26.403936
bg_settlement_21508,21508,Добриново,Dobrinovo,с.,BGS,tk_loan_management_bg.state_bg_BGS,BGS09,Карнобат,BG341,8477,42.475314,26.911238
bg_settlement_53881,53881,Орлова могила,Orlova mogila,с.,DOB,tk_loan_management_bg.state_bg_DOB,DOB15,Добрич-селска,BG332,9359,43.547358,27.605216
bg_settlement_53597,53597,Опанец,Opanets,с.,DOB,tk_loan_management_bg.state_bg_DOB,DOB15,Добрич-селска,BG332,9347,43.492115,27.78002
bg_settlement_53450,53450,Одърци,Odartsi,с.,DOB,tk_loan_management_bg.state_bg_DOB,DOB15,Добрич-селска,BG332,9362,43.440255,27.96305
bg_settlement_53210,53210,Овчарово,Ovcharovo,с.,DOB,tk_loan_management_bg.state_bg_DOB,DOB15,Добрич-селска,BG332,9395,43.702281,27.843837
bg_settlement_52038,52038,Ново Ботево,Novo Botevo,с.,DOB,tk_loan_management_bg.state_bg_DOB,DOB15,Добрич-селска,BG332,9356,43.482117,27.712052
bg_settlement_10505,10505,Величково,Velichkovo,с.,PAZ,tk_loan_management_bg.state_bg_PAZ,PAZ19,Пазарджик,BG423,4413,42.252342,24.223369
bg_settlement_35969,35969,Каменяк,Kamenyak,с.,SHU,tk_loan_management_bg.state_bg_SHU,SHU11,Хитрино,BG333,9783,43.404401,26.967884
bg_settlement_57087,57087,Подслон,Podslon,с.,DOB,tk_loan_management_bg.state_bg_DOB,DOB15,Добрич-селска,BG332,9391,43.672527,27.513907
bg_settlement_56695,56695,Плачидол,Plachidol,с.,DOB,tk_loan_management_bg.state_bg_DOB,DOB15,Добрич-селска,BG332,9365,43.54004,27.88296
bg_settlement_78152,78152,Царевец,Tsarevets,с.,DOB,tk_loan_management_bg.state_bg_DOB,DOB15,Добрич-селска,BG332,9367,43.644275,27.899039
bg_settlement_77284,77284,Хитово,Hitovo,с.,DOB,tk_loan_management_bg.state_bg_DOB,DOB15,Добрич-селска,BG332,9433,43.768957,27.558637
bg_settlement_04515,04515,Бобовец,Bobovets,с.,DOB,tk_loan_management_bg.state_bg_DOB,DOB03,Балчик,BG332,9616,43.441094,28.087252
bg_settlement_03174,03174,Безводица,Bezvoditsa,с.,DOB,tk_loan_management_bg.state_bg_DOB,DOB03,Балчик,BG332,9637,43.521587,27.973215
bg_settlement_31245,31245,Змеево,Zmeevo,с.,DOB,tk_loan_management_bg.state_bg_DOB,DOB03,Балчик,BG332,9643,43.606333,28.048705
bg_settlement_48088,48088,Миладиновци,Miladinovtsi,с.,DOB,tk_loan_management_bg.state_bg_DOB,DOB15,Добрич-селска,BG332,9431,43.633132,27.63288
bg_settlement_67338,67338,Сливен,Sliven,гр.,SLV,tk_loan_management_bg.state_bg_SLV,SLV20,Сливен,BG342,8800,42.680325,26.312204
bg_settlement_24387,24387,Дъбрава,Dabrava,с.,DOB,tk_loan_management_bg.state_bg_DOB,DOB03,Балчик,BG332,9638,43.540538,28.092477
bg_settlement_23769,23769,Дропла,Dropla,с.,DOB,tk_loan_management_bg.state_bg_DOB,DOB03,Балчик,BG332,9641,43.575613,28.079585
bg_settlement_48982,48982,Царичино,Tsarichino,с.,DOB,tk_loan_management_bg.state_bg_DOB,DOB03,Балчик,BG332,9614,43.456203,28.179436
bg_settlement_44882,44882,Ляхово,Lyahovo,с.,DOB,tk_loan_management_bg.state_bg_DOB,DOB03,Балчик,BG332,9617,43.428313,28.0419
bg_settlement_06433,06433,Бресте,Breste,с.,PVN,tk_loan_management_bg.state_bg_PVN,PVN37,Червен бряг,BG314,5992,43.259589,24.004266
bg_settlement_66041,66041,Селиминово,Seliminovo,с.,SLV,tk_loan_management_bg.state_bg_SLV,SLV20,Сливен,BG342,8862,42.647091,26.152112
bg_settlement_47901,47901,Методиево,Metodievo,с.,DOB,tk_loan_management_bg.state_bg_DOB,DOB15,Добрич-селска,BG332,9375,43.616522,27.976538
bg_settlement_81387,81387,Чинтулово,Chintulovo,с.,SLV,tk_loan_management_bg.state_bg_SLV,SLV20,Сливен,BG342,8858,42.645689,26.237718
bg_settlement_06788,06788,Брястово,Bryastovo,с.,SLV,tk_loan_management_bg.state_bg_SLV,SLV16,Нова Загора,BG342,8935,42.524153,25.933038
bg_settlement_02734,02734,Баня,Banya,с.,SLV,tk_loan_management_bg.state_bg_SLV,SLV16,Нова Загора,BG342,8914,42.606457,25.991077
bg_settlement_36395,36395,Караново,Karanovo,с.,SLV,tk_loan_management_bg.state_bg_SLV,SLV16,Нова Загора,BG342,8934,42.514225,25.913952
bg_settlement_27245,27245,Еленово,Elenovo,с.,SLV,tk_loan_management_bg.state_bg_SLV,SLV16,Нова Загора,BG342,8943,42.385575,26.144813
bg_settlement_38683,38683,Кортен,Korten,с.,SLV,tk_loan_management_bg.state_bg_SLV,SLV16,Нова Загора,BG342,8930,42.5446,25.996323
bg_settlement_36004,36004,Камчия,Kamchia,с.,BGS,tk_loan_management_bg.state_bg_BGS,BGS23,Сунгурларе,BG341,8434,42.886414,26.970791
bg_settlement_39623,39623,Кремена,Kremena,с.,DOB,tk_loan_management_bg.state_bg_DOB,DOB03,Балчик,BG332,9639,43.551013,28.128518
bg_settlement_69643,69643,Стражица,Strazhitsa,с.,DOB,tk_loan_management_bg.state_bg_DOB,DOB03,Балчик,BG332,9615,43.445022,28.101026
bg_settlement_67951,67951,Соколово,Sokolovo,с.,DOB,tk_loan_management_bg.state_bg_DOB,DOB03,Балчик,BG332,9640,43.4714,28.104569
bg_settlement_66250,66250,Сенокос,Senokos,с.,DOB,tk_loan_management_bg.state_bg_DOB,DOB03,Балчик,BG332,9634,43.525266,28.025241
bg_settlement_30590,30590,Згалево,Zgalevo,с.,PVN,tk_loan_management_bg.state_bg_PVN,PVN27,Пордим,BG314,5897,43.375769,24.800984
bg_settlement_17909,17909,Грозден,Grozden,с.,BGS,tk_loan_management_bg.state_bg_BGS,BGS23,Сунгурларе,BG341,8464,42.720943,26.753404
bg_settlement_44149,44149,Лозица,Lozitsa,с.,BGS,tk_loan_management_bg.state_bg_BGS,BGS23,Сунгурларе,BG341,8466,42.728763,26.779278
bg_settlement_44029,44029,Лозарево,Lozarevo,с.,BGS,tk_loan_management_bg.state_bg_BGS,BGS23,Сунгурларе,BG341,8440,42.770825,26.877562
bg_settlement_38889,38889,Костен,Kosten,с.,BGS,tk_loan_management_bg.state_bg_BGS,BGS23,Сунгурларе,BG341,8441,42.782513,26.954759
bg_settlement_37215,37215,Климаш,Klimash,с.,BGS,tk_loan_management_bg.state_bg_BGS,BGS23,Сунгурларе,BG341,8442,42.779151,26.904131
bg_settlement_70514,70514,Съединение,Saedinenie,с.,BGS,tk_loan_management_bg.state_bg_BGS,BGS23,Сунгурларе,BG341,8430,42.874984,27.025611
bg_settlement_70247,70247,Сунгурларе,Sungurlare,гр.,BGS,tk_loan_management_bg.state_bg_BGS,BGS23,Сунгурларе,BG341,8470,42.762812,26.773466
bg_settlement_67115,67115,Славянци,Slavyantsi,с.,BGS,tk_loan_management_bg.state_bg_BGS,BGS23,Сунгурларе,BG341,8460,42.764323,26.728539
bg_settlement_73081,73081,Триводици,Trivoditsi,с.,PDV,tk_loan_management_bg.state_bg_PDV,PDV41,Стамболийски,BG421,4222,42.134239,24.466492
bg_settlement_81582,81582,Чубра,Chubra,с.,BGS,tk_loan_management_bg.state_bg_BGS,BGS23,Сунгурларе,BG341,8461,42.755219,26.705563
bg_settlement_81006,81006,Черница,Chernitsa,с.,BGS,tk_loan_management_bg.state_bg_BGS,BGS23,Сунгурларе,BG341,8468,42.771589,26.825152
bg_settlement_70490,70490,Съдийско поле,Sadiysko pole,с.,SLV,tk_loan_management_bg.state_bg_SLV,SLV16,Нова Загора,BG342,8915,42.562012,26.050707
bg_settlement_67831,67831,Сокол,Sokol,с.,SLV,tk_loan_management_bg.state_bg_SLV,SLV16,Нова Загора,BG342,8945,42.40563,26.095048
bg_settlement_55590,55590,Патриарх Евтимово,Patriarh Evtimovo,с.,PDV,tk_loan_management_bg.state_bg_PDV,PDV01,Асеновград,BG421,4267,42.012332,25.052556
bg_settlement_69273,69273,Стоево,Stoevo,с.,PDV,tk_loan_management_bg.state_bg_PDV,PDV01,Асеновград,BG421,4266,41.981175,24.994752
bg_settlement_43298,43298,Леново,Lenovo,с.,PDV,tk_loan_management_bg.state_bg_PDV,PDV01,Асеновград,BG421,4261,41.947645,25.081387
bg_settlement_49309,49309,Мулдава,Muldava,с.,PDV,tk_loan_management_bg.state_bg_PDV,PDV01,Асеновград,BG421,4249,41.987266,24.941292
bg_settlement_31108,31108,Златовръх,Zlatovrah,с.,PDV,tk_loan_management_bg.state_bg_PDV,PDV01,Асеновград,BG421,4264,42.010585,25.007945
bg_settlement_32398,32398,Нови извор,Novi izvor,с.,PDV,tk_loan_management_bg.state_bg_PDV,PDV01,Асеновград,BG421,4265,41.975087,25.052274
bg_settlement_68895,68895,Старейшино,Stareyshino,с.,KRZ,tk_loan_management_bg.state_bg_KRZ,KRZ14,Кирково,BG425,6880,41.418762,25.396811
bg_settlement_00702,00702,Асеновград,Asenovgrad,гр.,PDV,tk_loan_management_bg.state_bg_PDV,PDV01,Асеновград,BG421,4230,42.010493,24.878557
bg_settlement_83315,83315,Широко поле,Shiroko pole,с.,KRZ,tk_loan_management_bg.state_bg_KRZ,KRZ16,Кърджали,BG425,6650,41.635871,25.466114
bg_settlement_55885,55885,Перперек,Perperek,с.,KRZ,tk_loan_management_bg.state_bg_KRZ,KRZ16,Кърджали,BG425,6673,41.685162,25.546976
bg_settlement_58342,58342,Прилепци,Prileptsi,с.,KRZ,tk_loan_management_bg.state_bg_KRZ,KRZ16,Кърджали,BG425,6609,41.626977,25.347212
bg_settlement_58623,58623,Пропаст,Propast,с.,KRZ,tk_loan_management_bg.state_bg_KRZ,KRZ16,Кърджали,BG425,6632,41.640371,25.394014
bg_settlement_04755,04755,Богомолско,Bogomolsko,с.,TGV,tk_loan_management_bg.state_bg_TGV,TGV02,Антоново,BG334,7997,43.044055,26.111549
bg_settlement_58685,58685,Професор Златарски,Profesor Zlatarski,с.,DOB,tk_loan_management_bg.state_bg_DOB,DOB27,Тервел,BG332,9487,43.769687,27.329102
bg_settlement_58270,58270,Преспа,Prespa,с.,DOB,tk_loan_management_bg.state_bg_DOB,DOB03,Балчик,BG332,9635,43.556129,28.03538
bg_settlement_12752,12752,Върбица,Varbitsa,с.,PVN,tk_loan_management_bg.state_bg_PVN,PVN24,Плевен,BG314,5845,43.47029,24.697703
bg_settlement_06495,06495,Брестовец,Brestovets,с.,PVN,tk_loan_management_bg.state_bg_PVN,PVN24,Плевен,BG314,5884,43.353552,24.609614
bg_settlement_03068,03068,Беглеж,Beglezh,с.,PVN,tk_loan_management_bg.state_bg_PVN,PVN24,Плевен,BG314,5872,43.246891,24.486573
bg_settlement_17854,17854,Гривица,Grivitsa,с.,PVN,tk_loan_management_bg.state_bg_PVN,PVN24,Плевен,BG314,5841,43.413207,24.705414
bg_settlement_17258,17258,Горталово,Gortalovo,с.,PVN,tk_loan_management_bg.state_bg_PVN,PVN24,Плевен,BG314,5888,43.318973,24.561572
bg_settlement_43147,43147,Ласкар,Laskar,с.,PVN,tk_loan_management_bg.state_bg_PVN,PVN24,Плевен,BG314,5876,43.279205,24.602222
bg_settlement_41037,41037,Къшин,Kashin,с.,PVN,tk_loan_management_bg.state_bg_PVN,PVN24,Плевен,BG314,5885,43.37518,24.583629
bg_settlement_72566,72566,Тодорово,Todorovo,с.,PVN,tk_loan_management_bg.state_bg_PVN,PVN24,Плевен,BG314,5887,43.339782,24.603063
bg_settlement_62116,62116,Ралево,Ralevo,с.,PVN,tk_loan_management_bg.state_bg_PVN,PVN24,Плевен,BG314,5875,43.299199,24.602893
bg_settlement_61426,61426,Радишево,Radishevo,с.,PVN,tk_loan_management_bg.state_bg_PVN,PVN24,Плевен,BG314,5838,43.375078,24.66859
bg_settlement_47679,47679,Медово,Medovo,с.,DOB,tk_loan_management_bg.state_bg_DOB,DOB15,Добрич-селска,BG332,9388,43.608899,27.533873
bg_settlement_46454,46454,Малка Смолница,Malka Smolnitsa,с.,DOB,tk_loan_management_bg.state_bg_DOB,DOB15,Добрич-селска,BG332,9386,43.60538,27.729064
bg_settlement_81975,81975,Чоба,Choba,с.,PDV,tk_loan_management_bg.state_bg_PDV,PDV07,Брезово,BG421,4161,42.314509,25.091911
bg_settlement_69818,69818,Стрелци,Streltsi,с.,PDV,tk_loan_management_bg.state_bg_PDV,PDV07,Брезово,BG421,4152,42.396967,24.91259
bg_settlement_54451,54451,Отец Кирилово,Otets Kirilovo,с.,PDV,tk_loan_management_bg.state_bg_PDV,PDV07,Брезово,BG421,4163,42.343623,24.998531
bg_settlement_23580,23580,Дрангово,Drangovo,с.,PDV,tk_loan_management_bg.state_bg_PDV,PDV07,Брезово,BG421,4164,42.371091,25.005925
bg_settlement_77390,77390,Храброво,Hrabrovo,с.,DOB,tk_loan_management_bg.state_bg_DOB,DOB03,Балчик,BG332,9618,43.445029,28.010149
bg_settlement_05356,05356,Борец,Borets,с.,PDV,tk_loan_management_bg.state_bg_PDV,PDV07,Брезово,BG421,4144,42.346089,24.930912
bg_settlement_06361,06361,Брезово,Brezovo,гр.,PDV,tk_loan_management_bg.state_bg_PDV,PDV07,Брезово,BG421,4160,42.348771,25.076772
bg_settlement_55350,55350,Паницово,Panitsovo,с.,BGS,tk_loan_management_bg.state_bg_BGS,BGS15,Несебър,BG341,8254,42.851702,27.662961
bg_settlement_44272,44272,Ломница,Lomnitsa,с.,DOB,tk_loan_management_bg.state_bg_DOB,DOB15,Добрич-селска,BG332,9397,43.686631,27.860919
bg_settlement_43997,43997,Ловчанци,Lovchantsi,с.,DOB,tk_loan_management_bg.state_bg_DOB,DOB15,Добрич-селска,BG332,9430,43.655781,27.648842
bg_settlement_43431,43431,Лясково,Lyaskovo,с.,DOB,tk_loan_management_bg.state_bg_DOB,DOB15,Добрич-селска,BG332,9428,43.71622,27.684982
bg_settlement_06149,06149,Братаница,Bratanitsa,с.,PAZ,tk_loan_management_bg.state_bg_PAZ,PAZ19,Пазарджик,BG423,4412,42.165971,24.220138
bg_settlement_00571,00571,Априлци,Apriltsi,с.,PAZ,tk_loan_management_bg.state_bg_PAZ,PAZ19,Пазарджик,BG423,4445,42.312224,24.290195
bg_settlement_39061,39061,Котленци,Kotlentsi,с.,DOB,tk_loan_management_bg.state_bg_DOB,DOB15,Добрич-селска,BG332,9374,43.570879,27.917729
bg_settlement_70812,70812,Сливенци,Sliventsi,с.,DOB,tk_loan_management_bg.state_bg_DOB,DOB15,Добрич-селска,BG332,9395,43.713472,27.864247
bg_settlement_69242,69242,Стефаново,Stefanovo,с.,DOB,tk_loan_management_bg.state_bg_DOB,DOB15,Добрич-селска,BG332,9360,43.493189,27.858294
bg_settlement_69198,69198,Стефан Караджа,Stefan Karadzha,с.,DOB,tk_loan_management_bg.state_bg_DOB,DOB15,Добрич-селска,BG332,9371,43.620349,27.878949
bg_settlement_81133,81133,Черноземен,Chernozemen,с.,PDV,tk_loan_management_bg.state_bg_PDV,PDV12,Калояново,BG421,4168,42.376946,24.78309
bg_settlement_55926,55926,Песнопой,Pesnopoy,с.,PDV,tk_loan_management_bg.state_bg_PDV,PDV12,Калояново,BG421,4208,42.486803,24.807285
bg_settlement_63553,63553,Ръжево,Razhevo,с.,PDV,tk_loan_management_bg.state_bg_PDV,PDV12,Калояново,BG421,4169,42.370035,24.799102
bg_settlement_70353,70353,Сухозем,Suhozem,с.,PDV,tk_loan_management_bg.state_bg_PDV,PDV12,Калояново,BG421,4209,42.414952,24.865493
bg_settlement_16328,16328,Горна махала,Gorna mahala,с.,PDV,tk_loan_management_bg.state_bg_PDV,PDV12,Калояново,BG421,4196,42.444514,24.777389
bg_settlement_22191,22191,Долна махала,Dolna mahala,с.,PDV,tk_loan_management_bg.state_bg_PDV,PDV12,Калояново,BG421,4200,42.416755,24.779762
bg_settlement_24000,24000,Дуванлии,Duvanlii,с.,PDV,tk_loan_management_bg.state_bg_PDV,PDV12,Калояново,BG421,4174,42.369382,24.723628
bg_settlement_29475,29475,Житница,Zhitnitsa,с.,PDV,tk_loan_management_bg.state_bg_PDV,PDV12,Калояново,BG421,4172,42.385129,24.696332
bg_settlement_32038,32038,Иван Вазово,Ivan Vazovo,с.,PDV,tk_loan_management_bg.state_bg_PDV,PDV12,Калояново,BG421,4206,42.467472,24.788884
bg_settlement_35523,35523,Калояново,Kaloyanovo,с.,PDV,tk_loan_management_bg.state_bg_PDV,PDV12,Калояново,BG421,4173,42.354253,24.731428
bg_settlement_03085,03085,Бегово,Begovo,с.,PDV,tk_loan_management_bg.state_bg_PDV,PDV12,Калояново,BG421,4166,42.411126,24.828367
bg_settlement_00254,00254,Алеко Константиново,Aleko Konstantinovo,с.,PAZ,tk_loan_management_bg.state_bg_PAZ,PAZ19,Пазарджик,BG423,4411,42.145158,24.289034
bg_settlement_02720,02720,Баня,Banya,гр.,PDV,tk_loan_management_bg.state_bg_PDV,PDV13,Карлово,BG421,4360,42.545333,24.830358
bg_settlement_63170,63170,Рудина,Rudina,с.,KRZ,tk_loan_management_bg.state_bg_KRZ,KRZ16,Кърджали,BG425,6659,41.718219,25.60585
bg_settlement_65512,65512,Сватбаре,Svatbare,с.,KRZ,tk_loan_management_bg.state_bg_KRZ,KRZ16,Кърджали,BG425,6675,41.672146,25.543933
bg_settlement_68103,68103,Полковник Иваново,Polkovnik Ivanovo,с.,DOB,tk_loan_management_bg.state_bg_DOB,DOB15,Добрич-селска,BG332,9432,43.682368,27.627517
bg_settlement_32010,32010,Ивайло,Ivaylo,с.,PAZ,tk_loan_management_bg.state_bg_PAZ,PAZ19,Пазарджик,BG423,4407,42.224587,24.330076
bg_settlement_30572,30572,Звъничево,Zvanichevo,с.,PAZ,tk_loan_management_bg.state_bg_PAZ,PAZ19,Пазарджик,BG423,4415,42.19041,24.250734
bg_settlement_23457,23457,Драгор,Dragor,с.,PAZ,tk_loan_management_bg.state_bg_PAZ,PAZ19,Пазарджик,BG423,4406,42.22859,24.30102
bg_settlement_21556,21556,Добровница,Dobrovnitsa,с.,PAZ,tk_loan_management_bg.state_bg_PAZ,PAZ19,Пазарджик,BG423,4405,42.210154,24.379696
bg_settlement_20362,20362,Дебръщица,Debrashtitsa,с.,PAZ,tk_loan_management_bg.state_bg_PAZ,PAZ19,Пазарджик,BG423,4414,42.106392,24.256433
bg_settlement_15271,15271,Говедаре,Govedare,с.,PAZ,tk_loan_management_bg.state_bg_PAZ,PAZ19,Пазарджик,BG423,4453,42.150008,24.497557
bg_settlement_15028,15028,Главиница,Glavinitsa,с.,PAZ,tk_loan_management_bg.state_bg_PAZ,PAZ19,Пазарджик,BG423,4409,42.158916,24.310517
bg_settlement_14619,14619,Гелеменово,Gelemenovo,с.,PAZ,tk_loan_management_bg.state_bg_PAZ,PAZ19,Пазарджик,BG423,4444,42.270178,24.315351
bg_settlement_55155,55155,Пазарджик,Pazardzhik,гр.,PAZ,tk_loan_management_bg.state_bg_PAZ,PAZ19,Пазарджик,BG423,4400,42.190478,24.336608
bg_settlement_07291,07291,Българи,Balgari,с.,BGS,tk_loan_management_bg.state_bg_BGS,BGS13,Царево,BG341,8274,42.088343,27.729688
bg_settlement_67917,67917,Соколник,Sokolnik,с.,DOB,tk_loan_management_bg.state_bg_DOB,DOB15,Добрич-селска,BG332,9351,43.446141,27.884338
bg_settlement_48876,48876,Мокрище,Mokrishte,с.,PAZ,tk_loan_management_bg.state_bg_PAZ,PAZ19,Пазарджик,BG423,4408,42.176407,24.293756
bg_settlement_46749,46749,Мало Конаре,Malo Konare,с.,PAZ,tk_loan_management_bg.state_bg_PAZ,PAZ19,Пазарджик,BG423,4450,42.199026,24.431207
bg_settlement_44879,44879,Ляхово,Lyahovo,с.,PAZ,tk_loan_management_bg.state_bg_PAZ,PAZ19,Пазарджик,BG423,4416,42.152972,24.230546
bg_settlement_39428,39428,Крали Марко,Krali Marko,с.,PAZ,tk_loan_management_bg.state_bg_PAZ,PAZ19,Пазарджик,BG423,4452,42.256033,24.401324
bg_settlement_72271,72271,Тервел,Tervel,гр.,DOB,tk_loan_management_bg.state_bg_DOB,DOB27,Тервел,BG332,9450,43.748578,27.406474
bg_settlement_72713,72713,Тополи дол,Topoli dol,с.,PAZ,tk_loan_management_bg.state_bg_PAZ,PAZ19,Пазарджик,BG423,4454,42.335144,24.457863
bg_settlement_65437,65437,Сарая,Saraya,с.,PAZ,tk_loan_management_bg.state_bg_PAZ,PAZ19,Пазарджик,BG423,4447,42.24902,24.32144
bg_settlement_47771,47771,Меляне,Melyane,с.,MON,tk_loan_management_bg.state_bg_MON,MON14,Георги Дамяново,BG312,3472,43.360662,23.017449
bg_settlement_14773,14773,Георги Дамяново,Georgi Damyanovo,с.,MON,tk_loan_management_bg.state_bg_MON,MON14,Георги Дамяново,BG312,3470,43.385606,23.029936
bg_settlement_07154,07154,Буховци,Buhovtsi,с.,TGV,tk_loan_management_bg.state_bg_TGV,TGV35,Търговище,BG334,7757,43.312135,26.710348
bg_settlement_12721,12721,Върбино,Varbino,с.,SLS,tk_loan_management_bg.state_bg_SLS,SLS10,Дулово,BG325,7674,43.792835,27.250956
bg_settlement_12022,12022,Вокил,Vokil,с.,SLS,tk_loan_management_bg.state_bg_SLS,SLS10,Дулово,BG325,7670,43.775708,27.063646
bg_settlement_11764,11764,Водно,Vodno,с.,SLS,tk_loan_management_bg.state_bg_SLS,SLS10,Дулово,BG325,7657,43.858893,27.14881
bg_settlement_05124,05124,Боил,Boil,с.,SLS,tk_loan_management_bg.state_bg_SLS,SLS10,Дулово,BG325,7683,43.806766,26.954561
bg_settlement_63032,63032,Росен,Rosen,с.,PAZ,tk_loan_management_bg.state_bg_PAZ,PAZ19,Пазарджик,BG423,4421,42.316267,24.364394
bg_settlement_56561,56561,Пищигово,Pishtigovo,с.,PAZ,tk_loan_management_bg.state_bg_PAZ,PAZ19,Пазарджик,BG423,4451,42.251058,24.425207
bg_settlement_86074,86074,Юнаците,Yunatsite,с.,PAZ,tk_loan_management_bg.state_bg_PAZ,PAZ19,Пазарджик,BG423,4420,42.242018,24.272047
bg_settlement_81089,81089,Черногорово,Chernogorovo,с.,PAZ,tk_loan_management_bg.state_bg_PAZ,PAZ19,Пазарджик,BG423,4455,42.272124,24.400064
bg_settlement_77061,77061,Хаджиево,Hadzhievo,с.,PAZ,tk_loan_management_bg.state_bg_PAZ,PAZ19,Пазарджик,BG423,4441,42.142438,24.455509
bg_settlement_12749,12749,Върбица,Varbitsa,с.,VRC,tk_loan_management_bg.state_bg_VRC,VRC10,Враца,BG313,3056,43.289486,23.843843
bg_settlement_11555,11555,Власатица,Vlasatitsa,с.,VRC,tk_loan_management_bg.state_bg_VRC,VRC10,Враца,BG313,3041,43.302533,23.469495
bg_settlement_11185,11185,Вировско,Virovsko,с.,VRC,tk_loan_management_bg.state_bg_VRC,VRC10,Враца,BG313,3057,43.298314,23.794129
bg_settlement_03438,03438,Бели извор,Beli izvor,с.,VRC,tk_loan_management_bg.state_bg_VRC,VRC10,Враца,BG313,3040,43.273064,23.454954
bg_settlement_24030,24030,Дулово,Dulovo,гр.,SLS,tk_loan_management_bg.state_bg_SLS,SLS10,Дулово,BG325,7650,43.821983,27.139602
bg_settlement_18018,18018,Грънчарово,Grancharovo,с.,SLS,tk_loan_management_bg.state_bg_SLS,SLS10,Дулово,BG325,7669,43.731271,27.13108
bg_settlement_55186,55186,Паисиево,Paisievo,с.,SLS,tk_loan_management_bg.state_bg_SLS,SLS10,Дулово,BG325,7681,43.785408,26.954105
bg_settlement_53744,53744,Орешене,Oreshene,с.,SLS,tk_loan_management_bg.state_bg_SLS,SLS10,Дулово,BG325,7684,43.785469,26.9305
bg_settlement_53494,53494,Окорш,Okorsh,с.,SLS,tk_loan_management_bg.state_bg_SLS,SLS10,Дулово,BG325,7680,43.747913,27.018916
bg_settlement_53148,53148,Овен,Oven,с.,SLS,tk_loan_management_bg.state_bg_SLS,SLS10,Дулово,BG325,7671,43.802776,27.071966
bg_settlement_47696,47696,Межден,Mezhden,с.,SLS,tk_loan_management_bg.state_bg_SLS,SLS10,Дулово,BG325,7672,43.813228,27.203663
bg_settlement_38073,38073,Колобър,Kolobar,с.,SLS,tk_loan_management_bg.state_bg_SLS,SLS10,Дулово,BG325,7675,43.774224,27.191369
bg_settlement_66696,66696,Скала,Skala,с.,SLS,tk_loan_management_bg.state_bg_SLS,SLS10,Дулово,BG325,7667,43.689041,27.191273
bg_settlement_66038,66038,Секулово,Sekulovo,с.,SLS,tk_loan_management_bg.state_bg_SLS,SLS10,Дулово,BG325,7665,43.699264,27.161469
bg_settlement_63286,63286,Руйно,Ruyno,с.,SLS,tk_loan_management_bg.state_bg_SLS,SLS10,Дулово,BG325,7692,43.829373,27.0163
bg_settlement_61724,61724,Раздел,Razdel,с.,SLS,tk_loan_management_bg.state_bg_SLS,SLS10,Дулово,BG325,7659,43.785154,27.124416
bg_settlement_58709,58709,Прохлада,Prohlada,с.,SLS,tk_loan_management_bg.state_bg_SLS,SLS10,Дулово,BG325,7668,43.698806,27.130183
bg_settlement_57813,57813,Поройно,Poroyno,с.,SLS,tk_loan_management_bg.state_bg_SLS,SLS10,Дулово,BG325,7658,43.843567,27.118951
bg_settlement_57296,57296,Полковник Таслаково,Polkovnik Taslakovo,с.,SLS,tk_loan_management_bg.state_bg_SLS,SLS10,Дулово,BG325,7677,43.779509,27.213777
bg_settlement_87504,87504,Яребица,Yarebitsa,с.,SLS,tk_loan_management_bg.state_bg_SLS,SLS10,Дулово,BG325,7691,43.842125,27.008274
bg_settlement_81966,81966,Черник,Chernik,с.,SLS,tk_loan_management_bg.state_bg_SLS,SLS10,Дулово,BG325,7651,43.810267,27.118273
bg_settlement_80738,80738,Черковна,Cherkovna,с.,SLS,tk_loan_management_bg.state_bg_SLS,SLS10,Дулово,BG325,7656,43.843056,27.178115
bg_settlement_67622,67622,Смолница,Smolnitsa,с.,DOB,tk_loan_management_bg.state_bg_DOB,DOB15,Добрич-селска,BG332,9383,43.628764,27.709963
bg_settlement_66946,66946,Славеево,Slaveevo,с.,DOB,tk_loan_management_bg.state_bg_DOB,DOB15,Добрич-селска,BG332,9366,43.476738,27.915005
bg_settlement_04827,04827,Боденец,Bodenets,с.,VRC,tk_loan_management_bg.state_bg_VRC,VRC27,Мездра,BG313,3128,43.15944,23.699478
bg_settlement_63063,63063,Росеново,Rosenovo,с.,DOB,tk_loan_management_bg.state_bg_DOB,DOB15,Добрич-селска,BG332,9369,43.663454,27.782478
bg_settlement_59402,59402,Полковник Минково,Polkovnik Minkovo,с.,DOB,tk_loan_management_bg.state_bg_DOB,DOB15,Добрич-селска,BG332,9372,43.579313,27.897954
bg_settlement_58880,58880,Пчелино,Pchelino,с.,DOB,tk_loan_management_bg.state_bg_DOB,DOB15,Добрич-селска,BG332,9363,43.494657,27.921631
bg_settlement_12440,12440,Вълкан,Valkan,с.,SLS,tk_loan_management_bg.state_bg_SLS,SLS07,Главиница,BG325,7643,43.832468,26.891014
bg_settlement_31406,31406,Зарица,Zaritsa,с.,SLS,tk_loan_management_bg.state_bg_SLS,SLS07,Главиница,BG325,7689,43.837304,26.947167
bg_settlement_30689,30689,Зебил,Zebil,с.,SLS,tk_loan_management_bg.state_bg_SLS,SLS07,Главиница,BG325,7641,43.813544,26.881842
bg_settlement_58360,58360,Приморци,Primortsi,с.,DOB,tk_loan_management_bg.state_bg_DOB,DOB15,Добрич-селска,BG332,9376,43.551714,27.905936
bg_settlement_58339,58339,Прилеп,Prilep,с.,DOB,tk_loan_management_bg.state_bg_DOB,DOB15,Добрич-селска,BG332,9352,43.400539,27.910587
bg_settlement_57550,57550,Попгригорово,Popgrigorovo,с.,DOB,tk_loan_management_bg.state_bg_DOB,DOB15,Добрич-селска,BG332,9377,43.523563,27.933678
bg_settlement_32737,32737,Индже войвода,Indzhe voyvoda,с.,BGS,tk_loan_management_bg.state_bg_BGS,BGS21,Созопол,BG341,8149,42.22415,27.415693
bg_settlement_57279,57279,Полковник Свещарово,Polkovnik Sveshtarovo,с.,DOB,tk_loan_management_bg.state_bg_DOB,DOB15,Добрич-селска,BG332,9378,43.552643,27.935963
bg_settlement_30507,30507,Звенимир,Zvenimir,с.,SLS,tk_loan_management_bg.state_bg_SLS,SLS07,Главиница,BG325,7644,43.825799,26.923613
bg_settlement_38039,38039,Колена,Kolena,с.,SZR,tk_loan_management_bg.state_bg_SZR,SZR31,Стара Загора,BG344,6050,42.478718,25.722379
bg_settlement_32826,32826,Искра,Iskra,с.,PDV,tk_loan_management_bg.state_bg_PDV,PDV23,Първомай,BG421,4297,41.929247,25.13169
bg_settlement_23306,23306,Драгово,Dragovo,с.,BGS,tk_loan_management_bg.state_bg_BGS,BGS09,Карнобат,BG341,8437,42.629412,27.105774
bg_settlement_35571,35571,Калугерово,Kalugerovo,с.,PAZ,tk_loan_management_bg.state_bg_PAZ,PAZ14,Лесичово,BG423,4462,42.326168,24.170087
bg_settlement_54016,54016,Оряховица,Oryahovitsa,с.,SZR,tk_loan_management_bg.state_bg_SZR,SZR31,Стара Загора,BG344,6061,42.485958,25.811142
bg_settlement_24482,24482,Дълбоки,Dalboki,с.,SZR,tk_loan_management_bg.state_bg_SZR,SZR31,Стара Загора,BG344,6060,42.47897,25.774809
bg_settlement_00655,00655,Арнаутито,Arnautito,с.,SZR,tk_loan_management_bg.state_bg_SZR,SZR31,Стара Загора,BG344,6069,42.302923,25.543155
bg_settlement_43027,43027,Лагошевци,Lagoshevtsi,с.,VID,tk_loan_management_bg.state_bg_VID,VID16,Димово,BG311,3743,43.774076,22.776515
bg_settlement_04738,04738,Богомилово,Bogomilovo,с.,SZR,tk_loan_management_bg.state_bg_SZR,SZR31,Стара Загора,BG344,6065,42.387678,25.560152
bg_settlement_06197,06197,Братя Кунчеви,Bratya Kunchevi,с.,SZR,tk_loan_management_bg.state_bg_SZR,SZR31,Стара Загора,BG344,6057,42.499625,25.851849
bg_settlement_35328,35328,Каленик,Kalenik,с.,VID,tk_loan_management_bg.state_bg_VID,VID09,Видин,BG311,3729,44.003014,22.663774
bg_settlement_31303,31303,Зограф,Zograf,с.,DOB,tk_loan_management_bg.state_bg_DOB,DOB12,Генерал Тошево,BG332,9553,43.745867,27.929442
bg_settlement_24339,24339,Дъбовик,Dabovik,с.,DOB,tk_loan_management_bg.state_bg_DOB,DOB12,Генерал Тошево,BG332,9551,43.687645,27.957619
bg_settlement_14711,14711,Генерал Тошево,General Toshevo,гр.,DOB,tk_loan_management_bg.state_bg_DOB,DOB12,Генерал Тошево,BG332,9500,43.700308,28.036559
bg_settlement_46351,46351,Малина,Malina,с.,DOB,tk_loan_management_bg.state_bg_DOB,DOB12,Генерал Тошево,BG332,9559,43.637593,28.078825
bg_settlement_40885,40885,Къпиново,Kapinovo,с.,DOB,tk_loan_management_bg.state_bg_DOB,DOB12,Генерал Тошево,BG332,9528,43.748176,27.988559
bg_settlement_70634,70634,Сърнино,Sarnino,с.,DOB,tk_loan_management_bg.state_bg_DOB,DOB12,Генерал Тошево,BG332,9562,43.66872,28.288461
bg_settlement_75188,75188,Устина,Ustina,с.,PDV,tk_loan_management_bg.state_bg_PDV,PDV26,Родопи,BG421,4228,42.043023,24.522345
bg_settlement_21172,21172,Динката,Dinkata,с.,PAZ,tk_loan_management_bg.state_bg_PAZ,PAZ14,Лесичово,BG423,4458,42.288737,24.228987
bg_settlement_55275,55275,Памидово,Pamidovo,с.,PAZ,tk_loan_management_bg.state_bg_PAZ,PAZ14,Лесичово,BG423,4459,42.276907,24.215542
bg_settlement_40467,40467,Куклен,Kuklen,гр.,PDV,tk_loan_management_bg.state_bg_PDV,PDV42,Куклен,BG421,4101,42.034303,24.787805
bg_settlement_11051,11051,Визица,Vizitsa,с.,BGS,tk_loan_management_bg.state_bg_BGS,BGS12,Малко Търново,BG341,8167,42.124402,27.602104
bg_settlement_02590,02590,Баница,Banitsa,с.,VRC,tk_loan_management_bg.state_bg_VRC,VRC10,Враца,BG313,3077,43.344012,23.692326
bg_settlement_16897,16897,Горно Пещене,Gorno Peshtene,с.,VRC,tk_loan_management_bg.state_bg_VRC,VRC10,Враца,BG313,3052,43.277192,23.708872
bg_settlement_54482,54482,Оходен,Ohoden,с.,VRC,tk_loan_management_bg.state_bg_VRC,VRC10,Враца,BG313,3079,43.364694,23.713797
bg_settlement_51528,51528,Нефела,Nefela,с.,VRC,tk_loan_management_bg.state_bg_VRC,VRC10,Враца,BG313,,0,0
bg_settlement_77373,77373,Храбрино,Hrabrino,с.,PDV,tk_loan_management_bg.state_bg_PDV,PDV26,Родопи,BG421,4111,42.045617,24.647042
bg_settlement_61159,61159,Равнец,Ravnets,с.,DOB,tk_loan_management_bg.state_bg_DOB,DOB12,Генерал Тошево,BG332,9523,43.681222,27.987129
bg_settlement_59032,59032,Първенец,Parvenets,с.,PDV,tk_loan_management_bg.state_bg_PDV,PDV26,Родопи,BG421,4110,42.074544,24.662952
bg_settlement_47295,47295,Марково,Markovo,с.,PDV,tk_loan_management_bg.state_bg_PDV,PDV26,Родопи,BG421,4108,42.062558,24.703709
bg_settlement_03304,03304,Белащица,Belashtitsa,с.,PDV,tk_loan_management_bg.state_bg_PDV,PDV26,Родопи,BG421,4124,42.06529,24.747118
bg_settlement_06447,06447,Брестник,Brestnik,с.,PDV,tk_loan_management_bg.state_bg_PDV,PDV26,Родопи,BG421,4107,42.053375,24.766788
bg_settlement_06505,06505,Брестовица,Brestovitsa,с.,PDV,tk_loan_management_bg.state_bg_PDV,PDV26,Родопи,BG421,4224,42.078425,24.594305
bg_settlement_49223,49223,Мраморен,Mramoren,с.,VRC,tk_loan_management_bg.state_bg_VRC,VRC10,Враца,BG313,3054,43.296967,23.670218
bg_settlement_46807,46807,Мало Пещене,Malo Peshtene,с.,VRC,tk_loan_management_bg.state_bg_VRC,VRC10,Враца,BG313,3078,43.351166,23.741661
bg_settlement_72504,72504,Тишевица,Tishevitsa,с.,VRC,tk_loan_management_bg.state_bg_VRC,VRC10,Враца,BG313,3055,43.26514,23.753803
bg_settlement_81400,81400,Чирен,Chiren,с.,VRC,tk_loan_management_bg.state_bg_VRC,VRC10,Враца,BG313,3050,43.330115,23.579297
bg_settlement_58832,58832,Пчеларово,Pchelarovo,с.,DOB,tk_loan_management_bg.state_bg_DOB,DOB12,Генерал Тошево,BG332,9550,43.726656,27.918425
bg_settlement_58414,58414,Присад,Prisad,с.,DOB,tk_loan_management_bg.state_bg_DOB,DOB12,Генерал Тошево,BG332,9524,43.671108,28.028664
bg_settlement_56736,56736,Пленимир,Plenimir,с.,DOB,tk_loan_management_bg.state_bg_DOB,DOB12,Генерал Тошево,BG332,9522,43.655038,27.982283
bg_settlement_03037,03037,Баячево,Bayachevo,с.,TGV,tk_loan_management_bg.state_bg_TGV,TGV35,Търговище,BG334,7745,43.229601,26.662911
bg_settlement_14283,14283,Гаврил Геново,Gavril Genovo,с.,MON,tk_loan_management_bg.state_bg_MON,MON14,Георги Дамяново,BG312,3469,43.395246,23.060309
bg_settlement_04145,04145,Бистра,Bistra,с.,SLS,tk_loan_management_bg.state_bg_SLS,SLS01,Алфатар,BG325,7557,43.840451,27.375866
bg_settlement_00240,00240,Алеково,Alekovo,с.,SLS,tk_loan_management_bg.state_bg_SLS,SLS01,Алфатар,BG325,7555,43.845376,27.343389
bg_settlement_56040,56040,Петлешково,Petleshkovo,с.,DOB,tk_loan_management_bg.state_bg_DOB,DOB12,Генерал Тошево,BG332,9521,43.652865,28.031245
bg_settlement_87182,87182,Яворово,Yavorovo,с.,SZR,tk_loan_management_bg.state_bg_SZR,SZR31,Стара Загора,BG344,6240,42.323163,25.449968
bg_settlement_81712,81712,Чуковец,Chukovets,с.,SLS,tk_loan_management_bg.state_bg_SLS,SLS01,Алфатар,BG325,7537,43.848465,27.250632
bg_settlement_47648,47648,Медовница,Medovnitsa,с.,VID,tk_loan_management_bg.state_bg_VID,VID16,Димово,BG311,3947,43.654931,22.783767
bg_settlement_47500,47500,Маца,Matsa,с.,SZR,tk_loan_management_bg.state_bg_SZR,SZR27,Раднево,BG344,6276,42.213667,26.165079
bg_settlement_77308,77308,Цар Калоян,Tsar Kaloyan,гр.,RAZ,tk_loan_management_bg.state_bg_RAZ,RAZ36,Цар Калоян,BG324,7280,43.607078,26.239016
bg_settlement_72919,72919,Тошевци,Toshevtsi,с.,VID,tk_loan_management_bg.state_bg_VID,VID15,Грамада,BG311,3825,43.81466,22.625372
bg_settlement_36333,36333,Кара Михал,Kara Mihal,с.,RAZ,tk_loan_management_bg.state_bg_RAZ,RAZ29,Самуил,BG324,7453,43.593465,26.835029
bg_settlement_15669,15669,Голяма вода,Golyama voda,с.,RAZ,tk_loan_management_bg.state_bg_RAZ,RAZ29,Самуил,BG324,7452,43.569837,26.82746
bg_settlement_78171,78171,Царимир,Tsarimir,с.,PDV,tk_loan_management_bg.state_bg_PDV,PDV33,Съединение,BG421,4192,42.325294,24.672544
bg_settlement_78392,78392,Церетелево,Tseretelevo,с.,PDV,tk_loan_management_bg.state_bg_PDV,PDV33,Съединение,BG421,4189,42.349655,24.628398
bg_settlement_58058,58058,Правище,Pravishte,с.,PDV,tk_loan_management_bg.state_bg_PDV,PDV33,Съединение,BG421,4191,42.335308,24.558244
bg_settlement_44481,44481,Любен,Lyuben,с.,PDV,tk_loan_management_bg.state_bg_PDV,PDV33,Съединение,BG421,4188,42.369672,24.593504
bg_settlement_46944,46944,Малък чардак,Malak chardak,с.,PDV,tk_loan_management_bg.state_bg_PDV,PDV33,Съединение,BG421,4194,42.286797,24.634595
bg_settlement_51069,51069,Найден Герово,Nayden Gerovo,с.,PDV,tk_loan_management_bg.state_bg_PDV,PDV33,Съединение,BG421,4185,42.341772,24.490689
bg_settlement_51305,51305,Неделево,Nedelevo,с.,PDV,tk_loan_management_bg.state_bg_PDV,PDV33,Съединение,BG421,4187,42.345905,24.613656
bg_settlement_15970,15970,Голям чардак,Golyam chardak,с.,PDV,tk_loan_management_bg.state_bg_PDV,PDV33,Съединение,BG421,4193,42.315765,24.626641
bg_settlement_07627,07627,Бяла вода,Byala voda,с.,BGS,tk_loan_management_bg.state_bg_BGS,BGS12,Малко Търново,BG341,8171,42.165507,27.454789
bg_settlement_52341,52341,Ножарово,Nozharovo,с.,RAZ,tk_loan_management_bg.state_bg_RAZ,RAZ29,Самуил,BG324,7441,43.629811,26.829528
bg_settlement_81030,81030,Черничево,Chernichevo,с.,PDV,tk_loan_management_bg.state_bg_PDV,PDV37,Хисаря,BG421,4181,42.442709,24.708975
bg_settlement_68967,68967,Старо Железаре,Staro Zhelezare,с.,PDV,tk_loan_management_bg.state_bg_PDV,PDV37,Хисаря,BG421,4165,42.446446,24.65106
bg_settlement_52088,52088,Ново Железаре,Novo Zhelezare,с.,PDV,tk_loan_management_bg.state_bg_PDV,PDV37,Хисаря,BG421,4167,42.421198,24.663774
bg_settlement_58757,58757,Птичар,Ptichar,с.,KRZ,tk_loan_management_bg.state_bg_KRZ,KRZ21,Момчилград,BG425,6811,41.458815,25.374654
bg_settlement_48996,48996,Момчилград,Momchilgrad,гр.,KRZ,tk_loan_management_bg.state_bg_KRZ,KRZ21,Момчилград,BG425,6800,41.527418,25.409261
bg_settlement_43369,43369,Лесичово,Lesichovo,с.,PAZ,tk_loan_management_bg.state_bg_PAZ,PAZ14,Лесичово,BG423,4463,42.355593,24.11177
bg_settlement_84067,84067,Щърково,Shtarkovo,с.,PAZ,tk_loan_management_bg.state_bg_PAZ,PAZ14,Лесичово,BG423,4461,42.301632,24.235573
bg_settlement_06598,06598,Брусен,Brusen,с.,VRC,tk_loan_management_bg.state_bg_VRC,VRC27,Мездра,BG313,3126,43.136338,23.749368
bg_settlement_77493,77493,Хубавене,Hubavene,с.,VRC,tk_loan_management_bg.state_bg_VRC,VRC32,Роман,BG313,3135,43.105092,23.937727
bg_settlement_66576,66576,Синьо бърдо,Sinyo bardo,с.,VRC,tk_loan_management_bg.state_bg_VRC,VRC32,Роман,BG313,3139,43.109195,23.829317
bg_settlement_68432,68432,Средни рът,Sredni rat,с.,VRC,tk_loan_management_bg.state_bg_VRC,VRC32,Роман,BG313,3137,43.057811,23.905516
bg_settlement_23546,23546,Дралфа,Dralfa,с.,TGV,tk_loan_management_bg.state_bg_TGV,TGV35,Търговище,BG334,7782,43.34033,26.435981
bg_settlement_55909,55909,Перущица,Perushtitsa,гр.,PDV,tk_loan_management_bg.state_bg_PDV,PDV40,Перущица,BG421,4225,42.057668,24.546844
bg_settlement_87254,87254,Яздач,Yazdach,с.,SZR,tk_loan_management_bg.state_bg_SZR,SZR36,Чирпан,BG344,6229,42.286269,25.481958
bg_settlement_04296,04296,Благоево,Blagoevo,с.,RAZ,tk_loan_management_bg.state_bg_RAZ,RAZ26,Разград,BG324,7275,43.45497,26.401677
bg_settlement_02467,02467,Балкански,Balkanski,с.,RAZ,tk_loan_management_bg.state_bg_RAZ,RAZ26,Разград,BG324,7265,43.523573,26.401477
bg_settlement_18589,18589,Гецово,Getsovo,с.,RAZ,tk_loan_management_bg.state_bg_RAZ,RAZ26,Разград,BG324,7219,43.544854,26.477957
bg_settlement_65704,65704,Свирачи,Svirachi,с.,HKV,tk_loan_management_bg.state_bg_HKV,HKV11,Ивайловград,BG422,6578,41.477801,26.11678
bg_settlement_43128,43128,Ламбух,Lambuh,с.,HKV,tk_loan_management_bg.state_bg_HKV,HKV11,Ивайловград,BG422,6583,41.589526,26.116447
bg_settlement_43308,43308,Ленско,Lensko,с.,HKV,tk_loan_management_bg.state_bg_HKV,HKV11,Ивайловград,BG422,6595,41.436466,25.964586
bg_settlement_53789,53789,Орешино,Oreshino,с.,HKV,tk_loan_management_bg.state_bg_HKV,HKV11,Ивайловград,BG422,6579,41.456547,26.09266
bg_settlement_16835,16835,Горно Луково,Gorno Lukovo,с.,HKV,tk_loan_management_bg.state_bg_HKV,HKV11,Ивайловград,BG422,6585,41.363417,26.086581
bg_settlement_32024,32024,Ивайловград,Ivaylovgrad,гр.,HKV,tk_loan_management_bg.state_bg_HKV,HKV11,Ивайловград,BG422,6570,41.526299,26.127426
bg_settlement_07733,07733,Бялградец,Byalgradets,с.,HKV,tk_loan_management_bg.state_bg_HKV,HKV11,Ивайловград,BG422,6590,41.420723,25.910206
bg_settlement_69972,69972,Струпец,Strupets,с.,VRC,tk_loan_management_bg.state_bg_VRC,VRC32,Роман,BG313,3132,43.126515,23.89471
bg_settlement_04621,04621,Богданово,Bogdanovo,с.,BGS,tk_loan_management_bg.state_bg_BGS,BGS06,Средец,BG341,8337,42.23121,27.260711
bg_settlement_29221,29221,Момина църква,Momina tsarkva,с.,BGS,tk_loan_management_bg.state_bg_BGS,BGS06,Средец,BG341,8320,42.142289,27.014386
bg_settlement_22914,22914,Долно Ябълково,Dolno Yabalkovo,с.,BGS,tk_loan_management_bg.state_bg_BGS,BGS06,Средец,BG341,8342,42.135132,27.114382
bg_settlement_36938,36938,Кирово,Kirovo,с.,BGS,tk_loan_management_bg.state_bg_BGS,BGS06,Средец,BG341,8344,42.157827,27.18564
bg_settlement_67413,67413,Сливово,Slivovo,с.,BGS,tk_loan_management_bg.state_bg_BGS,BGS06,Средец,BG341,8331,42.233634,27.015318
bg_settlement_22023,22023,Долна Бешовица,Dolna Beshovitsa,с.,VRC,tk_loan_management_bg.state_bg_VRC,VRC32,Роман,BG313,3143,43.185222,23.887128
bg_settlement_27440,27440,Белодол,Belodol,с.,BGS,tk_loan_management_bg.state_bg_BGS,BGS17,Поморие,BG341,8219,42.721618,27.451442
bg_settlement_24253,24253,Дъбник,Dabnik,с.,BGS,tk_loan_management_bg.state_bg_BGS,BGS17,Поморие,BG341,8213,42.686697,27.505626
bg_settlement_51353,51353,Недоклан,Nedoklan,с.,RAZ,tk_loan_management_bg.state_bg_RAZ,RAZ26,Разград,BG324,7251,43.548222,26.598365
bg_settlement_49093,49093,Мортагоново,Mortagonovo,с.,RAZ,tk_loan_management_bg.state_bg_RAZ,RAZ26,Разград,BG324,7248,43.526383,26.647603
bg_settlement_70860,70860,Стражец,Strazhets,с.,RAZ,tk_loan_management_bg.state_bg_RAZ,RAZ26,Разград,BG324,7217,43.553673,26.509927
bg_settlement_62089,62089,Раковски,Rakovski,с.,RAZ,tk_loan_management_bg.state_bg_RAZ,RAZ26,Разград,BG324,7264,43.601084,26.464066
bg_settlement_61710,61710,Разград,Razgrad,гр.,RAZ,tk_loan_management_bg.state_bg_RAZ,RAZ26,Разград,BG324,7200,43.525119,26.527075
bg_settlement_59416,59416,Пороище,Poroishte,с.,RAZ,tk_loan_management_bg.state_bg_RAZ,RAZ26,Разград,BG324,7218,43.488727,26.578579
bg_settlement_58668,58668,Просторно,Prostorno,с.,RAZ,tk_loan_management_bg.state_bg_RAZ,RAZ26,Разград,BG324,7263,43.64647,26.482298
bg_settlement_56890,56890,Побит камък,Pobit kamak,с.,RAZ,tk_loan_management_bg.state_bg_RAZ,RAZ26,Разград,BG324,7262,43.668167,26.543183
bg_settlement_36436,36436,Караш,Karash,с.,VRC,tk_loan_management_bg.state_bg_VRC,VRC32,Роман,BG313,3136,43.09592,23.917041
bg_settlement_00148,00148,Айрово,Ayrovo,с.,KRZ,tk_loan_management_bg.state_bg_KRZ,KRZ16,Кърджали,BG425,6639,41.608364,25.36559
bg_settlement_07586,07586,Бяга,Byaga,с.,PAZ,tk_loan_management_bg.state_bg_PAZ,PAZ06,Брацигово,BG423,4587,42.066281,24.378022
bg_settlement_32888,32888,Исперихово,Isperihovo,с.,PAZ,tk_loan_management_bg.state_bg_PAZ,PAZ06,Брацигово,BG423,4588,42.08492,24.429085
bg_settlement_37705,37705,Козарско,Kozarsko,с.,PAZ,tk_loan_management_bg.state_bg_PAZ,PAZ06,Брацигово,BG423,4584,42.059407,24.42196
bg_settlement_75246,75246,Ушинци,Ushintsi,с.,RAZ,tk_loan_management_bg.state_bg_RAZ,RAZ26,Разград,BG324,7244,43.49853,26.601631
bg_settlement_14012,14012,Габаре,Gabare,с.,VRC,tk_loan_management_bg.state_bg_VRC,VRC08,Бяла Слатина,BG313,3265,43.312032,23.914645
bg_settlement_06968,06968,Буковец,Bukovets,с.,VRC,tk_loan_management_bg.state_bg_VRC,VRC08,Бяла Слатина,BG313,3242,43.356271,23.830851
bg_settlement_72521,72521,Тлачене,Tlachene,с.,VRC,tk_loan_management_bg.state_bg_VRC,VRC08,Бяла Слатина,BG313,3243,43.342256,23.847357
bg_settlement_72850,72850,Топчии,Topchii,с.,RAZ,tk_loan_management_bg.state_bg_RAZ,RAZ26,Разград,BG324,7261,43.670237,26.508991
bg_settlement_63344,63344,Рупките,Rupkite,с.,SZR,tk_loan_management_bg.state_bg_SZR,SZR36,Чирпан,BG344,6251,42.246084,25.352105
bg_settlement_65810,65810,Свобода,Svoboda,с.,SZR,tk_loan_management_bg.state_bg_SZR,SZR36,Чирпан,BG344,6230,42.229703,25.425292
bg_settlement_68182,68182,Спасово,Spasovo,с.,SZR,tk_loan_management_bg.state_bg_SZR,SZR36,Чирпан,BG344,6249,42.261299,25.323327
bg_settlement_23087,23087,Драгановец,Draganovets,с.,TGV,tk_loan_management_bg.state_bg_TGV,TGV35,Търговище,BG334,7773,43.090554,26.671643
bg_settlement_12406,12406,Въглен,Vaglen,с.,VAR,tk_loan_management_bg.state_bg_VAR,VAR02,Аксаково,BG331,9157,43.29445,27.850333
bg_settlement_30853,30853,Зимен,Zimen,с.,BGS,tk_loan_management_bg.state_bg_BGS,BGS09,Карнобат,BG341,8428,42.735573,27.036148
bg_settlement_36525,36525,Карнобат,Karnobat,гр.,BGS,tk_loan_management_bg.state_bg_BGS,BGS09,Карнобат,BG341,8400,42.644798,26.984062
bg_settlement_03592,03592,Белово,Belovo,гр.,PAZ,tk_loan_management_bg.state_bg_PAZ,PAZ04,Белово,BG423,4470,42.214677,24.018005
bg_settlement_00165,00165,Аканджиево,Akandzhievo,с.,PAZ,tk_loan_management_bg.state_bg_PAZ,PAZ04,Белово,BG423,4483,42.249537,24.044226
bg_settlement_47812,47812,Мененкьово,Menenkyovo,с.,PAZ,tk_loan_management_bg.state_bg_PAZ,PAZ04,Белово,BG423,4482,42.229354,24.057823
bg_settlement_35540,35540,Калоянци,Kaloyantsi,с.,KRZ,tk_loan_management_bg.state_bg_KRZ,KRZ16,Кърджали,BG425,6675,41.666622,25.551573
bg_settlement_31348,31348,Зорница,Zornitsa,с.,KRZ,tk_loan_management_bg.state_bg_KRZ,KRZ16,Кърджали,BG425,6650,41.617876,25.512917
bg_settlement_35715,35715,Каменар,Kamenar,с.,RAZ,tk_loan_management_bg.state_bg_RAZ,RAZ17,Лозница,BG324,7247,43.467504,26.631711
bg_settlement_44937,44937,Ловско,Lovsko,с.,RAZ,tk_loan_management_bg.state_bg_RAZ,RAZ17,Лозница,BG324,7291,43.394755,26.621212
bg_settlement_44166,44166,Лозница,Loznitsa,гр.,RAZ,tk_loan_management_bg.state_bg_RAZ,RAZ17,Лозница,BG324,7290,43.371482,26.598731
bg_settlement_15919,15919,Голямо Соколово,Golyamo Sokolovo,с.,TGV,tk_loan_management_bg.state_bg_TGV,TGV35,Търговище,BG334,7778,43.333845,26.499591
bg_settlement_46228,46228,Маково,Makovo,с.,TGV,tk_loan_management_bg.state_bg_TGV,TGV35,Търговище,BG334,7785,43.369814,26.456047
bg_settlement_46190,46190,Макариополско,Makariopolsko,с.,TGV,tk_loan_management_bg.state_bg_TGV,TGV35,Търговище,BG334,7750,43.339057,26.675093
bg_settlement_43685,43685,Лиляк,Lilyak,с.,TGV,tk_loan_management_bg.state_bg_TGV,TGV35,Търговище,BG334,7760,43.229649,26.479001
bg_settlement_40395,40395,Кръшно,Krashno,с.,TGV,tk_loan_management_bg.state_bg_TGV,TGV35,Търговище,BG334,7786,43.359661,26.433755
bg_settlement_84036,84036,Щит,Shtit,с.,HKV,tk_loan_management_bg.state_bg_HKV,HKV28,Свиленград,BG422,6528,41.826284,26.364436
bg_settlement_39390,39390,Кралево,Kralevo,с.,TGV,tk_loan_management_bg.state_bg_TGV,TGV35,Търговище,BG334,7770,43.18987,26.700785
bg_settlement_55645,55645,Пашово,Pashovo,с.,HKV,tk_loan_management_bg.state_bg_HKV,HKV28,Свиленград,BG422,6529,41.827146,26.37593
bg_settlement_70055,70055,Студена,Studena,с.,HKV,tk_loan_management_bg.state_bg_HKV,HKV28,Свиленград,BG422,6538,41.916682,26.402699
bg_settlement_43205,43205,Левка,Levka,с.,HKV,tk_loan_management_bg.state_bg_HKV,HKV28,Свиленград,BG422,6540,41.866947,26.267598
bg_settlement_05829,05829,Ботево,Botevo,с.,VAR,tk_loan_management_bg.state_bg_VAR,VAR02,Аксаково,BG331,9159,43.429343,27.720355
bg_settlement_30363,30363,Засмяно,Zasmyano,с.,VAR,tk_loan_management_bg.state_bg_VAR,VAR02,Аксаково,BG331,9141,43.389216,27.687132
bg_settlement_21988,21988,Долище,Dolishte,с.,VAR,tk_loan_management_bg.state_bg_VAR,VAR02,Аксаково,BG331,9152,43.338654,27.891944
bg_settlement_77267,77267,Хисар,Hisar,с.,KRZ,tk_loan_management_bg.state_bg_KRZ,KRZ15,Крумовград,BG425,6914,41.531668,25.648048
bg_settlement_21587,21587,Доброглед,Dobrogled,с.,VAR,tk_loan_management_bg.state_bg_VAR,VAR02,Аксаково,BG331,9145,43.2663,27.764249
bg_settlement_57248,57248,Полковник Желязово,Polkovnik Zhelyazovo,с.,KRZ,tk_loan_management_bg.state_bg_KRZ,KRZ15,Крумовград,BG425,6909,41.465945,25.673428
bg_settlement_30569,30569,Звъника,Zvanika,с.,KRZ,tk_loan_management_bg.state_bg_KRZ,KRZ16,Кърджали,BG425,6732,41.651016,25.280326
bg_settlement_30524,30524,Звиница,Zvinitsa,с.,KRZ,tk_loan_management_bg.state_bg_KRZ,KRZ16,Кърджали,BG425,6668,41.745564,25.57657
bg_settlement_30466,30466,Звезделина,Zvezdelina,с.,KRZ,tk_loan_management_bg.state_bg_KRZ,KRZ16,Кърджали,BG425,6653,41.643813,25.484311
bg_settlement_40590,40590,Куманово,Kumanovo,с.,VAR,tk_loan_management_bg.state_bg_VAR,VAR02,Аксаково,BG331,9153,43.271112,27.938972
bg_settlement_37246,37246,Климентово,Klimentovo,с.,VAR,tk_loan_management_bg.state_bg_VAR,VAR02,Аксаково,BG331,9150,43.341938,27.948085
bg_settlement_37099,37099,Кичево,Kichevo,с.,VAR,tk_loan_management_bg.state_bg_VAR,VAR02,Аксаково,BG331,9151,43.272468,27.961517
bg_settlement_61306,61306,Радево,Radevo,с.,VAR,tk_loan_management_bg.state_bg_VAR,VAR02,Аксаково,BG331,9149,43.409986,27.730956
bg_settlement_46658,46658,Малко Тръново,Malko Tranovo,с.,SZR,tk_loan_management_bg.state_bg_SZR,SZR36,Чирпан,BG344,6228,42.263182,25.461909
bg_settlement_87518,87518,Яребична,Yarebichna,с.,VAR,tk_loan_management_bg.state_bg_VAR,VAR02,Аксаково,BG331,9158,43.299421,27.873161
bg_settlement_48831,48831,Могилово,Mogilovo,с.,SZR,tk_loan_management_bg.state_bg_SZR,SZR36,Чирпан,BG344,6239,42.34146,25.398956
bg_settlement_32456,32456,Изворово,Izvorovo,с.,SZR,tk_loan_management_bg.state_bg_SZR,SZR36,Чирпан,BG344,6242,42.297568,25.316677
bg_settlement_11082,11082,Винарово,Vinarovo,с.,SZR,tk_loan_management_bg.state_bg_SZR,SZR36,Чирпан,BG344,6238,42.301023,25.407003
bg_settlement_24579,24579,Дълго поле,Dalgo pole,с.,VID,tk_loan_management_bg.state_bg_VID,VID16,Димово,BG311,3756,43.695643,22.778809
bg_settlement_65872,65872,Своде,Svode,с.,SFO,tk_loan_management_bg.state_bg_SFO,SFO34,Правец,BG412,2171,43.015947,23.877537
bg_settlement_78094,78094,Царева поляна,Tsareva polyana,с.,HKV,tk_loan_management_bg.state_bg_HKV,HKV30,Стамболово,BG422,6363,41.783215,25.602222
bg_settlement_58815,58815,Пчелари,Pchelari,с.,HKV,tk_loan_management_bg.state_bg_HKV,HKV30,Стамболово,BG422,6385,41.6433,25.686262
bg_settlement_68727,68727,Стамболово,Stambolovo,с.,HKV,tk_loan_management_bg.state_bg_HKV,HKV30,Стамболово,BG422,6362,41.775243,25.644824
bg_settlement_39400,39400,Кралево,Kralevo,с.,HKV,tk_loan_management_bg.state_bg_HKV,HKV30,Стамболово,BG422,6362,41.781307,25.677706
bg_settlement_46070,46070,Маджари,Madzhari,с.,HKV,tk_loan_management_bg.state_bg_HKV,HKV30,Стамболово,BG422,6383,41.66984,25.705384
bg_settlement_46899,46899,Малък извор,Malak izvor,с.,HKV,tk_loan_management_bg.state_bg_HKV,HKV30,Стамболово,BG422,6394,41.789979,25.726383
bg_settlement_15093,15093,Гледка,Gledka,с.,HKV,tk_loan_management_bg.state_bg_HKV,HKV30,Стамболово,BG422,6362,41.776107,25.664095
bg_settlement_15610,15610,Голобрадово,Golobradovo,с.,HKV,tk_loan_management_bg.state_bg_HKV,HKV30,Стамболово,BG422,6386,41.633865,25.67107
bg_settlement_15775,15775,Голям извор,Golyam izvor,с.,HKV,tk_loan_management_bg.state_bg_HKV,HKV30,Стамболово,BG422,6395,41.761478,25.719578
bg_settlement_22575,22575,Долно Ботево,Dolno Botevo,с.,HKV,tk_loan_management_bg.state_bg_HKV,HKV30,Стамболово,BG422,6393,41.745979,25.712483
bg_settlement_22770,22770,Долно поле,Dolno pole,с.,HKV,tk_loan_management_bg.state_bg_HKV,HKV30,Стамболово,BG422,6382,41.661203,25.74888
bg_settlement_11822,11822,Войводенец,Voyvodenets,с.,HKV,tk_loan_management_bg.state_bg_HKV,HKV30,Стамболово,BG422,6381,41.656477,25.736339
bg_settlement_57933,57933,Поточарка,Potocharka,с.,KRZ,tk_loan_management_bg.state_bg_KRZ,KRZ15,Крумовград,BG425,6963,41.608172,25.675729
bg_settlement_57950,57950,Поточница,Potochnitsa,с.,KRZ,tk_loan_management_bg.state_bg_KRZ,KRZ15,Крумовград,BG425,6960,41.611668,25.683669
bg_settlement_39970,39970,Крумовград,Krumovgrad,гр.,KRZ,tk_loan_management_bg.state_bg_KRZ,KRZ15,Крумовград,BG425,6900,41.471572,25.65508
bg_settlement_49103,49103,Морянци,Moryantsi,с.,KRZ,tk_loan_management_bg.state_bg_KRZ,KRZ15,Крумовград,BG425,6959,41.588821,25.697677
bg_settlement_27680,27680,Едрино,Edrino,с.,KRZ,tk_loan_management_bg.state_bg_KRZ,KRZ15,Крумовград,BG425,6909,41.452411,25.665158
bg_settlement_31142,31142,Златолист,Zlatolist,с.,KRZ,tk_loan_management_bg.state_bg_KRZ,KRZ15,Крумовград,BG425,6915,41.515946,25.620337
bg_settlement_35849,35849,Каменка,Kamenka,с.,KRZ,tk_loan_management_bg.state_bg_KRZ,KRZ15,Крумовград,BG425,6918,41.47487,25.680853
bg_settlement_35585,35585,Калугерово,Kalugerovo,с.,SFO,tk_loan_management_bg.state_bg_SFO,SFO34,Правец,BG412,2169,42.990379,23.894778
bg_settlement_44817,44817,Лясково,Lyaskovo,с.,BGS,tk_loan_management_bg.state_bg_BGS,BGS01,Айтос,BG341,8518,42.72682,27.287371
bg_settlement_02751,02751,Бараци,Baratsi,с.,KRZ,tk_loan_management_bg.state_bg_KRZ,KRZ15,Крумовград,BG425,6910,41.522592,25.644986
bg_settlement_24445,24445,Дъждино,Dazhdino,с.,KRZ,tk_loan_management_bg.state_bg_KRZ,KRZ16,Кърджали,BG425,6642,41.582366,25.365418
bg_settlement_22134,22134,Долна крепост,Dolna krepost,с.,KRZ,tk_loan_management_bg.state_bg_KRZ,KRZ16,Кърджали,BG425,6686,41.726299,25.474965
bg_settlement_69599,69599,Стража,Strazha,с.,TGV,tk_loan_management_bg.state_bg_TGV,TGV35,Търговище,BG334,7738,43.195449,26.566033
bg_settlement_63241,63241,Руец,Ruets,с.,TGV,tk_loan_management_bg.state_bg_TGV,TGV35,Търговище,BG334,7744,43.214035,26.62438
bg_settlement_61676,61676,Разбойна,Razboyna,с.,TGV,tk_loan_management_bg.state_bg_TGV,TGV35,Търговище,BG334,7707,43.221685,26.560407
bg_settlement_57008,57008,Подгорица,Podgoritsa,с.,TGV,tk_loan_management_bg.state_bg_TGV,TGV35,Търговище,BG334,7768,43.3078,26.470137
bg_settlement_55662,55662,Певец,Pevets,с.,TGV,tk_loan_management_bg.state_bg_TGV,TGV35,Търговище,BG334,7771,43.211901,26.68361
bg_settlement_00566,00566,Априлово,Aprilovo,с.,TGV,tk_loan_management_bg.state_bg_TGV,TGV24,Попово,BG334,7864,43.260334,26.278778
bg_settlement_30449,30449,Звезда,Zvezda,с.,TGV,tk_loan_management_bg.state_bg_TGV,TGV24,Попово,BG334,7878,43.279341,26.238143
bg_settlement_76100,76100,Филипово,Filipovo,с.,HKV,tk_loan_management_bg.state_bg_HKV,HKV32,Тополовград,BG422,6564,41.914399,26.515917
bg_settlement_61491,61491,Радовец,Radovets,с.,HKV,tk_loan_management_bg.state_bg_HKV,HKV32,Тополовград,BG422,6564,41.931484,26.492376
bg_settlement_65588,65588,Светлина,Svetlina,с.,HKV,tk_loan_management_bg.state_bg_HKV,HKV32,Тополовград,BG422,6420,42.004058,25.3797
bg_settlement_72761,72761,Тополовград,Topolovgrad,гр.,HKV,tk_loan_management_bg.state_bg_HKV,HKV32,Тополовград,BG422,6560,42.085818,26.332617
bg_settlement_49219,49219,Мрамор,Mramor,с.,HKV,tk_loan_management_bg.state_bg_HKV,HKV32,Тополовград,BG422,6562,42.04768,26.399231
bg_settlement_53802,53802,Орешник,Oreshnik,с.,HKV,tk_loan_management_bg.state_bg_HKV,HKV32,Тополовград,BG422,6561,42.070927,26.370346
bg_settlement_24013,24013,Капитан Петко войвода,Kapitan Petko voyvoda,с.,HKV,tk_loan_management_bg.state_bg_HKV,HKV32,Тополовград,BG422,6561,42.071615,26.422671
bg_settlement_35866,35866,Каменна река,Kamenna reka,с.,HKV,tk_loan_management_bg.state_bg_HKV,HKV32,Тополовград,BG422,6546,42.169665,26.269508
bg_settlement_12303,12303,Вресово,Vresovo,с.,BGS,tk_loan_management_bg.state_bg_BGS,BGS18,Руен,BG341,8560,42.812431,27.198526
bg_settlement_30435,30435,Звезда,Zvezda,с.,BGS,tk_loan_management_bg.state_bg_BGS,BGS18,Руен,BG341,8572,42.91604,27.094989
bg_settlement_39949,39949,Крояч,Kroyach,с.,RAZ,tk_loan_management_bg.state_bg_RAZ,RAZ17,Лозница,BG324,7278,43.385832,26.661095
bg_settlement_70069,70069,Студенец,Studenets,с.,RAZ,tk_loan_management_bg.state_bg_RAZ,RAZ17,Лозница,BG324,7279,43.425757,26.609444
bg_settlement_18410,18410,Гъсково,Gaskovo,с.,KRZ,tk_loan_management_bg.state_bg_KRZ,KRZ16,Кърджали,BG425,6651,41.664096,25.44174
bg_settlement_15268,15268,Гняздово,Gnyazdovo,с.,KRZ,tk_loan_management_bg.state_bg_KRZ,KRZ16,Кърджали,BG425,6675,41.654197,25.549979
bg_settlement_81619,81619,Чудомир,Chudomir,с.,RAZ,tk_loan_management_bg.state_bg_RAZ,RAZ17,Лозница,BG324,7284,43.360291,26.512868
bg_settlement_73262,73262,Тръбач,Trabach,с.,RAZ,tk_loan_management_bg.state_bg_RAZ,RAZ17,Лозница,BG324,7283,43.377979,26.496053
bg_settlement_15216,15216,Глухар,Gluhar,с.,KRZ,tk_loan_management_bg.state_bg_KRZ,KRZ16,Кърджали,BG425,6647,41.593295,25.392799
bg_settlement_73002,73002,Трапище,Trapishte,с.,RAZ,tk_loan_management_bg.state_bg_RAZ,RAZ17,Лозница,BG324,7281,43.377231,26.536297
bg_settlement_35897,35897,Каменово,Kamenovo,с.,RAZ,tk_loan_management_bg.state_bg_RAZ,RAZ16,Кубрат,BG324,7343,43.719286,26.472314
bg_settlement_47617,47617,Медовене,Medovene,с.,RAZ,tk_loan_management_bg.state_bg_RAZ,RAZ16,Кубрат,BG324,7319,43.773251,26.528691
bg_settlement_40422,40422,Кубрат,Kubrat,гр.,RAZ,tk_loan_management_bg.state_bg_RAZ,RAZ16,Кубрат,BG324,7300,43.79649,26.500061
bg_settlement_65886,65886,Севар,Sevar,с.,RAZ,tk_loan_management_bg.state_bg_RAZ,RAZ16,Кубрат,BG324,7332,43.833255,26.590043
bg_settlement_65022,65022,Савин,Savin,с.,RAZ,tk_loan_management_bg.state_bg_RAZ,RAZ16,Кубрат,BG324,7318,43.809126,26.547116
bg_settlement_80827,80827,Черна могила,Cherna mogila,с.,HKV,tk_loan_management_bg.state_bg_HKV,HKV33,Харманли,BG422,6471,41.808543,25.946844
bg_settlement_61203,61203,Равно,Ravno,с.,RAZ,tk_loan_management_bg.state_bg_RAZ,RAZ16,Кубрат,BG324,7344,43.704314,26.457246
bg_settlement_62013,62013,Раклиново,Raklinovo,с.,BGS,tk_loan_management_bg.state_bg_BGS,BGS01,Айтос,BG341,8547,42.763801,27.050923
bg_settlement_38011,38011,Коларово,Kolarovo,с.,HKV,tk_loan_management_bg.state_bg_HKV,HKV33,Харманли,BG422,6460,41.969291,26.022171
bg_settlement_51041,51041,Надежден,Nadezhden,с.,HKV,tk_loan_management_bg.state_bg_HKV,HKV33,Харманли,BG422,6459,41.882468,25.927472
bg_settlement_53237,53237,Овчарово,Ovcharovo,с.,HKV,tk_loan_management_bg.state_bg_HKV,HKV33,Харманли,BG422,6468,42.010208,26.001624
bg_settlement_53775,53775,Орешец,Oreshets,с.,HKV,tk_loan_management_bg.state_bg_HKV,HKV33,Харманли,BG422,6475,41.764915,25.907631
bg_settlement_54448,54448,Остър камък,Ostar kamak,с.,HKV,tk_loan_management_bg.state_bg_HKV,HKV33,Харманли,BG422,6457,41.888179,25.852292
bg_settlement_32487,32487,Изворово,Izvorovo,с.,HKV,tk_loan_management_bg.state_bg_HKV,HKV33,Харманли,BG422,6461,41.963022,26.140854
bg_settlement_22767,22767,Паничерево,Panicherevo,с.,SZR,tk_loan_management_bg.state_bg_SZR,SZR37,Гурково,BG344,6172,42.603209,25.85008
bg_settlement_12810,12810,Върбово,Varbovo,с.,HKV,tk_loan_management_bg.state_bg_HKV,HKV33,Харманли,BG422,6488,41.762767,25.857524
bg_settlement_54403,54403,Островица,Ostrovitsa,с.,KRZ,tk_loan_management_bg.state_bg_KRZ,KRZ16,Кърджали,BG425,6644,41.615664,25.414999
bg_settlement_32370,32370,Извор,Izvor,с.,VID,tk_loan_management_bg.state_bg_VID,VID16,Димово,BG311,3742,43.749998,22.80504
bg_settlement_36440,36440,Карбинци,Karbintsi,с.,VID,tk_loan_management_bg.state_bg_VID,VID16,Димово,BG311,3923,43.676024,22.840717
bg_settlement_81640,81640,Чукарка,Chukarka,с.,BGS,tk_loan_management_bg.state_bg_BGS,BGS01,Айтос,BG341,8529,42.648742,27.116663
bg_settlement_03263,03263,Бела,Bela,с.,VID,tk_loan_management_bg.state_bg_VID,VID16,Димово,BG311,3965,43.712073,22.71012
bg_settlement_03811,03811,Бенковски,Benkovski,с.,VAR,tk_loan_management_bg.state_bg_VAR,VAR01,Аврен,BG331,9133,43.114884,27.78497
bg_settlement_00084,00084,Аврен,Avren,с.,VAR,tk_loan_management_bg.state_bg_VAR,VAR01,Аврен,BG331,9135,43.115658,27.666863
bg_settlement_81102,81102,Черноград,Chernograd,с.,BGS,tk_loan_management_bg.state_bg_BGS,BGS01,Айтос,BG341,8545,42.713325,27.097538
bg_settlement_30079,30079,Заветно,Zavetno,с.,TGV,tk_loan_management_bg.state_bg_TGV,TGV24,Попово,BG334,7881,43.33,26.338045
bg_settlement_10015,10015,Вазово,Vazovo,с.,RAZ,tk_loan_management_bg.state_bg_RAZ,RAZ14,Исперих,BG324,7422,43.773142,26.814743
bg_settlement_07452,07452,Бърдоква,Bardokva,с.,RAZ,tk_loan_management_bg.state_bg_RAZ,RAZ14,Исперих,BG324,7448,43.634755,26.799777
bg_settlement_03472,03472,Белинци,Belintsi,с.,RAZ,tk_loan_management_bg.state_bg_RAZ,RAZ14,Исперих,BG324,7432,43.650665,26.958385
bg_settlement_34103,34103,Йонково,Yonkovo,с.,RAZ,tk_loan_management_bg.state_bg_RAZ,RAZ14,Исперих,BG324,7450,43.628537,26.703558
bg_settlement_32874,32874,Исперих,Isperih,гр.,RAZ,tk_loan_management_bg.state_bg_RAZ,RAZ14,Исперих,BG324,7400,43.71953,26.82843
bg_settlement_24921,24921,Драгомъж,Dragomazh,с.,RAZ,tk_loan_management_bg.state_bg_RAZ,RAZ14,Исперих,BG324,7419,43.713392,26.782787
bg_settlement_24116,24116,Лудогорци,Ludogortsi,с.,RAZ,tk_loan_management_bg.state_bg_RAZ,RAZ14,Исперих,BG324,7445,43.644225,26.766453
bg_settlement_20609,20609,Делчево,Delchevo,с.,RAZ,tk_loan_management_bg.state_bg_RAZ,RAZ14,Исперих,BG324,7427,43.709586,26.958603
bg_settlement_15953,15953,Голям Поровец,Golyam Porovets,с.,RAZ,tk_loan_management_bg.state_bg_RAZ,RAZ14,Исперих,BG324,7444,43.669021,26.788039
bg_settlement_50512,50512,Малко Йонково,Malko Yonkovo,с.,RAZ,tk_loan_management_bg.state_bg_RAZ,RAZ14,Исперих,BG324,7460,43.624518,26.723396
bg_settlement_80813,80813,Черна могила,Cherna mogila,с.,BGS,tk_loan_management_bg.state_bg_BGS,BGS01,Айтос,BG341,8527,42.749272,27.398198
bg_settlement_72953,72953,Тракиец,Trakiets,с.,HKV,tk_loan_management_bg.state_bg_HKV,HKV34,Хасково,BG422,6369,41.86743,25.45292
bg_settlement_77476,77476,Хрищени,Hrishteni,с.,SZR,tk_loan_management_bg.state_bg_SZR,SZR31,Стара Загора,BG344,6050,42.457245,25.705998
bg_settlement_72182,72182,Текето,Teketo,с.,HKV,tk_loan_management_bg.state_bg_HKV,HKV34,Хасково,BG422,6370,41.853686,25.46696
bg_settlement_37770,37770,Козлец,Kozlets,с.,HKV,tk_loan_management_bg.state_bg_HKV,HKV34,Хасково,BG422,6371,41.830688,25.465508
bg_settlement_39863,39863,Криво поле,Krivo pole,с.,HKV,tk_loan_management_bg.state_bg_HKV,HKV34,Хасково,BG422,6387,41.840104,25.711373
bg_settlement_44553,44553,Любеново,Lyubenovo,с.,HKV,tk_loan_management_bg.state_bg_HKV,HKV34,Хасково,BG422,6342,41.89645,25.741608
bg_settlement_47055,47055,Мандра,Mandra,с.,HKV,tk_loan_management_bg.state_bg_HKV,HKV34,Хасково,BG422,6357,41.817622,25.505729
bg_settlement_48934,48934,Момино,Momino,с.,HKV,tk_loan_management_bg.state_bg_HKV,HKV34,Хасково,BG422,6387,41.852029,25.728339
bg_settlement_53936,53936,Орлово,Orlovo,с.,HKV,tk_loan_management_bg.state_bg_HKV,HKV34,Хасково,BG422,6354,41.828122,25.54152
bg_settlement_15429,15429,Големанци,Golemantsi,с.,HKV,tk_loan_management_bg.state_bg_HKV,HKV34,Хасково,BG422,6358,41.784867,25.481484
bg_settlement_22589,22589,Долно Войводино,Dolno Voyvodino,с.,HKV,tk_loan_management_bg.state_bg_HKV,HKV34,Хасково,BG422,6389,41.80292,25.567971
bg_settlement_27200,27200,Елена,Elena,с.,HKV,tk_loan_management_bg.state_bg_HKV,HKV34,Хасково,BG422,6399,41.841828,25.793279
bg_settlement_61995,61995,Ракитница,Rakitnitsa,с.,SZR,tk_loan_management_bg.state_bg_SZR,SZR31,Стара Загора,BG344,6067,42.339832,25.514807
bg_settlement_00326,00326,Александрово,Aleksandrovo,с.,HKV,tk_loan_management_bg.state_bg_HKV,HKV34,Хасково,BG422,6351,41.982863,25.725345
bg_settlement_12382,12382,Въгларово,Vaglarovo,с.,HKV,tk_loan_management_bg.state_bg_HKV,HKV34,Хасково,BG422,6313,41.906802,25.448218
bg_settlement_49521,49521,Мъдрец,Madrets,с.,KRZ,tk_loan_management_bg.state_bg_KRZ,KRZ16,Кърджали,BG425,6674,41.69148,25.519183
bg_settlement_06687,06687,Бръшлян,Brashlyan,с.,BGS,tk_loan_management_bg.state_bg_BGS,BGS12,Малко Търново,BG341,8163,42.046901,27.428124
bg_settlement_35451,35451,Калово,Kalovo,с.,BGS,tk_loan_management_bg.state_bg_BGS,BGS12,Малко Търново,BG341,8169,42.12656,27.534588
bg_settlement_30020,30020,Заберново,Zabernovo,с.,BGS,tk_loan_management_bg.state_bg_BGS,BGS12,Малко Търново,BG341,8168,42.101978,27.563305
bg_settlement_49343,49343,Мургово,Murgovo,с.,KRZ,tk_loan_management_bg.state_bg_KRZ,KRZ16,Кърджали,BG425,6679,41.704068,25.480995
bg_settlement_44700,44700,Люляково,Lyulyakovo,с.,KRZ,tk_loan_management_bg.state_bg_KRZ,KRZ16,Кърджали,BG425,6684,41.735748,25.447614
bg_settlement_43856,43856,Лисиците,Lisitsite,с.,KRZ,tk_loan_management_bg.state_bg_KRZ,KRZ16,Кърджали,BG425,6645,41.6114,25.451485
bg_settlement_63301,63301,Руманя,Rumanya,с.,SZR,tk_loan_management_bg.state_bg_SZR,SZR31,Стара Загора,BG344,6057,42.504003,25.870533
bg_settlement_78224,78224,Цар-Петрово,Tsar-Petrovo,с.,VID,tk_loan_management_bg.state_bg_VID,VID22,Кула,BG311,,0,0
bg_settlement_57193,57193,Полетковци,Poletkovtsi,с.,VID,tk_loan_management_bg.state_bg_VID,VID22,Кула,BG311,3818,43.86025,22.519821
bg_settlement_69002,69002,Старопатица,Staropatitsa,с.,VID,tk_loan_management_bg.state_bg_VID,VID22,Кула,BG311,3822,43.831233,22.493828
bg_settlement_72775,72775,Тополовец,Topolovets,с.,VID,tk_loan_management_bg.state_bg_VID,VID22,Кула,BG311,3828,43.985727,22.6212
bg_settlement_40909,40909,Кърджали,Kardzhali,гр.,KRZ,tk_loan_management_bg.state_bg_KRZ,KRZ16,Кърджали,BG425,6600,41.638999,25.376263
bg_settlement_57515,57515,Помощник,Pomoshtnik,с.,SZR,tk_loan_management_bg.state_bg_SZR,SZR07,Гълъбово,BG344,6297,42.050363,26.049855
bg_settlement_40525,40525,Кула,Kula,гр.,VID,tk_loan_management_bg.state_bg_VID,VID22,Кула,BG311,3800,43.887489,22.52134
bg_settlement_83363,83363,Цар Шишманово,Tsar Shishmanovo,с.,VID,tk_loan_management_bg.state_bg_VID,VID25,Макреш,BG311,3853,43.766212,22.559954
bg_settlement_72638,72638,Толовица,Tolovitsa,с.,VID,tk_loan_management_bg.state_bg_VID,VID25,Макреш,BG311,3854,43.749829,22.580852
bg_settlement_77565,77565,Хърсово,Harsovo,с.,BLG,tk_loan_management_bg.state_bg_BLG,BLG40,Сандански,BG413,2819,41.461202,23.383694
bg_settlement_56352,56352,Пиперица,Piperitsa,с.,BLG,tk_loan_management_bg.state_bg_BLG,BLG40,Сандански,BG413,2831,41.410921,23.437799
bg_settlement_65334,65334,Сандански,Sandanski,гр.,BLG,tk_loan_management_bg.state_bg_BLG,BLG40,Сандански,BG413,2800,41.561324,23.277591
bg_settlement_43150,43150,Ласкарево,Laskarevo,с.,BLG,tk_loan_management_bg.state_bg_BLG,BLG40,Сандански,BG413,2811,41.543607,23.335268
bg_settlement_44121,44121,Лозеница,Lozenitsa,с.,BLG,tk_loan_management_bg.state_bg_BLG,BLG40,Сандански,BG413,2821,41.504357,23.372547
bg_settlement_20910,20910,Зорница,Zornitsa,с.,BLG,tk_loan_management_bg.state_bg_BLG,BLG40,Сандански,BG413,2821,41.488664,23.365846
bg_settlement_35362,35362,Калиманци,Kalimantsi,с.,BLG,tk_loan_management_bg.state_bg_BLG,BLG40,Сандански,BG413,2832,41.460403,23.476334
bg_settlement_30234,30234,Заимчево,Zaimchevo,с.,BGS,tk_loan_management_bg.state_bg_BGS,BGS18,Руен,BG341,8564,42.894936,27.30366
bg_settlement_23755,23755,Дропла,Dropla,с.,BGS,tk_loan_management_bg.state_bg_BGS,BGS18,Руен,BG341,8563,42.910293,27.198404
bg_settlement_12200,12200,Враня,Vranya,с.,BLG,tk_loan_management_bg.state_bg_BLG,BLG40,Сандански,BG413,2830,41.449148,23.401826
bg_settlement_44690,44690,Люляково,Lyulyakovo,с.,BGS,tk_loan_management_bg.state_bg_BGS,BGS18,Руен,BG341,8570,42.873462,27.078861
bg_settlement_67876,67876,Соколец,Sokolets,с.,BGS,tk_loan_management_bg.state_bg_BGS,BGS18,Руен,BG341,8554,42.942226,27.179267
bg_settlement_10673,10673,Верен,Veren,с.,SZR,tk_loan_management_bg.state_bg_SZR,SZR04,Братя Даскалови,BG344,6244,42.347982,25.189344
bg_settlement_65574,65574,Светлина,Svetlina,с.,HKV,tk_loan_management_bg.state_bg_HKV,HKV09,Димитровград,BG422,6420,42.004058,25.3797
bg_settlement_39668,39668,Крепост,Krepost,с.,HKV,tk_loan_management_bg.state_bg_HKV,HKV09,Димитровград,BG422,6410,42.008083,25.589967
bg_settlement_72103,72103,Татарево,Tatarevo,с.,HKV,tk_loan_management_bg.state_bg_HKV,HKV19,Минерални бани,BG422,6344,41.946248,25.398914
bg_settlement_70250,70250,Сусам,Susam,с.,HKV,tk_loan_management_bg.state_bg_HKV,HKV19,Минерални бани,BG422,6352,41.962953,25.346378
bg_settlement_39342,39342,Крайно село,Krayno selo,с.,KRZ,tk_loan_management_bg.state_bg_KRZ,KRZ16,Кърджали,BG425,6739,41.642927,25.341414
bg_settlement_67979,67979,Соколско,Sokolsko,с.,KRZ,tk_loan_management_bg.state_bg_KRZ,KRZ16,Кърджали,BG425,6648,41.610844,25.442621
bg_settlement_66740,66740,Скалище,Skalishte,с.,KRZ,tk_loan_management_bg.state_bg_KRZ,KRZ16,Кърджали,BG425,6652,41.659351,25.462296
bg_settlement_15744,15744,Голям дол,Golyam dol,с.,SZR,tk_loan_management_bg.state_bg_SZR,SZR04,Братя Даскалови,BG344,6245,42.333922,25.228142
bg_settlement_80861,80861,Чернево,Chernevo,с.,VAR,tk_loan_management_bg.state_bg_VAR,VAR26,Суворово,BG331,9174,43.292497,27.602254
bg_settlement_68850,68850,Стара Загора,Stara Zagora,гр.,SZR,tk_loan_management_bg.state_bg_SZR,SZR31,Стара Загора,BG344,6000,42.425663,25.634676
bg_settlement_27022,27022,Евренозово,Evrenozovo,с.,BGS,tk_loan_management_bg.state_bg_BGS,BGS12,Малко Търново,BG341,8172,42.132614,27.34301
bg_settlement_21484,21484,Добрина,Dobrina,с.,VAR,tk_loan_management_bg.state_bg_VAR,VAR24,Провадия,BG331,9216,43.179037,27.462215
bg_settlement_51456,51456,Неново,Nenovo,с.,VAR,tk_loan_management_bg.state_bg_VAR,VAR24,Провадия,BG331,9234,43.222655,27.283802
bg_settlement_39829,39829,Кривня,Krivnya,с.,VAR,tk_loan_management_bg.state_bg_VAR,VAR24,Провадия,BG331,9217,43.19511,27.397008
bg_settlement_61073,61073,Равна,Ravna,с.,VAR,tk_loan_management_bg.state_bg_VAR,VAR24,Провадия,BG331,9235,43.216911,27.34796
bg_settlement_80710,80710,Черковна,Cherkovna,с.,VAR,tk_loan_management_bg.state_bg_VAR,VAR24,Провадия,BG331,9232,43.195405,27.32923
bg_settlement_46574,46574,Малко градище,Malko gradishte,с.,HKV,tk_loan_management_bg.state_bg_HKV,HKV17,Любимец,BG422,6558,41.76039,25.99292
bg_settlement_54033,54033,Оряхово,Oryahovo,с.,HKV,tk_loan_management_bg.state_bg_HKV,HKV17,Любимец,BG422,6555,41.920614,26.158144
bg_settlement_10286,10286,Васково,Vaskovo,с.,HKV,tk_loan_management_bg.state_bg_HKV,HKV17,Любимец,BG422,6556,41.917051,26.198271
bg_settlement_12560,12560,Вълче поле,Valche pole,с.,HKV,tk_loan_management_bg.state_bg_HKV,HKV17,Любимец,BG422,6587,41.689455,26.011541
bg_settlement_46913,46913,Малък Поровец,Malak Porovets,с.,RAZ,tk_loan_management_bg.state_bg_RAZ,RAZ14,Исперих,BG324,7429,43.714625,26.752112
bg_settlement_27259,27259,Еленово,Elenovo,с.,TGV,tk_loan_management_bg.state_bg_TGV,TGV24,Попово,BG334,7837,43.412282,26.400151
bg_settlement_44358,44358,Лъвино,Lavino,с.,RAZ,tk_loan_management_bg.state_bg_RAZ,RAZ14,Исперих,BG324,7439,43.68782,26.859042
bg_settlement_40899,40899,Къпиновци,Kapinovtsi,с.,RAZ,tk_loan_management_bg.state_bg_RAZ,RAZ14,Исперих,BG324,7434,43.684105,26.910367
bg_settlement_38296,38296,Конево,Konevo,с.,RAZ,tk_loan_management_bg.state_bg_RAZ,RAZ14,Исперих,BG324,7442,43.777192,26.879721
bg_settlement_63313,63313,Румелия,Rumelia,с.,HKV,tk_loan_management_bg.state_bg_HKV,HKV18,Маджарово,BG422,6453,41.674289,25.785538
bg_settlement_63584,63584,Ръженово,Razhenovo,с.,HKV,tk_loan_management_bg.state_bg_HKV,HKV18,Маджарово,BG422,6456,41.681966,25.761131
bg_settlement_66233,66233,Сеноклас,Senoklas,с.,HKV,tk_loan_management_bg.state_bg_HKV,HKV18,Маджарово,BG422,6481,41.612493,25.951036
bg_settlement_46557,46557,Малко Брягово,Malko Bryagovo,с.,HKV,tk_loan_management_bg.state_bg_HKV,HKV18,Маджарово,BG422,6476,41.694093,25.891778
bg_settlement_15698,15698,Голяма долина,Golyama dolina,с.,HKV,tk_loan_management_bg.state_bg_HKV,HKV18,Маджарово,BG422,6476,41.69576,25.863291
bg_settlement_22375,22375,Долни Главанак,Dolni Glavanak,с.,HKV,tk_loan_management_bg.state_bg_HKV,HKV18,Маджарово,BG422,6483,41.68229,25.824535
bg_settlement_37010,37010,Китанчево,Kitanchevo,с.,RAZ,tk_loan_management_bg.state_bg_RAZ,RAZ14,Исперих,BG324,7430,43.73121,26.89447
bg_settlement_72578,72578,Тодорово,Todorovo,с.,RAZ,tk_loan_management_bg.state_bg_RAZ,RAZ14,Исперих,BG324,7425,43.728434,26.930214
bg_settlement_69047,69047,Старо селище,Staro selishte,с.,RAZ,tk_loan_management_bg.state_bg_RAZ,RAZ14,Исперих,BG324,7447,43.654381,26.747022
bg_settlement_68552,68552,Средоселци,Sredoseltsi,с.,RAZ,tk_loan_management_bg.state_bg_RAZ,RAZ14,Исперих,BG324,7433,43.695646,26.913139
bg_settlement_65650,65650,Свещари,Sveshtari,с.,RAZ,tk_loan_management_bg.state_bg_RAZ,RAZ14,Исперих,BG324,7423,43.752293,26.785923
bg_settlement_61875,61875,Райнино,Raynino,с.,RAZ,tk_loan_management_bg.state_bg_RAZ,RAZ14,Исперих,BG324,7421,43.808157,26.817182
bg_settlement_56945,56945,Подайва,Podayva,с.,RAZ,tk_loan_management_bg.state_bg_RAZ,RAZ14,Исперих,BG324,7431,43.672996,26.91973
bg_settlement_56232,56232,Печеница,Pechenitsa,с.,RAZ,tk_loan_management_bg.state_bg_RAZ,RAZ14,Исперих,BG324,7428,43.705317,26.934933
bg_settlement_87285,87285,Яким Груево,Yakim Gruevo,с.,RAZ,tk_loan_management_bg.state_bg_RAZ,RAZ14,Исперих,BG324,7443,43.756266,26.867981
bg_settlement_10714,10714,Веселец,Veselets,с.,RAZ,tk_loan_management_bg.state_bg_RAZ,RAZ11,Завет,BG324,7327,43.811583,26.732735
bg_settlement_06481,06481,Брестовене,Brestovene,с.,RAZ,tk_loan_management_bg.state_bg_RAZ,RAZ11,Завет,BG324,7331,43.759153,26.599225
bg_settlement_30065,30065,Завет,Zavet,гр.,RAZ,tk_loan_management_bg.state_bg_RAZ,RAZ11,Завет,BG324,7330,43.759546,26.671857
bg_settlement_70384,70384,Сушево,Sushevo,с.,RAZ,tk_loan_management_bg.state_bg_RAZ,RAZ11,Завет,BG324,7324,43.814275,26.631302
bg_settlement_58147,58147,Прелез,Prelez,с.,RAZ,tk_loan_management_bg.state_bg_RAZ,RAZ11,Завет,BG324,7325,43.816983,26.691943
bg_settlement_68970,68970,Старозагорски бани,Starozagorski bani,с.,SZR,tk_loan_management_bg.state_bg_SZR,SZR31,Стара Загора,BG344,6062,42.450038,25.493345
bg_settlement_67578,67578,Смирненски,Smirnenski,с.,RSE,tk_loan_management_bg.state_bg_RSE,RSE05,Ветово,BG323,7074,43.76612,26.298744
bg_settlement_36381,36381,Караново,Karanovo,с.,BGS,tk_loan_management_bg.state_bg_BGS,BGS01,Айтос,BG341,8532,42.643728,27.193043
bg_settlement_17645,17645,Грамада,Gramada,гр.,VID,tk_loan_management_bg.state_bg_VID,VID15,Грамада,BG311,3830,43.834117,22.659879
bg_settlement_06121,06121,Бранковци,Brankovtsi,с.,VID,tk_loan_management_bg.state_bg_VID,VID15,Грамада,BG311,3824,43.827831,22.568886
bg_settlement_23889,23889,Дрянковец,Dryankovets,с.,BGS,tk_loan_management_bg.state_bg_BGS,BGS01,Айтос,BG341,8524,42.687795,27.37306
bg_settlement_05133,05133,Лом Черковна,Lom Cherkovna,с.,RSE,tk_loan_management_bg.state_bg_RSE,RSE04,Бяла,BG323,7135,43.34358,25.970666
bg_settlement_04162,04162,Бистренци,Bistrentsi,с.,RSE,tk_loan_management_bg.state_bg_RSE,RSE04,Бяла,BG323,7121,43.419397,25.816859
bg_settlement_55988,55988,Пет кладенци,Pet kladentsi,с.,RSE,tk_loan_management_bg.state_bg_RSE,RSE04,Бяла,BG323,7119,43.450491,25.807159
bg_settlement_49477,49477,Мъглен,Maglen,с.,BGS,tk_loan_management_bg.state_bg_BGS,BGS01,Айтос,BG341,8523,42.72728,27.370218
bg_settlement_49998,49998,Малък дол,Malak dol,с.,SZR,tk_loan_management_bg.state_bg_SZR,SZR04,Братя Даскалови,BG344,6245,42.33641,25.214827
bg_settlement_23738,23738,Дриново,Drinovo,с.,TGV,tk_loan_management_bg.state_bg_TGV,TGV24,Попово,BG334,7834,43.382216,26.338236
bg_settlement_15103,15103,Глогинка,Gloginka,с.,TGV,tk_loan_management_bg.state_bg_TGV,TGV24,Попово,BG334,7879,43.294884,26.351322
bg_settlement_55213,55213,Паламарца,Palamartsa,с.,TGV,tk_loan_management_bg.state_bg_TGV,TGV24,Попово,BG334,7850,43.390672,26.159979
bg_settlement_47411,47411,Марчино,Marchino,с.,TGV,tk_loan_management_bg.state_bg_TGV,TGV24,Попово,BG334,7869,43.260403,26.338232
bg_settlement_47007,47007,Манастирица,Manastiritsa,с.,TGV,tk_loan_management_bg.state_bg_TGV,TGV24,Попово,BG334,7856,43.254544,26.072714
bg_settlement_66460,66460,Симитли,Simitli,гр.,BLG,tk_loan_management_bg.state_bg_BLG,BLG44,Симитли,BG413,2730,41.892646,23.11308
bg_settlement_47665,47665,Медово,Medovo,с.,SZR,tk_loan_management_bg.state_bg_SZR,SZR04,Братя Даскалови,BG344,6235,42.372019,25.201149
bg_settlement_47305,47305,Марково,Markovo,с.,SZR,tk_loan_management_bg.state_bg_SZR,SZR04,Братя Даскалови,BG344,6247,42.350545,25.222308
bg_settlement_58075,58075,Православ,Pravoslav,с.,SZR,tk_loan_management_bg.state_bg_SZR,SZR04,Братя Даскалови,BG344,6248,42.341268,25.147834
bg_settlement_44286,44286,Ломци,Lomtsi,с.,TGV,tk_loan_management_bg.state_bg_TGV,TGV24,Попово,BG334,7838,43.428399,26.352772
bg_settlement_37748,37748,Козица,Kozitsa,с.,TGV,tk_loan_management_bg.state_bg_TGV,TGV24,Попово,BG334,7833,43.443712,26.283329
bg_settlement_06519,06519,Брестовица,Brestovitsa,с.,RSE,tk_loan_management_bg.state_bg_RSE,RSE03,Борово,BG323,7177,43.534429,25.756095
bg_settlement_05611,05611,Борово,Borovo,гр.,RSE,tk_loan_management_bg.state_bg_RSE,RSE03,Борово,BG323,7174,43.485592,25.809047
bg_settlement_53117,53117,Обретеник,Obretenik,с.,RSE,tk_loan_management_bg.state_bg_RSE,RSE03,Борово,BG323,7170,43.580099,25.809845
bg_settlement_51888,51888,Нова махала,Nova mahala,с.,SZR,tk_loan_management_bg.state_bg_SZR,SZR38,Николаево,BG344,6191,42.622732,25.774197
bg_settlement_51648,51648,Николаево,Nikolaevo,гр.,SZR,tk_loan_management_bg.state_bg_SZR,SZR38,Николаево,BG344,6190,42.63105,25.79433
bg_settlement_11908,11908,Войника,Voynika,с.,JAM,tk_loan_management_bg.state_bg_JAM,JAM22,Стралджа,BG343,8661,42.384169,26.821452
bg_settlement_37469,37469,Ковачевец,Kovachevets,с.,TGV,tk_loan_management_bg.state_bg_TGV,TGV24,Попово,BG334,7852,43.363325,26.099369
bg_settlement_67091,67091,Славяново,Slavyanovo,с.,TGV,tk_loan_management_bg.state_bg_TGV,TGV24,Попово,BG334,7860,43.290672,26.180493
bg_settlement_57649,57649,Попово,Popovo,гр.,TGV,tk_loan_management_bg.state_bg_TGV,TGV24,Попово,BG334,7800,43.34913,26.22701
bg_settlement_57501,57501,Помощица,Pomoshtitsa,с.,TGV,tk_loan_management_bg.state_bg_TGV,TGV24,Попово,BG334,7839,43.471401,26.334358
bg_settlement_44608,44608,Люблен,Lyublen,с.,TGV,tk_loan_management_bg.state_bg_TGV,TGV23,Опака,BG334,7843,43.508165,26.201396
bg_settlement_37157,37157,Кладенци,Kladentsi,с.,DOB,tk_loan_management_bg.state_bg_DOB,DOB27,Тервел,BG332,9497,43.711296,27.244881
bg_settlement_32771,32771,Иречеково,Irechekovo,с.,JAM,tk_loan_management_bg.state_bg_JAM,JAM22,Стралджа,BG343,8697,42.487577,26.72628
bg_settlement_51384,51384,Недялско,Nedyalsko,с.,JAM,tk_loan_management_bg.state_bg_JAM,JAM22,Стралджа,BG343,8684,42.462684,26.823743
bg_settlement_43615,43615,Леярово,Leyarovo,с.,JAM,tk_loan_management_bg.state_bg_JAM,JAM22,Стралджа,BG343,8656,42.300825,26.761421
bg_settlement_72076,72076,Тамарино,Tamarino,с.,JAM,tk_loan_management_bg.state_bg_JAM,JAM22,Стралджа,BG343,8658,42.378486,26.744778
bg_settlement_57409,57409,Поляна,Polyana,с.,JAM,tk_loan_management_bg.state_bg_JAM,JAM22,Стралджа,BG343,8654,42.303065,26.820988
bg_settlement_38025,38025,Коларци,Kolartsi,с.,DOB,tk_loan_management_bg.state_bg_DOB,DOB27,Тервел,BG332,9481,43.842874,27.540493
bg_settlement_39127,39127,Кочмар,Kochmar,с.,DOB,tk_loan_management_bg.state_bg_DOB,DOB27,Тервел,BG332,9477,43.690591,27.455818
bg_settlement_51812,51812,Нова Камена,Nova Kamena,с.,DOB,tk_loan_management_bg.state_bg_DOB,DOB27,Тервел,BG332,9493,43.703312,27.292298
bg_settlement_53953,53953,Орляк,Orlyak,с.,DOB,tk_loan_management_bg.state_bg_DOB,DOB27,Тервел,BG332,9490,43.634654,27.377171
bg_settlement_12530,12530,Вълча поляна,Valcha polyana,с.,JAM,tk_loan_management_bg.state_bg_JAM,JAM07,Елхово,BG343,8748,42.008889,26.67779
bg_settlement_05520,05520,Борисово,Borisovo,с.,JAM,tk_loan_management_bg.state_bg_JAM,JAM07,Елхово,BG343,8731,42.292139,26.729619
bg_settlement_46904,46904,Малък манастир,Malak manastir,с.,JAM,tk_loan_management_bg.state_bg_JAM,JAM07,Елхово,BG343,8742,42.198186,26.414131
bg_settlement_14982,14982,Главанци,Glavantsi,с.,DOB,tk_loan_management_bg.state_bg_DOB,DOB27,Тервел,BG332,9499,43.730792,27.252286
bg_settlement_17590,17590,Градница,Gradnitsa,с.,DOB,tk_loan_management_bg.state_bg_DOB,DOB27,Тервел,BG332,9498,43.725029,27.223086
bg_settlement_29035,29035,Жегларци,Zheglartsi,с.,DOB,tk_loan_management_bg.state_bg_DOB,DOB27,Тервел,BG332,9492,43.660493,27.408722
bg_settlement_31396,31396,Зърнево,Zarnevo,с.,DOB,tk_loan_management_bg.state_bg_DOB,DOB27,Тервел,BG332,9491,43.630896,27.302927
bg_settlement_35050,35050,Каблешково,Kableshkovo,с.,DOB,tk_loan_management_bg.state_bg_DOB,DOB27,Тервел,BG332,9488,43.751608,27.30954
bg_settlement_00432,00432,Ангеларий,Angelariy,с.,DOB,tk_loan_management_bg.state_bg_DOB,DOB27,Тервел,BG332,9483,43.829362,27.527149
bg_settlement_02405,02405,Балик,Balik,с.,DOB,tk_loan_management_bg.state_bg_DOB,DOB27,Тервел,BG332,9485,43.801231,27.582858
bg_settlement_03215,03215,Безмер,Bezmer,с.,DOB,tk_loan_management_bg.state_bg_DOB,DOB27,Тервел,BG332,9480,43.79811,27.414604
bg_settlement_46615,46615,Малко Кирилово,Malko Kirilovo,с.,JAM,tk_loan_management_bg.state_bg_JAM,JAM07,Елхово,BG343,8756,42.032313,26.615765
bg_settlement_47620,47620,Медовец,Medovets,с.,VAR,tk_loan_management_bg.state_bg_VAR,VAR16,Дългопол,BG331,9238,43.005958,27.135116
bg_settlement_63135,63135,Рояк,Royak,с.,VAR,tk_loan_management_bg.state_bg_VAR,VAR16,Дългопол,BG331,9252,43.085565,27.38146
bg_settlement_57457,57457,Поляците,Polyatsite,с.,VAR,tk_loan_management_bg.state_bg_VAR,VAR16,Дългопол,BG331,9239,42.983929,27.122054
bg_settlement_23090,23090,Драганово,Draganovo,с.,BGS,tk_loan_management_bg.state_bg_BGS,BGS04,Бургас,BG341,8114,42.696088,27.441485
bg_settlement_36899,36899,Кирилово,Kirilovo,с.,SZR,tk_loan_management_bg.state_bg_SZR,SZR31,Стара Загора,BG344,6064,42.374347,25.518581
bg_settlement_11720,11720,Водна,Vodna,с.,VID,tk_loan_management_bg.state_bg_VID,VID15,Грамада,BG311,3831,43.852164,22.703411
bg_settlement_30870,30870,Зимница,Zimnitsa,с.,SZR,tk_loan_management_bg.state_bg_SZR,SZR22,Мъглиж,BG344,6177,42.585029,25.68189
bg_settlement_66980,66980,Славейково,Slaveykovo,с.,JAM,tk_loan_management_bg.state_bg_JAM,JAM07,Елхово,BG343,8738,42.121222,26.697019
bg_settlement_05342,05342,Бонево,Bonevo,с.,DOB,tk_loan_management_bg.state_bg_DOB,DOB27,Тервел,BG332,9472,43.729644,27.379873
bg_settlement_11911,11911,Войниково,Voynikovo,с.,DOB,tk_loan_management_bg.state_bg_DOB,DOB27,Тервел,BG332,9473,43.702591,27.367699
bg_settlement_67043,67043,Славотин,Slavotin,с.,MON,tk_loan_management_bg.state_bg_MON,MON29,Монтана,BG312,3451,43.561125,23.067869
bg_settlement_70024,70024,Стубел,Stubel,с.,MON,tk_loan_management_bg.state_bg_MON,MON29,Монтана,BG312,3490,43.388727,23.351803
bg_settlement_37304,37304,Клисурица,Klisuritsa,с.,MON,tk_loan_management_bg.state_bg_MON,MON29,Монтана,BG312,3483,43.518493,23.039397
bg_settlement_43730,43730,Липен,Lipen,с.,MON,tk_loan_management_bg.state_bg_MON,MON29,Монтана,BG312,3489,43.38986,23.388018
bg_settlement_17018,17018,Горно Церовене,Gorno Tserovene,с.,MON,tk_loan_management_bg.state_bg_MON,MON29,Монтана,BG312,3487,43.40509,23.117195
bg_settlement_21840,21840,Доктор Йосифово,Doktor Yosifovo,с.,MON,tk_loan_management_bg.state_bg_MON,MON29,Монтана,BG312,3449,43.50735,23.145522
bg_settlement_78433,78433,Церовец,Tserovets,с.,RSE,tk_loan_management_bg.state_bg_RSE,RSE13,Иваново,BG323,7083,43.538069,26.152823
bg_settlement_61738,61738,Раздел,Razdel,с.,JAM,tk_loan_management_bg.state_bg_JAM,JAM07,Елхово,BG343,8747,42.077375,26.652968
bg_settlement_12588,12588,Вълчи извор,Valchi izvor,с.,JAM,tk_loan_management_bg.state_bg_JAM,JAM03,Болярово,BG343,8723,42.143989,26.91507
bg_settlement_24342,24342,Дъбово,Dabovo,с.,SZR,tk_loan_management_bg.state_bg_SZR,SZR22,Мъглиж,BG344,6178,42.595308,25.636638
bg_settlement_22040,22040,Долна Вереница,Dolna Verenitsa,с.,MON,tk_loan_management_bg.state_bg_MON,MON29,Монтана,BG312,3485,43.430388,23.13524
bg_settlement_11658,11658,Воден,Voden,с.,JAM,tk_loan_management_bg.state_bg_JAM,JAM03,Болярово,BG343,8750,42.073515,26.898248
bg_settlement_35756,35756,Камен връх,Kamen vrah,с.,JAM,tk_loan_management_bg.state_bg_JAM,JAM03,Болярово,BG343,8728,42.255752,26.791695
bg_settlement_32264,32264,Иглика,Iglika,с.,JAM,tk_loan_management_bg.state_bg_JAM,JAM03,Болярово,BG343,8745,42.04229,26.773779
bg_settlement_20657,20657,Денница,Dennitsa,с.,JAM,tk_loan_management_bg.state_bg_JAM,JAM03,Болярово,BG343,8726,42.264312,26.866376
bg_settlement_22250,22250,Долна Рикса,Dolna Riksa,с.,MON,tk_loan_management_bg.state_bg_MON,MON29,Монтана,BG312,3452,43.546808,23.017563
bg_settlement_03722,03722,Белотинци,Belotintsi,с.,MON,tk_loan_management_bg.state_bg_MON,MON29,Монтана,BG312,3499,43.549482,22.92958
bg_settlement_04251,04251,Благово,Blagovo,с.,MON,tk_loan_management_bg.state_bg_MON,MON29,Монтана,BG312,3488,43.353167,23.219929
bg_settlement_11137,11137,Винище,Vinishte,с.,MON,tk_loan_management_bg.state_bg_MON,MON29,Монтана,BG312,3482,43.483209,23.071114
bg_settlement_02868,02868,Батишница,Batishnitsa,с.,RSE,tk_loan_management_bg.state_bg_RSE,RSE08,Две могили,BG323,7169,43.533591,25.869795
bg_settlement_57488,57488,Помен,Pomen,с.,RSE,tk_loan_management_bg.state_bg_RSE,RSE08,Две могили,BG323,7164,43.465904,25.981494
bg_settlement_15881,15881,Голямо Крушево,Golyamo Krushevo,с.,JAM,tk_loan_management_bg.state_bg_JAM,JAM03,Болярово,BG343,8729,42.194649,26.924457
bg_settlement_46958,46958,Мамарчево,Mamarchevo,с.,JAM,tk_loan_management_bg.state_bg_JAM,JAM03,Болярово,BG343,8743,42.119017,26.778558
bg_settlement_46704,46704,Малко Шарково,Malko Sharkovo,с.,JAM,tk_loan_management_bg.state_bg_JAM,JAM03,Болярово,BG343,8751,42.101577,26.838075
bg_settlement_86043,86043,Юлиево,Yulievo,с.,SZR,tk_loan_management_bg.state_bg_SZR,SZR22,Мъглиж,BG344,6168,42.56581,25.606669
bg_settlement_69208,69208,Стефан Караджово,Stefan Karadzhovo,с.,JAM,tk_loan_management_bg.state_bg_JAM,JAM03,Болярово,BG343,8725,42.213891,26.832171
bg_settlement_63272,63272,Ружица,Ruzhitsa,с.,JAM,tk_loan_management_bg.state_bg_JAM,JAM03,Болярово,BG343,8722,42.152015,26.878176
bg_settlement_15597,15597,Голица,Golitsa,с.,VAR,tk_loan_management_bg.state_bg_VAR,VAR13,Долни чифлик,BG331,9114,42.914227,27.546545
bg_settlement_83020,83020,Шаново,Shanovo,с.,SZR,tk_loan_management_bg.state_bg_SZR,SZR22,Мъглиж,BG344,6169,42.559107,25.634174
bg_settlement_83239,83239,Шипот,Shipot,с.,VID,tk_loan_management_bg.state_bg_VID,VID16,Димово,BG311,3744,43.731837,22.793813
bg_settlement_15151,15151,Глоджево,Glodzhevo,гр.,RSE,tk_loan_management_bg.state_bg_RSE,RSE05,Ветово,BG323,7040,43.732945,26.387827
bg_settlement_04555,04555,Богатово,Bogatovo,с.,GAB,tk_loan_management_bg.state_bg_GAB,GAB29,Севлиево,BG322,5421,43.028383,25.156275
bg_settlement_03914,03914,Бериево,Berievo,с.,GAB,tk_loan_management_bg.state_bg_GAB,GAB29,Севлиево,BG322,5438,42.968003,24.893925
bg_settlement_02885,02885,Батошево,Batoshevo,с.,GAB,tk_loan_management_bg.state_bg_GAB,GAB29,Севлиево,BG322,5470,42.909182,25.084935
bg_settlement_24178,24178,Душево,Dushevo,с.,GAB,tk_loan_management_bg.state_bg_GAB,GAB29,Севлиево,BG322,5455,42.965416,25.024678
bg_settlement_16376,16376,Горна Росица,Gorna Rositsa,с.,GAB,tk_loan_management_bg.state_bg_GAB,GAB29,Севлиево,BG322,5448,42.944855,25.123514
bg_settlement_38652,38652,Кормянско,Kormyansko,с.,GAB,tk_loan_management_bg.state_bg_GAB,GAB29,Севлиево,BG322,5433,43.056926,25.034531
bg_settlement_63673,63673,Ряховците,Ryahovtsite,с.,GAB,tk_loan_management_bg.state_bg_GAB,GAB29,Севлиево,BG322,5440,43.023699,25.00914
bg_settlement_15789,15789,Голям манастир,Golyam manastir,с.,JAM,tk_loan_management_bg.state_bg_JAM,JAM25,Тунджа,BG343,8624,42.208409,26.34911
bg_settlement_30418,30418,Зая,Zaya,с.,GAB,tk_loan_management_bg.state_bg_GAB,GAB12,Дряново,BG322,5397,42.998719,25.514201
bg_settlement_23947,23947,Дряново,Dryanovo,гр.,GAB,tk_loan_management_bg.state_bg_GAB,GAB12,Дряново,BG322,5370,42.979018,25.477106
bg_settlement_14458,14458,Ганчовец,Ganchovets,с.,GAB,tk_loan_management_bg.state_bg_GAB,GAB12,Дряново,BG322,5397,42.988677,25.518994
bg_settlement_10481,10481,Величка,Velichka,с.,TGV,tk_loan_management_bg.state_bg_TGV,TGV22,Омуртаг,BG334,7941,43.015503,26.615204
bg_settlement_18215,18215,Гъбене,Gabene,с.,GAB,tk_loan_management_bg.state_bg_GAB,GAB05,Габрово,BG322,5333,42.910202,25.156803
bg_settlement_87120,87120,Яворец,Yavorets,с.,GAB,tk_loan_management_bg.state_bg_GAB,GAB05,Габрово,BG322,5334,42.961357,25.158047
bg_settlement_38710,38710,Косарка,Kosarka,с.,GAB,tk_loan_management_bg.state_bg_GAB,GAB12,Дряново,BG322,5392,43.013622,25.552368
bg_settlement_36628,36628,Катранджии,Katrandzhii,с.,GAB,tk_loan_management_bg.state_bg_GAB,GAB12,Дряново,BG322,5392,43.015529,25.518399
bg_settlement_67934,67934,Соколово,Sokolovo,с.,GAB,tk_loan_management_bg.state_bg_GAB,GAB12,Дряново,BG322,5392,43.01965,25.527804
bg_settlement_65162,65162,Саласука,Salasuka,с.,GAB,tk_loan_management_bg.state_bg_GAB,GAB12,Дряново,BG322,5397,42.998754,25.531391
bg_settlement_81726,81726,Чуково,Chukovo,с.,GAB,tk_loan_management_bg.state_bg_GAB,GAB12,Дряново,BG322,5370,43.017156,25.409177
bg_settlement_17192,17192,Горско Калугерово,Gorsko Kalugerovo,с.,VTR,tk_loan_management_bg.state_bg_VTR,VTR32,Сухиндол,BG321,5238,43.11576,25.231237
bg_settlement_70295,70295,Сухиндол,Suhindol,гр.,VTR,tk_loan_management_bg.state_bg_VTR,VTR32,Сухиндол,BG321,5240,43.18499,25.165089
bg_settlement_14725,14725,Генерал Тошево,General Toshevo,с.,JAM,tk_loan_management_bg.state_bg_JAM,JAM25,Тунджа,BG343,8625,42.223019,26.293479
bg_settlement_37681,37681,Козарево,Kozarevo,с.,JAM,tk_loan_management_bg.state_bg_JAM,JAM25,Тунджа,BG343,8674,42.454202,26.593454
bg_settlement_65036,65036,Савино,Savino,с.,JAM,tk_loan_management_bg.state_bg_JAM,JAM25,Тунджа,BG343,8643,42.337433,26.285772
bg_settlement_10879,10879,Ветринци,Vetrintsi,с.,VTR,tk_loan_management_bg.state_bg_VTR,VTR04,Велико Търново,BG321,5066,43.069636,25.43098
bg_settlement_10553,10553,Велчево,Velchevo,с.,VTR,tk_loan_management_bg.state_bg_VTR,VTR04,Велико Търново,BG321,5032,43.00188,25.70583
bg_settlement_27423,27423,Емен,Emen,с.,VTR,tk_loan_management_bg.state_bg_VTR,VTR04,Велико Търново,BG321,5065,43.134515,25.356939
bg_settlement_51175,51175,Нацовци,Natsovtsi,с.,VTR,tk_loan_management_bg.state_bg_VTR,VTR04,Велико Търново,BG321,5055,42.967828,25.621762
bg_settlement_48951,48951,Момин сбор,Momin sbor,с.,VTR,tk_loan_management_bg.state_bg_VTR,VTR04,Велико Търново,BG321,5067,43.096696,25.489874
bg_settlement_46532,46532,Малки чифлик,Malki chiflik,с.,VTR,tk_loan_management_bg.state_bg_VTR,VTR04,Велико Търново,BG321,5028,43.06544,25.674965
bg_settlement_36837,36837,Килифарево,Kilifarevo,гр.,VTR,tk_loan_management_bg.state_bg_VTR,VTR04,Велико Търново,BG321,5050,42.994276,25.620511
bg_settlement_58918,58918,Пчелище,Pchelishte,с.,VTR,tk_loan_management_bg.state_bg_VTR,VTR04,Велико Търново,BG321,5048,43.036833,25.718236
bg_settlement_58459,58459,Присово,Prisovo,с.,VTR,tk_loan_management_bg.state_bg_VTR,VTR04,Велико Търново,BG321,5033,43.046922,25.654957
bg_settlement_56602,56602,Плаково,Plakovo,с.,VTR,tk_loan_management_bg.state_bg_VTR,VTR04,Велико Търново,BG321,5042,42.979342,25.681264
bg_settlement_56873,56873,Победа,Pobeda,с.,JAM,tk_loan_management_bg.state_bg_JAM,JAM25,Тунджа,BG343,8679,42.424823,26.645319
bg_settlement_80217,80217,Чарган,Chargan,с.,JAM,tk_loan_management_bg.state_bg_JAM,JAM25,Тунджа,BG343,8628,42.481922,26.619531
bg_settlement_73657,73657,Търнава,Tarnava,с.,JAM,tk_loan_management_bg.state_bg_JAM,JAM25,Тунджа,BG343,8699,42.473203,26.680814
bg_settlement_61310,61310,Радево,Radevo,с.,SLV,tk_loan_management_bg.state_bg_SLV,SLV16,Нова Загора,BG342,8917,42.415042,26.059166
bg_settlement_56527,56527,Питово,Pitovo,с.,SLV,tk_loan_management_bg.state_bg_SLV,SLV16,Нова Загора,BG342,8942,42.426697,26.191761
bg_settlement_78344,78344,Ценино,Tsenino,с.,SLV,tk_loan_management_bg.state_bg_SLV,SLV16,Нова Загора,BG342,8916,42.540959,26.039718
bg_settlement_44104,44104,Лозенец,Lozenets,с.,DOB,tk_loan_management_bg.state_bg_DOB,DOB20,Крушари,BG332,9414,43.760041,27.723383
bg_settlement_81247,81247,Черно поле,Cherno pole,с.,VID,tk_loan_management_bg.state_bg_VID,VID33,Ружинци,BG311,3922,43.611374,22.920026
bg_settlement_56753,56753,Плешивец,Pleshivets,с.,VID,tk_loan_management_bg.state_bg_VID,VID33,Ружинци,BG311,3931,43.59429,22.829139
bg_settlement_12574,12574,Вълчи дол,Valchi dol,гр.,VAR,tk_loan_management_bg.state_bg_VAR,VAR09,Вълчи дол,BG331,9280,43.403891,27.552608
bg_settlement_11836,11836,Войводино,Voyvodino,с.,VAR,tk_loan_management_bg.state_bg_VAR,VAR09,Вълчи дол,BG331,9292,43.404247,27.619977
bg_settlement_05978,05978,Бояна,Boyana,с.,VAR,tk_loan_management_bg.state_bg_VAR,VAR09,Вълчи дол,BG331,9147,43.435321,27.648718
bg_settlement_48790,48790,Могилец,Mogilets,с.,TGV,tk_loan_management_bg.state_bg_TGV,TGV22,Омуртаг,BG334,7943,43.022949,26.519713
bg_settlement_56856,56856,Плъстина,Plastina,с.,TGV,tk_loan_management_bg.state_bg_TGV,TGV22,Омуртаг,BG334,7934,43.061183,26.620507
bg_settlement_78450,78450,Церовище,Tserovishte,с.,TGV,tk_loan_management_bg.state_bg_TGV,TGV22,Омуртаг,BG334,7922,43.051089,26.586522
bg_settlement_11140,11140,Виноград,Vinograd,с.,VTR,tk_loan_management_bg.state_bg_VTR,VTR31,Стражица,BG321,5171,43.339247,25.828815
bg_settlement_02470,02470,Балканци,Balkantsi,с.,VTR,tk_loan_management_bg.state_bg_VTR,VTR31,Стражица,BG321,5162,43.174766,26.008948
bg_settlement_35657,35657,Камен,Kamen,с.,VTR,tk_loan_management_bg.state_bg_VTR,VTR31,Стражица,BG321,5160,43.312692,25.926978
bg_settlement_17155,17155,Горски Сеновец,Gorski Senovets,с.,VTR,tk_loan_management_bg.state_bg_VTR,VTR31,Стражица,BG321,5167,43.28003,25.896397
bg_settlement_51593,51593,Николаево,Nikolaevo,с.,VTR,tk_loan_management_bg.state_bg_VTR,VTR31,Стражица,BG321,5168,43.299101,25.979007
bg_settlement_48341,48341,Мирово,Mirovo,с.,VTR,tk_loan_management_bg.state_bg_VTR,VTR31,Стражица,BG321,5158,43.239343,26.051536
bg_settlement_44567,44567,Любенци,Lyubentsi,с.,VTR,tk_loan_management_bg.state_bg_VTR,VTR31,Стражица,BG321,5176,43.208211,26.100716
bg_settlement_44046,44046,Лозен,Lozen,с.,VTR,tk_loan_management_bg.state_bg_VTR,VTR31,Стражица,BG321,5172,43.323807,25.870075
bg_settlement_70408,70408,Сушица,Sushitsa,с.,VTR,tk_loan_management_bg.state_bg_VTR,VTR31,Стражица,BG321,5177,43.259252,25.824754
bg_settlement_36302,36302,Караманите,Karamanite,с.,VAR,tk_loan_management_bg.state_bg_VAR,VAR09,Вълчи дол,BG331,9299,43.486767,27.478184
bg_settlement_35506,35506,Калоян,Kaloyan,с.,VAR,tk_loan_management_bg.state_bg_VAR,VAR09,Вълчи дол,BG331,9288,43.431018,27.408067
bg_settlement_80203,80203,Царски извор,Tsarski izvor,с.,VTR,tk_loan_management_bg.state_bg_VTR,VTR31,Стражица,BG321,5174,43.237277,25.900048
bg_settlement_32860,32860,Искър,Iskar,с.,VAR,tk_loan_management_bg.state_bg_VAR,VAR09,Вълчи дол,BG331,9285,43.390346,27.475915
bg_settlement_72624,72624,Добрич,Dobrich,гр.,DOB,tk_loan_management_bg.state_bg_DOB,DOB28,Добрич,BG332,9300,43.572777,27.827286
bg_settlement_59118,59118,Пърличево,Parlichevo,с.,MON,tk_loan_management_bg.state_bg_MON,MON02,Берковица,BG312,3531,43.286124,23.30347
bg_settlement_38131,38131,Комарево,Komarevo,с.,MON,tk_loan_management_bg.state_bg_MON,MON02,Берковица,BG312,3516,43.280358,23.167505
bg_settlement_32442,32442,Изворник,Izvornik,с.,VAR,tk_loan_management_bg.state_bg_VAR,VAR09,Вълчи дол,BG331,9297,43.467797,27.35976
bg_settlement_30555,30555,Звънец,Zvanets,с.,VAR,tk_loan_management_bg.state_bg_VAR,VAR09,Вълчи дол,BG331,9142,43.493522,27.596168
bg_settlement_30301,30301,Замфирово,Zamfirovo,с.,MON,tk_loan_management_bg.state_bg_MON,MON02,Берковица,BG312,3530,43.29706,23.242163
bg_settlement_02542,02542,Балювица,Balyuvitsa,с.,MON,tk_loan_management_bg.state_bg_MON,MON02,Берковица,BG312,3529,43.297039,23.205548
bg_settlement_27629,27629,Есеница,Esenitsa,с.,VAR,tk_loan_management_bg.state_bg_VAR,VAR09,Вълчи дол,BG331,9289,43.440474,27.394316
bg_settlement_04203,04203,Бистрилица,Bistrilitsa,с.,MON,tk_loan_management_bg.state_bg_MON,MON02,Берковица,BG312,3527,43.357478,23.105147
bg_settlement_05654,05654,Боровци,Borovtsi,с.,MON,tk_loan_management_bg.state_bg_MON,MON02,Берковица,BG312,3528,43.32222,23.176239
bg_settlement_14297,14297,Гаганица,Gaganitsa,с.,MON,tk_loan_management_bg.state_bg_MON,MON02,Берковица,BG312,3525,43.32798,23.105568
bg_settlement_65351,65351,Сан-Стефано,San-Stefano,с.,BGS,tk_loan_management_bg.state_bg_BGS,BGS09,Карнобат,BG341,,0,0
bg_settlement_53401,53401,Одоровци,Odorovtsi,с.,MON,tk_loan_management_bg.state_bg_MON,MON07,Брусарци,BG312,3679,43.576177,22.961959
bg_settlement_12766,12766,Върбица,Varbitsa,гр.,SHU,tk_loan_management_bg.state_bg_SHU,SHU10,Върбица,BG333,9870,42.993225,26.670658
bg_settlement_07692,07692,Бяла река,Byala reka,с.,SHU,tk_loan_management_bg.state_bg_SHU,SHU10,Върбица,BG333,9882,42.994454,26.773374
bg_settlement_05075,05075,Божурово,Bozhurovo,с.,SHU,tk_loan_management_bg.state_bg_SHU,SHU10,Върбица,BG333,9874,42.994953,26.607599
bg_settlement_32113,32113,Иваново,Ivanovo,с.,SHU,tk_loan_management_bg.state_bg_SHU,SHU10,Върбица,BG333,9865,43.094989,26.722688
bg_settlement_51785,51785,Нова бяла река,Nova byala reka,с.,SHU,tk_loan_management_bg.state_bg_SHU,SHU10,Върбица,BG333,9883,42.999141,26.734019
bg_settlement_47785,47785,Менгишево,Mengishevo,с.,SHU,tk_loan_management_bg.state_bg_SHU,SHU10,Върбица,BG333,9885,43.036086,26.637961
bg_settlement_53905,53905,Орловец,Orlovets,с.,VTR,tk_loan_management_bg.state_bg_VTR,VTR26,Полски Тръмбеш,BG321,5187,43.362781,25.743841
bg_settlement_21717,21717,Добротич,Dobrotich,с.,VAR,tk_loan_management_bg.state_bg_VAR,VAR09,Вълчи дол,BG331,9282,43.396768,27.426249
bg_settlement_14670,14670,Генерал Колево,General Kolevo,с.,VAR,tk_loan_management_bg.state_bg_VAR,VAR09,Вълчи дол,BG331,9295,43.52132,27.365385
bg_settlement_14667,14667,Генерал Киселово,General Kiselovo,с.,VAR,tk_loan_management_bg.state_bg_VAR,VAR09,Вълчи дол,BG331,9142,43.462717,27.59958
bg_settlement_48524,48524,Михалич,Mihalich,с.,VAR,tk_loan_management_bg.state_bg_VAR,VAR09,Вълчи дол,BG331,9284,43.404707,27.459782
bg_settlement_46773,46773,Маломир,Malomir,с.,SHU,tk_loan_management_bg.state_bg_SHU,SHU10,Върбица,BG333,9871,43.024449,26.715032
bg_settlement_41054,41054,Кьолмен,Kyolmen,с.,SHU,tk_loan_management_bg.state_bg_SHU,SHU10,Върбица,BG333,9888,43.038313,26.677912
bg_settlement_38306,38306,Конево,Konevo,с.,SHU,tk_loan_management_bg.state_bg_SHU,SHU10,Върбица,BG333,9887,43.060128,26.676018
bg_settlement_70398,70398,Сушина,Sushina,с.,SHU,tk_loan_management_bg.state_bg_SHU,SHU10,Върбица,BG333,9868,43.069924,26.761906
bg_settlement_73537,73537,Тушовица,Tushovitsa,с.,SHU,tk_loan_management_bg.state_bg_SHU,SHU10,Върбица,BG333,9884,43.005727,26.807342
bg_settlement_80683,80683,Черкаски,Cherkaski,с.,MON,tk_loan_management_bg.state_bg_MON,MON12,Вършец,BG312,3533,43.252916,23.28844
bg_settlement_69537,69537,Стояново,Stoyanovo,с.,MON,tk_loan_management_bg.state_bg_MON,MON12,Вършец,BG312,3539,43.254072,23.340828
bg_settlement_22747,22747,Долно Озирово,Dolno Ozirovo,с.,MON,tk_loan_management_bg.state_bg_MON,MON12,Вършец,BG312,3538,43.239709,23.353205
bg_settlement_10642,10642,Венец,Venets,с.,SHU,tk_loan_management_bg.state_bg_SHU,SHU07,Венец,BG333,9751,43.542964,26.922373
bg_settlement_81061,81061,Черноглавци,Chernoglavtsi,с.,SHU,tk_loan_management_bg.state_bg_SHU,SHU07,Венец,BG333,9778,43.540093,27.005903
bg_settlement_12783,12783,Върбовка,Varbovka,с.,VTR,tk_loan_management_bg.state_bg_VTR,VTR22,Павликени,BG321,5233,43.238371,25.197596
bg_settlement_11380,11380,Вишовград,Vishovgrad,с.,VTR,tk_loan_management_bg.state_bg_VTR,VTR22,Павликени,BG321,5239,43.156827,25.298936
bg_settlement_24685,24685,Дъскот,Daskot,с.,VTR,tk_loan_management_bg.state_bg_VTR,VTR22,Павликени,BG321,5223,43.246497,25.399874
bg_settlement_21138,21138,Димча,Dimcha,с.,VTR,tk_loan_management_bg.state_bg_VTR,VTR22,Павликени,BG321,5234,43.21322,25.203296
bg_settlement_39373,39373,Кракра,Krakra,с.,VAR,tk_loan_management_bg.state_bg_VAR,VAR09,Вълчи дол,BG331,9287,43.417014,27.478565
bg_settlement_69701,69701,Страхил,Strahil,с.,VAR,tk_loan_management_bg.state_bg_VAR,VAR09,Вълчи дол,BG331,9142,43.514231,27.611619
bg_settlement_69170,69170,Стефан Караджа,Stefan Karadzha,с.,VAR,tk_loan_management_bg.state_bg_VAR,VAR09,Вълчи дол,BG331,9293,43.496463,27.411027
bg_settlement_61265,61265,Радан войвода,Radan voyvoda,с.,VAR,tk_loan_management_bg.state_bg_VAR,VAR09,Вълчи дол,BG331,9294,43.543807,27.392598
bg_settlement_66843,66843,Скомля,Skomlya,с.,VID,tk_loan_management_bg.state_bg_VID,VID16,Димово,BG311,3946,43.680719,22.76549
bg_settlement_80529,80529,Червенци,Cherventsi,с.,VAR,tk_loan_management_bg.state_bg_VAR,VAR09,Вълчи дол,BG331,9298,43.523812,27.44807
bg_settlement_38995,38995,Костичовци,Kostichovtsi,с.,VID,tk_loan_management_bg.state_bg_VID,VID16,Димово,BG311,3755,43.715131,22.779507
bg_settlement_12262,12262,Врачанци,Vrachantsi,с.,DOB,tk_loan_management_bg.state_bg_DOB,DOB15,Добрич-селска,BG332,9345,43.614378,27.780489
bg_settlement_10865,10865,Ветрино,Vetrino,с.,VAR,tk_loan_management_bg.state_bg_VAR,VAR08,Ветрино,BG331,9220,43.316574,27.435357
bg_settlement_10464,10464,Велино,Velino,с.,SHU,tk_loan_management_bg.state_bg_SHU,SHU30,Шумен,BG333,9793,43.419774,27.03178
bg_settlement_03602,03602,Белоградец,Belogradets,с.,VAR,tk_loan_management_bg.state_bg_VAR,VAR08,Ветрино,BG331,9230,43.35208,27.331221
bg_settlement_03633,03633,Белокопитово,Belokopitovo,с.,SHU,tk_loan_management_bg.state_bg_SHU,SHU30,Шумен,BG333,9801,43.332205,26.897477
bg_settlement_23813,23813,Друмево,Drumevo,с.,SHU,tk_loan_management_bg.state_bg_SHU,SHU30,Шумен,BG333,9815,43.140525,27.158085
bg_settlement_17573,17573,Градище,Gradishte,с.,SHU,tk_loan_management_bg.state_bg_SHU,SHU30,Шумен,BG333,9803,43.326798,26.838992
bg_settlement_55316,55316,Панайот Волово,Panayot Volovo,с.,SHU,tk_loan_management_bg.state_bg_SHU,SHU30,Шумен,BG333,9802,43.342743,26.916074
bg_settlement_52132,52132,Новосел,Novosel,с.,SHU,tk_loan_management_bg.state_bg_SHU,SHU30,Шумен,BG333,9807,43.287621,26.812301
bg_settlement_23217,23217,Драгижево,Dragizhevo,с.,VTR,tk_loan_management_bg.state_bg_VTR,VTR20,Лясковец,BG321,5145,43.068219,25.740832
bg_settlement_44793,44793,Лясковец,Lyaskovets,гр.,VTR,tk_loan_management_bg.state_bg_VTR,VTR20,Лясковец,BG321,5140,43.10519,25.7162
bg_settlement_21645,21645,Доброплодно,Dobroplodno,с.,VAR,tk_loan_management_bg.state_bg_VAR,VAR08,Ветрино,BG331,9281,43.395796,27.375545
bg_settlement_49000,49000,Момчилово,Momchilovo,с.,VAR,tk_loan_management_bg.state_bg_VAR,VAR08,Ветрино,BG331,9221,43.365151,27.423
bg_settlement_44032,44032,Лозево,Lozevo,с.,SHU,tk_loan_management_bg.state_bg_SHU,SHU30,Шумен,BG333,9746,43.297988,26.877025
bg_settlement_41188,41188,Коньовец,Konyovets,с.,SHU,tk_loan_management_bg.state_bg_SHU,SHU30,Шумен,BG333,9748,43.363457,26.992467
bg_settlement_24126,24126,Дуровци,Durovtsi,с.,VTR,tk_loan_management_bg.state_bg_VTR,VTR14,Златарица,BG321,5089,43.029832,25.989024
bg_settlement_20514,20514,Дединци,Dedintsi,с.,VTR,tk_loan_management_bg.state_bg_VTR,VTR14,Златарица,BG321,5089,43.024296,25.944348
bg_settlement_67395,67395,Сливовица,Slivovitsa,с.,VTR,tk_loan_management_bg.state_bg_VTR,VTR14,Златарица,BG321,5076,43.084992,25.99608
bg_settlement_62877,62877,Родина,Rodina,с.,VTR,tk_loan_management_bg.state_bg_VTR,VTR14,Златарица,BG321,5092,43.084642,25.881547
bg_settlement_61830,61830,Разсоха,Razsoha,с.,VTR,tk_loan_management_bg.state_bg_VTR,VTR14,Златарица,BG321,5089,43.024903,25.973274
bg_settlement_81339,81339,Чешма,Cheshma,с.,VTR,tk_loan_management_bg.state_bg_VTR,VTR14,Златарица,BG321,5077,43.088263,26.029223
bg_settlement_68480,68480,Средно село,Sredno selo,с.,VAR,tk_loan_management_bg.state_bg_VAR,VAR08,Ветрино,BG331,9222,43.342414,27.428783
bg_settlement_87206,87206,Ягнило,Yagnilo,с.,VAR,tk_loan_management_bg.state_bg_VAR,VAR08,Ветрино,BG331,9231,43.381257,27.325026
bg_settlement_38892,38892,Костена река,Kostena reka,с.,SHU,tk_loan_management_bg.state_bg_SHU,SHU30,Шумен,BG333,9806,43.181221,27.142652
bg_settlement_37135,37135,Кладенец,Kladenets,с.,SHU,tk_loan_management_bg.state_bg_SHU,SHU30,Шумен,BG333,9816,43.157823,27.165899
bg_settlement_27190,27190,Елена,Elena,гр.,VTR,tk_loan_management_bg.state_bg_VTR,VTR13,Елена,BG321,5070,42.929815,25.878692
bg_settlement_22455,22455,Долни Марян,Dolni Maryan,с.,VTR,tk_loan_management_bg.state_bg_VTR,VTR13,Елена,BG321,5084,42.941295,25.949558
bg_settlement_47425,47425,Марян,Maryan,с.,VTR,tk_loan_management_bg.state_bg_VTR,VTR13,Елена,BG321,5084,42.930544,25.969911
bg_settlement_61515,61515,Радовци,Radovtsi,с.,VTR,tk_loan_management_bg.state_bg_VTR,VTR13,Елена,BG321,5084,42.936801,25.938148
bg_settlement_57738,57738,Попрусевци,Poprusevtsi,с.,VTR,tk_loan_management_bg.state_bg_VTR,VTR13,Елена,BG321,5084,42.941184,25.978911
bg_settlement_55196,55196,Паисий,Paisiy,с.,VTR,tk_loan_management_bg.state_bg_VTR,VTR06,Горна Оряховица,BG321,5136,43.309098,25.828609
bg_settlement_12231,12231,Вратарите,Vratarite,с.,DOB,tk_loan_management_bg.state_bg_DOB,DOB15,Добрич-селска,BG332,9382,43.517165,27.543202
bg_settlement_11421,11421,Владимирово,Vladimirovo,с.,DOB,tk_loan_management_bg.state_bg_DOB,DOB15,Добрич-селска,BG332,9379,43.555427,27.52791
bg_settlement_10307,10307,Ведрина,Vedrina,с.,DOB,tk_loan_management_bg.state_bg_DOB,DOB15,Добрич-селска,BG332,9355,43.505708,27.666759
bg_settlement_06104,06104,Бранище,Branishte,с.,DOB,tk_loan_management_bg.state_bg_DOB,DOB15,Добрич-селска,BG332,9361,43.529433,27.845128
bg_settlement_35701,35701,Каменар,Kamenar,с.,VAR,tk_loan_management_bg.state_bg_VAR,VAR06,Варна,BG331,9102,43.248263,27.908553
bg_settlement_69924,69924,Струино,Struino,с.,SHU,tk_loan_management_bg.state_bg_SHU,SHU30,Шумен,BG333,9804,43.367859,26.851375
bg_settlement_68504,68504,Средня,Srednya,с.,SHU,tk_loan_management_bg.state_bg_SHU,SHU30,Шумен,BG333,9798,43.302468,26.798143
bg_settlement_83510,83510,Шумен,Shumen,гр.,SHU,tk_loan_management_bg.state_bg_SHU,SHU30,Шумен,BG333,9700,43.274006,26.930134
bg_settlement_80546,80546,Черенча,Cherencha,с.,SHU,tk_loan_management_bg.state_bg_SHU,SHU30,Шумен,BG333,9799,43.309031,26.778634
bg_settlement_78104,78104,Царев брод,Tsarev brod,с.,SHU,tk_loan_management_bg.state_bg_SHU,SHU30,Шумен,BG333,9747,43.329404,27.014825
bg_settlement_00330,00330,Александрово,Aleksandrovo,с.,SHU,tk_loan_management_bg.state_bg_SHU,SHU25,Смядово,BG333,9829,42.991166,26.972298
bg_settlement_11452,11452,Владиня,Vladinya,с.,LOV,tk_loan_management_bg.state_bg_LOV,LOV18,Ловеч,BG315,5563,43.291423,24.796737
bg_settlement_02935,02935,Баховица,Bahovitsa,с.,LOV,tk_loan_management_bg.state_bg_LOV,LOV18,Ловеч,BG315,5567,43.188458,24.682852
bg_settlement_35198,35198,Казачево,Kazachevo,с.,LOV,tk_loan_management_bg.state_bg_LOV,LOV18,Ловеч,BG315,5548,43.080428,24.749261
bg_settlement_17378,17378,Гостиня,Gostinya,с.,LOV,tk_loan_management_bg.state_bg_LOV,LOV18,Ловеч,BG315,5543,43.151715,24.835152
bg_settlement_43829,43829,Лисец,Lisets,с.,LOV,tk_loan_management_bg.state_bg_LOV,LOV18,Ловеч,BG315,5568,43.184634,24.658043
bg_settlement_67324,67324,Сливек,Slivek,с.,LOV,tk_loan_management_bg.state_bg_LOV,LOV18,Ловеч,BG315,5537,43.108987,24.750053
bg_settlement_67218,67218,Слатина,Slatina,с.,LOV,tk_loan_management_bg.state_bg_LOV,LOV18,Ловеч,BG315,5768,43.091396,23.974119
bg_settlement_67060,67060,Славяни,Slavyani,с.,LOV,tk_loan_management_bg.state_bg_LOV,LOV18,Ловеч,BG315,5565,43.222414,24.683144
bg_settlement_66799,66799,Скобелево,Skobelevo,с.,LOV,tk_loan_management_bg.state_bg_LOV,LOV18,Ловеч,BG315,5508,43.155608,24.65813
bg_settlement_58308,58308,Пресяка,Presyaka,с.,LOV,tk_loan_management_bg.state_bg_LOV,LOV18,Ловеч,BG315,5542,43.154875,24.77297
bg_settlement_05061,05061,Божурово,Bozhurovo,с.,DOB,tk_loan_management_bg.state_bg_DOB,DOB15,Добрич-селска,BG332,9368,43.703963,27.763046
bg_settlement_58671,58671,Протопопинци,Protopopintsi,с.,VID,tk_loan_management_bg.state_bg_VID,VID37,Чупрене,BG311,3957,43.56129,22.749685
bg_settlement_68518,68518,Средогрив,Sredogriv,с.,VID,tk_loan_management_bg.state_bg_VID,VID37,Чупрене,BG311,3959,43.548579,22.783084
bg_settlement_61011,61011,Рабиша,Rabisha,с.,VID,tk_loan_management_bg.state_bg_VID,VID01,Белоградчик,BG311,3938,43.718214,22.600973
bg_settlement_67400,67400,Сливовник,Slivovnik,с.,VID,tk_loan_management_bg.state_bg_VID,VID01,Белоградчик,BG311,3915,43.678022,22.643071
bg_settlement_04580,04580,Богдан,Bogdan,с.,DOB,tk_loan_management_bg.state_bg_DOB,DOB15,Добрич-селска,BG332,9348,43.507068,27.78681
bg_settlement_03860,03860,Бенковски,Benkovski,с.,DOB,tk_loan_management_bg.state_bg_DOB,DOB15,Добрич-селска,BG332,9380,43.598475,27.478738
bg_settlement_03040,03040,Бдинци,Bdintsi,с.,DOB,tk_loan_management_bg.state_bg_DOB,DOB15,Добрич-селска,BG332,9381,43.522859,27.520789
bg_settlement_12632,12632,Върба,Varba,с.,VID,tk_loan_management_bg.state_bg_VID,VID01,Белоградчик,BG311,3939,43.689968,22.625978
bg_settlement_83185,83185,Шипикова махала,Shipikova mahala,с.,VID,tk_loan_management_bg.state_bg_VID,VID03,Бойница,BG311,3836,44.007359,22.468216
bg_settlement_62732,62732,Риш,Rish,с.,SHU,tk_loan_management_bg.state_bg_SHU,SHU25,Смядово,BG333,9830,42.977979,26.922524
bg_settlement_31098,31098,Златна Панега,Zlatna Panega,с.,LOV,tk_loan_management_bg.state_bg_LOV,LOV38,Ябланица,BG315,5760,43.091772,24.150571
bg_settlement_23060,23060,Драгана,Dragana,с.,LOV,tk_loan_management_bg.state_bg_LOV,LOV36,Угърчин,BG315,5524,43.173555,24.397885
bg_settlement_53967,53967,Орляне,Orlyane,с.,LOV,tk_loan_management_bg.state_bg_LOV,LOV36,Угърчин,BG315,5577,43.133973,24.507382
bg_settlement_36662,36662,Катунец,Katunets,с.,LOV,tk_loan_management_bg.state_bg_LOV,LOV36,Угърчин,BG315,5569,43.204651,24.502849
bg_settlement_75054,75054,Угърчин,Ugarchin,гр.,LOV,tk_loan_management_bg.state_bg_LOV,LOV36,Угърчин,BG315,5580,43.099644,24.418076
bg_settlement_20300,20300,Дебнево,Debnevo,с.,LOV,tk_loan_management_bg.state_bg_LOV,LOV34,Троян,BG315,5657,42.961318,24.844222
bg_settlement_62712,62712,Рисиманово,Risimanovo,с.,SZR,tk_loan_management_bg.state_bg_SZR,SZR27,Раднево,BG344,6274,42.234587,25.927083
bg_settlement_37455,37455,Ковач,Kovach,с.,SZR,tk_loan_management_bg.state_bg_SZR,SZR27,Раднево,BG344,6272,42.294293,25.841369
bg_settlement_37507,37507,Ковачево,Kovachevo,с.,SZR,tk_loan_management_bg.state_bg_SZR,SZR27,Раднево,BG344,6264,42.239356,26.070029
bg_settlement_38008,38008,Коларово,Kolarovo,с.,SZR,tk_loan_management_bg.state_bg_SZR,SZR27,Раднево,BG344,6271,42.334594,25.716734
bg_settlement_38340,38340,Константиновец,Konstantinovets,с.,SZR,tk_loan_management_bg.state_bg_SZR,SZR27,Раднево,BG344,6267,42.222518,25.890463
bg_settlement_15062,15062,Гледачево,Gledachevo,с.,SZR,tk_loan_management_bg.state_bg_SZR,SZR27,Раднево,BG344,6263,42.257306,26.022068
bg_settlement_17960,17960,Боздуганово,Bozduganovo,с.,SZR,tk_loan_management_bg.state_bg_SZR,SZR27,Раднево,BG344,6269,42.340701,25.763109
bg_settlement_20153,20153,Даскал-Атанасово,Daskal-Atanasovo,с.,SZR,tk_loan_management_bg.state_bg_SZR,SZR27,Раднево,BG344,,0,0
bg_settlement_21209,21209,Диня,Dinya,с.,SZR,tk_loan_management_bg.state_bg_SZR,SZR27,Раднево,BG344,6268,42.321023,25.836981
bg_settlement_30795,30795,Землен,Zemlen,с.,SZR,tk_loan_management_bg.state_bg_SZR,SZR27,Раднево,BG344,6266,42.306298,25.776982
bg_settlement_31293,31293,Знаменосец,Znamenosets,с.,SZR,tk_loan_management_bg.state_bg_SZR,SZR27,Раднево,BG344,6272,42.277703,25.900479
bg_settlement_03407,03407,Бели бряг,Beli bryag,с.,SZR,tk_loan_management_bg.state_bg_SZR,SZR27,Раднево,BG344,6262,42.239057,25.941636
bg_settlement_07288,07288,Българене,Balgarene,с.,SZR,tk_loan_management_bg.state_bg_SZR,SZR27,Раднево,BG344,6274,42.249853,25.908221
bg_settlement_68730,68730,Хан Аспарухово,Han Asparuhovo,с.,SZR,tk_loan_management_bg.state_bg_SZR,SZR31,Стара Загора,BG344,6055,42.439309,25.845356
bg_settlement_69794,69794,Стрелец,Strelets,с.,SZR,tk_loan_management_bg.state_bg_SZR,SZR31,Стара Загора,BG344,6058,42.295597,25.743439
bg_settlement_77431,77431,Християново,Hristiyanovo,с.,SZR,tk_loan_management_bg.state_bg_SZR,SZR31,Стара Загора,BG344,6072,42.348652,25.588119
bg_settlement_55289,55289,Памукчии,Pamukchii,с.,SZR,tk_loan_management_bg.state_bg_SZR,SZR31,Стара Загора,BG344,6058,42.32184,25.647113
bg_settlement_56188,56188,Петрово,Petrovo,с.,SZR,tk_loan_management_bg.state_bg_SZR,SZR31,Стара Загора,BG344,6058,42.292789,25.638423
bg_settlement_56825,56825,Плоска могила,Ploska mogila,с.,SZR,tk_loan_management_bg.state_bg_SZR,SZR31,Стара Загора,BG344,6055,42.429303,25.818126
bg_settlement_57073,57073,Подслон,Podslon,с.,SZR,tk_loan_management_bg.state_bg_SZR,SZR31,Стара Загора,BG344,6057,42.475733,25.868753
bg_settlement_58236,58236,Преславен,Preslaven,с.,SZR,tk_loan_management_bg.state_bg_SZR,SZR31,Стара Загора,BG344,6048,42.408097,25.742703
bg_settlement_58952,58952,Пшеничево,Pshenichevo,с.,SZR,tk_loan_management_bg.state_bg_SZR,SZR31,Стара Загора,BG344,6268,42.37239,25.871731
bg_settlement_65317,65317,Самуилово,Samuilovo,с.,SZR,tk_loan_management_bg.state_bg_SZR,SZR31,Стара Загора,BG344,6051,42.216338,25.516174
bg_settlement_35420,35420,Калитиново,Kalitinovo,с.,SZR,tk_loan_management_bg.state_bg_SZR,SZR31,Стара Загора,BG344,6049,42.424244,25.737932
bg_settlement_35515,35515,Калояновец,Kaloyanovets,с.,SZR,tk_loan_management_bg.state_bg_SZR,SZR31,Стара Загора,BG344,6070,42.306926,25.576865
bg_settlement_37678,37678,Козаревец,Kozarevets,с.,SZR,tk_loan_management_bg.state_bg_SZR,SZR31,Стара Загора,BG344,6070,42.220978,25.577848
bg_settlement_43921,43921,Ловец,Lovets,с.,SZR,tk_loan_management_bg.state_bg_SZR,SZR31,Стара Загора,BG344,6070,42.257709,25.603368
bg_settlement_46098,46098,Маджерито,Madzherito,с.,SZR,tk_loan_management_bg.state_bg_SZR,SZR31,Стара Загора,BG344,6063,42.359712,25.644524
bg_settlement_46591,46591,Малко Кадиево,Malko Kadievo,с.,SZR,tk_loan_management_bg.state_bg_SZR,SZR31,Стара Загора,BG344,6052,42.37235,25.703268
bg_settlement_48502,48502,Михайлово,Mihaylovo,с.,SZR,tk_loan_management_bg.state_bg_SZR,SZR31,Стара Загора,BG344,6051,42.249395,25.527052
bg_settlement_48765,48765,Могила,Mogila,с.,SZR,tk_loan_management_bg.state_bg_SZR,SZR31,Стара Загора,BG344,6052,42.389704,25.718858
bg_settlement_11675,11675,Воденичарово,Vodenicharovo,с.,SZR,tk_loan_management_bg.state_bg_SZR,SZR31,Стара Загора,BG344,6051,42.239243,25.496765
bg_settlement_16701,16701,Горно Ботево,Gorno Botevo,с.,SZR,tk_loan_management_bg.state_bg_SZR,SZR31,Стара Загора,BG344,6053,42.413422,25.804611
bg_settlement_27214,27214,Еленино,Elenino,с.,SZR,tk_loan_management_bg.state_bg_SZR,SZR31,Стара Загора,BG344,6047,42.367147,25.604956
bg_settlement_30119,30119,Загоре,Zagore,с.,SZR,tk_loan_management_bg.state_bg_SZR,SZR31,Стара Загора,BG344,6063,42.351047,25.671605
bg_settlement_03856,03856,Бенковски,Benkovski,с.,SZR,tk_loan_management_bg.state_bg_SZR,SZR31,Стара Загора,BG344,6055,42.410935,25.889747
bg_settlement_05637,05637,Борово,Borovo,с.,SZR,tk_loan_management_bg.state_bg_SZR,SZR31,Стара Загора,BG344,6070,42.252843,25.573787
bg_settlement_07199,07199,Бъдеще,Badeshte,с.,SZR,tk_loan_management_bg.state_bg_SZR,SZR31,Стара Загора,BG344,6058,42.310412,25.677106
bg_settlement_32130,32130,Ивановци,Ivanovtsi,с.,VID,tk_loan_management_bg.state_bg_VID,VID09,Видин,BG311,3739,43.862958,22.761903
bg_settlement_29043,29043,Жеглица,Zheglitsa,с.,VID,tk_loan_management_bg.state_bg_VID,VID09,Видин,BG311,3738,43.880083,22.798213
bg_settlement_23786,23786,Дружба,Druzhba,с.,VID,tk_loan_management_bg.state_bg_VID,VID09,Видин,BG311,3730,44.001998,22.717939
bg_settlement_14369,14369,Гайтанци,Gaytantsi,с.,VID,tk_loan_management_bg.state_bg_VID,VID09,Видин,BG311,3753,43.832767,22.81046
bg_settlement_12958,12958,Въртоп,Vartop,с.,VID,tk_loan_management_bg.state_bg_VID,VID09,Видин,BG311,3752,43.802911,22.790307
bg_settlement_11925,11925,Войница,Voynitsa,с.,VID,tk_loan_management_bg.state_bg_VID,VID09,Видин,BG311,3734,43.936683,22.698279
bg_settlement_46111,46111,Майор Узуново,Mayor Uzunovo,с.,VID,tk_loan_management_bg.state_bg_VID,VID09,Видин,BG311,3777,44.073132,22.824959
bg_settlement_56616,56616,Плакудер,Plakuder,с.,VID,tk_loan_management_bg.state_bg_VID,VID09,Видин,BG311,3781,44.051032,22.742902
bg_settlement_48828,48828,Могилище,Mogilishte,с.,DOB,tk_loan_management_bg.state_bg_DOB,DOB17,Каварна,BG332,9665,43.487851,28.34265
bg_settlement_78330,78330,Целина,Tselina,с.,SZR,tk_loan_management_bg.state_bg_SZR,SZR36,Чирпан,BG344,6223,42.127667,25.441823
bg_settlement_78375,78375,Ценово,Tsenovo,с.,SZR,tk_loan_management_bg.state_bg_SZR,SZR36,Чирпан,BG344,6222,42.161629,25.395659
bg_settlement_81414,81414,Чирпан,Chirpan,гр.,SZR,tk_loan_management_bg.state_bg_SZR,SZR36,Чирпан,BG344,6200,42.199373,25.324804
bg_settlement_54242,54242,Осларка,Oslarka,с.,SZR,tk_loan_management_bg.state_bg_SZR,SZR36,Чирпан,BG344,6216,42.19694,25.504371
bg_settlement_12042,12042,Воловарово,Volovarovo,с.,SZR,tk_loan_management_bg.state_bg_SZR,SZR36,Чирпан,BG344,6231,42.208461,25.400617
bg_settlement_14920,14920,Гита,Gita,с.,SZR,tk_loan_management_bg.state_bg_SZR,SZR36,Чирпан,BG344,6215,42.19909,25.45949
bg_settlement_21049,21049,Димитриево,Dimitrievo,с.,SZR,tk_loan_management_bg.state_bg_SZR,SZR36,Чирпан,BG344,6259,42.191376,25.555508
bg_settlement_24623,24623,Държава,Darzhava,с.,SZR,tk_loan_management_bg.state_bg_SZR,SZR36,Чирпан,BG344,6217,42.177265,25.419665
bg_settlement_30819,30819,Зетьово,Zetyovo,с.,SZR,tk_loan_management_bg.state_bg_SZR,SZR36,Чирпан,BG344,6220,42.146716,25.36559
bg_settlement_31070,31070,Златна ливада,Zlatna livada,с.,SZR,tk_loan_management_bg.state_bg_SZR,SZR36,Чирпан,BG344,6221,42.113575,25.429767
bg_settlement_36227,36227,Карагеоргиево,Karageorgievo,с.,BGS,tk_loan_management_bg.state_bg_BGS,BGS01,Айтос,BG341,8543,42.735146,27.186043
bg_settlement_57426,57426,Поляново,Polyanovo,с.,BGS,tk_loan_management_bg.state_bg_BGS,BGS01,Айтос,BG341,8544,42.716278,27.176764
bg_settlement_40049,40049,Крупен,Krupen,с.,DOB,tk_loan_management_bg.state_bg_DOB,DOB17,Каварна,BG332,9667,43.552429,28.26362
bg_settlement_35064,35064,Каварна,Kavarna,гр.,DOB,tk_loan_management_bg.state_bg_DOB,DOB17,Каварна,BG332,9650,43.435977,28.339219
bg_settlement_32768,32768,Иречек,Irechek,с.,DOB,tk_loan_management_bg.state_bg_DOB,DOB17,Каварна,BG332,9666,43.521939,28.364091
bg_settlement_66113,66113,Селце,Seltse,с.,DOB,tk_loan_management_bg.state_bg_DOB,DOB17,Каварна,BG332,9655,43.453684,28.290593
bg_settlement_80340,80340,Челопечене,Chelopechene,с.,DOB,tk_loan_management_bg.state_bg_DOB,DOB17,Каварна,BG332,9664,43.549541,28.31282
bg_settlement_72936,72936,Травник,Travnik,с.,DOB,tk_loan_management_bg.state_bg_DOB,DOB17,Каварна,BG332,9694,43.595236,28.275099
bg_settlement_72693,72693,Топола,Topola,с.,DOB,tk_loan_management_bg.state_bg_DOB,DOB17,Каварна,BG332,9654,43.420348,28.265588
bg_settlement_37808,37808,Козлодуйци,Kozloduytsi,с.,DOB,tk_loan_management_bg.state_bg_DOB,DOB15,Добрич-селска,BG332,9387,43.630295,27.741684
bg_settlement_65824,65824,Свобода,Svoboda,с.,DOB,tk_loan_management_bg.state_bg_DOB,DOB15,Добрич-селска,BG332,9398,43.749232,27.8152
bg_settlement_58935,58935,Пчелник,Pchelnik,с.,DOB,tk_loan_management_bg.state_bg_DOB,DOB15,Добрич-селска,BG332,9427,43.770656,27.612772
bg_settlement_53432,53432,Одринци,Odrintsi,с.,DOB,tk_loan_management_bg.state_bg_DOB,DOB15,Добрич-селска,BG332,9357,43.535181,27.704687
bg_settlement_80769,80769,Черна,Cherna,с.,DOB,tk_loan_management_bg.state_bg_DOB,DOB15,Добрич-селска,BG332,9417,43.76089,27.668871
bg_settlement_76064,76064,Фелдфебел Денково,Feldfebel Denkovo,с.,DOB,tk_loan_management_bg.state_bg_DOB,DOB15,Добрич-селска,BG332,,0,0
bg_settlement_73818,73818,Тянево,Tyanevo,с.,DOB,tk_loan_management_bg.state_bg_DOB,DOB15,Добрич-селска,BG332,9429,43.724133,27.6327
bg_settlement_56438,56438,Пирне,Pirne,с.,BGS,tk_loan_management_bg.state_bg_BGS,BGS01,Айтос,BG341,8528,42.677867,27.19657
bg_settlement_11329,11329,Вичово,Vichovo,с.,DOB,tk_loan_management_bg.state_bg_DOB,DOB12,Генерал Тошево,BG332,9563,43.740769,28.315848
bg_settlement_10422,10422,Великово,Velikovo,с.,DOB,tk_loan_management_bg.state_bg_DOB,DOB12,Генерал Тошево,BG332,9547,43.645901,28.234222
bg_settlement_10183,10183,Василево,Vasilevo,с.,DOB,tk_loan_management_bg.state_bg_DOB,DOB12,Генерал Тошево,BG332,9543,43.612185,28.178443
bg_settlement_02484,02484,Балканци,Balkantsi,с.,DOB,tk_loan_management_bg.state_bg_DOB,DOB12,Генерал Тошево,BG332,9549,43.598701,28.162879
bg_settlement_32467,32467,Изворово,Izvorovo,с.,DOB,tk_loan_management_bg.state_bg_DOB,DOB12,Генерал Тошево,BG332,9538,43.816353,27.931412
bg_settlement_29444,29444,Житен,Zhiten,с.,DOB,tk_loan_management_bg.state_bg_DOB,DOB12,Генерал Тошево,BG332,9555,43.814665,27.894223
bg_settlement_00182,00182,Аксаково,Aksakovo,гр.,VAR,tk_loan_management_bg.state_bg_VAR,VAR02,Аксаково,BG331,9154,43.256366,27.818661
bg_settlement_14653,14653,Генерал Кантарджиево,General Kantardzhievo,с.,VAR,tk_loan_management_bg.state_bg_VAR,VAR02,Аксаково,BG331,9150,43.35922,27.981194
bg_settlement_58373,58373,Припек,Pripek,с.,VAR,tk_loan_management_bg.state_bg_VAR,VAR02,Аксаково,BG331,9146,43.254253,27.736009
bg_settlement_67489,67489,Слънчево,Slanchevo,с.,VAR,tk_loan_management_bg.state_bg_VAR,VAR02,Аксаково,BG331,9144,43.250744,27.707329
bg_settlement_72727,72727,Тополица,Topolitsa,с.,BGS,tk_loan_management_bg.state_bg_BGS,BGS01,Айтос,BG341,8549,42.736564,27.125105
bg_settlement_29129,29129,Железник,Zheleznik,с.,BGS,tk_loan_management_bg.state_bg_BGS,BGS09,Карнобат,BG341,8488,42.571218,26.903588
bg_settlement_27169,27169,Екзарх Антимово,Ekzarh Antimovo,с.,BGS,tk_loan_management_bg.state_bg_BGS,BGS09,Карнобат,BG341,8490,42.525044,26.980861
bg_settlement_56513,56513,Писменово,Pismenovo,с.,BGS,tk_loan_management_bg.state_bg_BGS,BGS27,Приморско,BG341,8182,42.217581,27.67328
bg_settlement_05311,05311,Болярци,Bolyartsi,с.,VAR,tk_loan_management_bg.state_bg_VAR,VAR01,Аврен,BG331,9124,43.069858,27.797605
bg_settlement_30627,30627,Здравец,Zdravets,с.,VAR,tk_loan_management_bg.state_bg_VAR,VAR01,Аврен,BG331,9137,43.12583,27.739528
bg_settlement_37068,37068,Китка,Kitka,с.,VAR,tk_loan_management_bg.state_bg_VAR,VAR01,Аврен,BG331,9127,43.053322,27.775572
bg_settlement_61128,61128,Равна гора,Ravna gora,с.,VAR,tk_loan_management_bg.state_bg_VAR,VAR01,Аврен,BG331,9124,43.056731,27.80648
bg_settlement_58445,58445,Приселци,Priseltsi,с.,VAR,tk_loan_management_bg.state_bg_VAR,VAR01,Аврен,BG331,9131,43.109506,27.829049
bg_settlement_70175,70175,Суворово,Suvorovo,гр.,VAR,tk_loan_management_bg.state_bg_VAR,VAR26,Суворово,BG331,9170,43.32832,27.592431
bg_settlement_37037,37037,Китен,Kiten,с.,VAR,tk_loan_management_bg.state_bg_VAR,VAR24,Провадия,BG331,9241,43.085888,27.31279
bg_settlement_66963,66963,Славейково,Slaveykovo,с.,VAR,tk_loan_management_bg.state_bg_VAR,VAR24,Провадия,BG331,9247,43.111568,27.238587
bg_settlement_56143,56143,Петров дол,Petrov dol,с.,VAR,tk_loan_management_bg.state_bg_VAR,VAR24,Провадия,BG331,9225,43.231963,27.460952
bg_settlement_80073,80073,Чайка,Chayka,с.,VAR,tk_loan_management_bg.state_bg_VAR,VAR24,Провадия,BG331,9277,43.081358,27.427911
bg_settlement_69020,69020,Староселец,Staroselets,с.,VAR,tk_loan_management_bg.state_bg_VAR,VAR24,Провадия,BG331,9226,43.229951,27.489408
bg_settlement_67739,67739,Снежина,Snezhina,с.,VAR,tk_loan_management_bg.state_bg_VAR,VAR24,Провадия,BG331,9244,43.164296,27.265184
bg_settlement_44294,44294,Лопушна,Lopushna,с.,VAR,tk_loan_management_bg.state_bg_VAR,VAR16,Дългопол,BG331,9237,43.002633,27.182594
bg_settlement_35777,35777,Камен дял,Kamen dyal,с.,VAR,tk_loan_management_bg.state_bg_VAR,VAR16,Дългопол,BG331,9253,43.02828,27.263167
bg_settlement_55470,55470,Партизани,Partizani,с.,VAR,tk_loan_management_bg.state_bg_VAR,VAR16,Дългопол,BG331,9245,43.01146,27.247188
bg_settlement_67129,67129,Сладка вода,Sladka voda,с.,VAR,tk_loan_management_bg.state_bg_VAR,VAR16,Дългопол,BG331,9257,43.057657,27.239684
bg_settlement_36868,36868,Кипра,Kipra,с.,VAR,tk_loan_management_bg.state_bg_VAR,VAR14,Девня,BG331,9169,43.260671,27.621761
bg_settlement_07394,07394,Бърдарево,Bardarevo,с.,VAR,tk_loan_management_bg.state_bg_VAR,VAR13,Долни чифлик,BG331,9117,42.923608,27.59949
bg_settlement_63197,63197,Рудник,Rudnik,с.,VAR,tk_loan_management_bg.state_bg_VAR,VAR13,Долни чифлик,BG331,9105,42.953117,27.769989
bg_settlement_06416,06416,Брестак,Brestak,с.,VAR,tk_loan_management_bg.state_bg_VAR,VAR09,Вълчи дол,BG331,9290,43.459185,27.539477
bg_settlement_47874,47874,Метличина,Metlichina,с.,VAR,tk_loan_management_bg.state_bg_VAR,VAR09,Вълчи дол,BG331,9291,43.473482,27.510776
bg_settlement_84022,84022,Щипско,Shtipsko,с.,VAR,tk_loan_management_bg.state_bg_VAR,VAR09,Вълчи дол,BG331,9283,43.376518,27.528015
bg_settlement_14252,14252,Габърница,Gabarnitsa,с.,VAR,tk_loan_management_bg.state_bg_VAR,VAR08,Ветрино,BG331,9227,43.245825,27.495162
bg_settlement_48653,48653,Млада гвардия,Mlada gvardia,с.,VAR,tk_loan_management_bg.state_bg_VAR,VAR08,Ветрино,BG331,9228,43.289947,27.365398
bg_settlement_51487,51487,Неофит Рилски,Neofit Rilski,с.,VAR,tk_loan_management_bg.state_bg_VAR,VAR08,Ветрино,BG331,9223,43.276206,27.516159
bg_settlement_51233,51233,Невша,Nevsha,с.,VAR,tk_loan_management_bg.state_bg_VAR,VAR08,Ветрино,BG331,9229,43.27118,27.29942
bg_settlement_30497,30497,Звездица,Zvezditsa,с.,VAR,tk_loan_management_bg.state_bg_VAR,VAR06,Варна,BG331,9103,43.154507,27.839613
bg_settlement_17323,17323,Господиново,Gospodinovo,с.,VAR,tk_loan_management_bg.state_bg_VAR,VAR05,Бяла,BG331,9107,42.896917,27.770637
bg_settlement_16078,16078,Горица,Goritsa,с.,VAR,tk_loan_management_bg.state_bg_VAR,VAR05,Бяла,BG331,9101,42.91081,27.84512
bg_settlement_65259,65259,Самотино,Samotino,с.,VAR,tk_loan_management_bg.state_bg_VAR,VAR05,Бяла,BG331,9101,42.940464,27.861833
bg_settlement_10149,10149,Варненци,Varnentsi,с.,SLS,tk_loan_management_bg.state_bg_SLS,SLS34,Тутракан,BG325,7638,43.941848,26.617144
bg_settlement_06389,06389,Бреница,Brenitsa,с.,SLS,tk_loan_management_bg.state_bg_SLS,SLS34,Тутракан,BG325,7649,43.890992,26.615735
bg_settlement_03527,03527,Белица,Belitsa,с.,SLS,tk_loan_management_bg.state_bg_SLS,SLS34,Тутракан,BG325,7648,43.92723,26.664851
bg_settlement_00494,00494,Антимово,Antimovo,с.,SLS,tk_loan_management_bg.state_bg_SLS,SLS34,Тутракан,BG325,7628,43.981781,26.689771
bg_settlement_58253,58253,Преславци,Preslavtsi,с.,SLS,tk_loan_management_bg.state_bg_SLS,SLS34,Тутракан,BG325,7635,43.926466,26.701764
bg_settlement_83524,83524,Шуменци,Shumentsi,с.,SLS,tk_loan_management_bg.state_bg_SLS,SLS34,Тутракан,BG325,7639,43.962616,26.602343
bg_settlement_78118,78118,Царев дол,Tsarev dol,с.,SLS,tk_loan_management_bg.state_bg_SLS,SLS34,Тутракан,BG325,7627,43.964589,26.731521
bg_settlement_73729,73729,Търновци,Tarnovtsi,с.,SLS,tk_loan_management_bg.state_bg_SLS,SLS34,Тутракан,BG325,7629,43.99313,26.717126
bg_settlement_44495,44495,Любен,Lyuben,с.,SLS,tk_loan_management_bg.state_bg_SLS,SLS32,Ситово,BG325,7534,43.941479,27.044851
bg_settlement_32839,32839,Искра,Iskra,с.,SLS,tk_loan_management_bg.state_bg_SLS,SLS32,Ситово,BG325,7580,43.997599,26.964588
bg_settlement_32799,32799,Ирник,Irnik,с.,SLS,tk_loan_management_bg.state_bg_SLS,SLS32,Ситово,BG325,7532,43.940955,26.982479
bg_settlement_57385,57385,Поляна,Polyana,с.,SLS,tk_loan_management_bg.state_bg_SLS,SLS32,Ситово,BG325,7584,44.059447,26.980298
bg_settlement_87694,87694,Ястребна,Yastrebna,с.,SLS,tk_loan_management_bg.state_bg_SLS,SLS32,Ситово,BG325,7664,43.971004,27.073032
bg_settlement_06032,06032,Брадвари,Bradvari,с.,SLS,tk_loan_management_bg.state_bg_SLS,SLS31,Силистра,BG325,7568,43.927618,27.125486
bg_settlement_04772,04772,Богорово,Bogorovo,с.,SLS,tk_loan_management_bg.state_bg_SLS,SLS31,Силистра,BG325,7542,44.021199,27.363733
bg_settlement_14948,14948,Главан,Glavan,с.,SLS,tk_loan_management_bg.state_bg_SLS,SLS31,Силистра,BG325,7543,43.98997,27.408758
bg_settlement_35225,35225,Казимир,Kazimir,с.,SLS,tk_loan_management_bg.state_bg_SLS,SLS31,Силистра,BG325,7574,43.994819,27.204259
bg_settlement_57604,57604,Попкралево,Popkralevo,с.,SLS,tk_loan_management_bg.state_bg_SLS,SLS31,Силистра,BG325,7545,43.982614,27.373094
bg_settlement_57251,57251,Полковник Ламбриново,Polkovnik Lambrinovo,с.,SLS,tk_loan_management_bg.state_bg_SLS,SLS31,Силистра,BG325,7579,44.048216,27.165642
bg_settlement_78358,78358,Ценович,Tsenovich,с.,SLS,tk_loan_management_bg.state_bg_SLS,SLS31,Силистра,BG325,7575,44.032052,27.237751
bg_settlement_21720,21720,Добруджанка,Dobrudzhanka,с.,SLS,tk_loan_management_bg.state_bg_SLS,SLS15,Кайнарджа,BG325,7548,43.968005,27.576995
bg_settlement_17333,17333,Господиново,Gospodinovo,с.,SLS,tk_loan_management_bg.state_bg_SLS,SLS15,Кайнарджа,BG325,7561,43.922519,27.487559
bg_settlement_15566,15566,Голеш,Golesh,с.,SLS,tk_loan_management_bg.state_bg_SLS,SLS15,Кайнарджа,BG325,7547,43.953889,27.613822
bg_settlement_11990,11990,Войново,Voynovo,с.,SLS,tk_loan_management_bg.state_bg_SLS,SLS15,Кайнарджа,BG325,7551,43.974906,27.44178
bg_settlement_39462,39462,Краново,Kranovo,с.,SLS,tk_loan_management_bg.state_bg_SLS,SLS15,Кайнарджа,BG325,7549,44.006991,27.631611
bg_settlement_65615,65615,Светослав,Svetoslav,с.,SLS,tk_loan_management_bg.state_bg_SLS,SLS15,Кайнарджа,BG325,7554,43.953758,27.510026
bg_settlement_57889,57889,Посев,Posev,с.,SLS,tk_loan_management_bg.state_bg_SLS,SLS15,Кайнарджа,BG325,7567,43.867778,27.423698
bg_settlement_57724,57724,Попрусаново,Poprusanovo,с.,SLS,tk_loan_management_bg.state_bg_SLS,SLS15,Кайнарджа,BG325,7564,43.900935,27.419448
bg_settlement_57306,57306,Полковник Чолаково,Polkovnik Cholakovo,с.,SLS,tk_loan_management_bg.state_bg_SLS,SLS15,Кайнарджа,BG325,7553,43.937658,27.553205
bg_settlement_69804,69804,Стрелково,Strelkovo,с.,SLS,tk_loan_management_bg.state_bg_SLS,SLS15,Кайнарджа,BG325,7562,43.936679,27.439235
bg_settlement_68357,68357,Средище,Sredishte,с.,SLS,tk_loan_management_bg.state_bg_SLS,SLS15,Кайнарджа,BG325,7560,43.901308,27.486131
bg_settlement_31125,31125,Златоклас,Zlatoklas,с.,SLS,tk_loan_management_bg.state_bg_SLS,SLS10,Дулово,BG325,7694,43.91933,27.053649
bg_settlement_21926,21926,Долец,Dolets,с.,SLS,tk_loan_management_bg.state_bg_SLS,SLS10,Дулово,BG325,7682,43.79259,26.982383
bg_settlement_37839,37839,Козяк,Kozyak,с.,SLS,tk_loan_management_bg.state_bg_SLS,SLS10,Дулово,BG325,7673,43.795733,27.199097
bg_settlement_57995,57995,Правда,Pravda,с.,SLS,tk_loan_management_bg.state_bg_SLS,SLS10,Дулово,BG325,7690,43.87426,26.999202
bg_settlement_81150,81150,Чернолик,Chernolik,с.,SLS,tk_loan_management_bg.state_bg_SLS,SLS10,Дулово,BG325,7693,43.883051,27.084761
bg_settlement_30051,30051,Завет,Zavet,с.,BGS,tk_loan_management_bg.state_bg_BGS,BGS23,Сунгурларе,BG341,8432,42.836258,27.062728
bg_settlement_17049,17049,Горово,Gorovo,с.,BGS,tk_loan_management_bg.state_bg_BGS,BGS23,Сунгурларе,BG341,8469,42.739633,26.835128
bg_settlement_12591,12591,Вълчин,Valchin,с.,BGS,tk_loan_management_bg.state_bg_BGS,BGS23,Сунгурларе,BG341,8443,42.728335,26.896365
bg_settlement_12975,12975,Вършило,Varshilo,с.,BGS,tk_loan_management_bg.state_bg_BGS,BGS21,Созопол,BG341,8157,42.257999,27.378447
bg_settlement_40124,40124,Крушевец,Krushevets,с.,BGS,tk_loan_management_bg.state_bg_BGS,BGS21,Созопол,BG341,8148,42.273413,27.486
bg_settlement_04670,04670,Богданци,Bogdantsi,с.,SLS,tk_loan_management_bg.state_bg_SLS,SLS07,Главиница,BG325,7611,43.975582,26.788978
bg_settlement_03017,03017,Бащино,Bashtino,с.,SLS,tk_loan_management_bg.state_bg_SLS,SLS07,Главиница,BG325,7619,43.952223,26.92771
bg_settlement_30377,30377,Зафирово,Zafirovo,с.,SLS,tk_loan_management_bg.state_bg_SLS,SLS07,Главиница,BG325,7610,44.000211,26.823573
bg_settlement_21230,21230,Дичево,Dichevo,с.,SLS,tk_loan_management_bg.state_bg_SLS,SLS07,Главиница,BG325,7625,43.986638,26.887833
bg_settlement_15031,15031,Главиница,Glavinitsa,гр.,SLS,tk_loan_management_bg.state_bg_SLS,SLS07,Главиница,BG325,7630,43.912054,26.836553
bg_settlement_43894,43894,Листец,Listets,с.,SLS,tk_loan_management_bg.state_bg_SLS,SLS07,Главиница,BG325,7642,43.839923,26.875264
bg_settlement_38707,38707,Косара,Kosara,с.,SLS,tk_loan_management_bg.state_bg_SLS,SLS07,Главиница,BG325,7612,43.963387,26.80836
bg_settlement_37993,37993,Коларово,Kolarovo,с.,SLS,tk_loan_management_bg.state_bg_SLS,SLS07,Главиница,BG325,7613,44.021704,26.882747
bg_settlement_35554,35554,Калугерене,Kalugerene,с.,SLS,tk_loan_management_bg.state_bg_SLS,SLS07,Главиница,BG325,7631,43.914531,26.863241
bg_settlement_57056,57056,Подлес,Podles,с.,SLS,tk_loan_management_bg.state_bg_SLS,SLS07,Главиница,BG325,7632,43.865053,26.850449
bg_settlement_55138,55138,Падина,Padina,с.,SLS,tk_loan_management_bg.state_bg_SLS,SLS07,Главиница,BG325,7617,43.903734,26.912412
bg_settlement_54078,54078,Осен,Osen,с.,SLS,tk_loan_management_bg.state_bg_SLS,SLS07,Главиница,BG325,7634,43.888962,26.771303
bg_settlement_52338,52338,Ножарево,Nozharevo,с.,SLS,tk_loan_management_bg.state_bg_SLS,SLS07,Главиница,BG325,7615,43.918232,26.885469
bg_settlement_81075,81075,Черногор,Chernogor,с.,SLS,tk_loan_management_bg.state_bg_SLS,SLS07,Главиница,BG325,7614,43.939996,26.745227
bg_settlement_70336,70336,Суходол,Suhodol,с.,SLS,tk_loan_management_bg.state_bg_SLS,SLS07,Главиница,BG325,7618,43.972062,26.913494
bg_settlement_69184,69184,Стефан Караджа,Stefan Karadzha,с.,SLS,tk_loan_management_bg.state_bg_SLS,SLS07,Главиница,BG325,7633,43.903888,26.728474
bg_settlement_67828,67828,Сокол,Sokol,с.,SLS,tk_loan_management_bg.state_bg_SLS,SLS07,Главиница,BG325,7621,43.960311,26.86238
bg_settlement_10210,10210,Васил Левски,Vasil Levski,с.,SLS,tk_loan_management_bg.state_bg_SLS,SLS01,Алфатар,BG325,7571,43.933246,27.382401
bg_settlement_00415,00415,Алфатар,Alfatar,гр.,SLS,tk_loan_management_bg.state_bg_SLS,SLS01,Алфатар,BG325,7570,43.945592,27.290692
bg_settlement_40751,40751,Кутловица,Kutlovitsa,с.,SLS,tk_loan_management_bg.state_bg_SLS,SLS01,Алфатар,BG325,7558,43.88603,27.37027
bg_settlement_78063,78063,Цар Асен,Tsar Asen,с.,SLS,tk_loan_management_bg.state_bg_SLS,SLS01,Алфатар,BG325,7536,43.873467,27.254278
bg_settlement_38830,38830,Костанденец,Kostandenets,с.,RAZ,tk_loan_management_bg.state_bg_RAZ,RAZ36,Цар Калоян,BG324,7273,43.567929,26.194484
bg_settlement_30630,30630,Здравец,Zdravets,с.,RAZ,tk_loan_management_bg.state_bg_RAZ,RAZ29,Самуил,BG324,7437,43.637304,26.905937
bg_settlement_23902,23902,Дряновец,Dryanovets,с.,RAZ,tk_loan_management_bg.state_bg_RAZ,RAZ26,Разград,BG324,7268,43.598839,26.378235
bg_settlement_67369,67369,Сливница,Slivnitsa,с.,BLG,tk_loan_management_bg.state_bg_BLG,BLG28,Кресна,BG413,2844,41.692301,23.165143
bg_settlement_22068,22068,Долна Градешница,Dolna Gradeshnitsa,с.,BLG,tk_loan_management_bg.state_bg_BLG,BLG28,Кресна,BG413,2843,41.680125,23.184351
bg_settlement_54105,54105,Осенец,Osenets,с.,RAZ,tk_loan_management_bg.state_bg_RAZ,RAZ26,Разград,BG324,7267,43.560634,26.395682
bg_settlement_69119,69119,Старчево,Starchevo,с.,BLG,tk_loan_management_bg.state_bg_BLG,BLG33,Петрич,BG413,2861,41.472637,23.233403
bg_settlement_69941,69941,Струмешница,Strumeshnitsa,с.,BLG,tk_loan_management_bg.state_bg_BLG,BLG33,Петрич,BG413,2895,41.396224,23.043403
bg_settlement_52091,52091,Ново Кономлади,Novo Konomladi,с.,BLG,tk_loan_management_bg.state_bg_BLG,BLG33,Петрич,BG413,2874,41.455008,23.331516
bg_settlement_56126,56126,Петрич,Petrich,гр.,BLG,tk_loan_management_bg.state_bg_BLG,BLG33,Петрич,BG413,2850,41.398129,23.206857
bg_settlement_59077,59077,Първомай,Parvomay,с.,BLG,tk_loan_management_bg.state_bg_BLG,BLG33,Петрич,BG413,2890,41.403543,23.135221
bg_settlement_62623,62623,Рибник,Ribnik,с.,BLG,tk_loan_management_bg.state_bg_BLG,BLG33,Петрич,BG413,2864,41.48937,23.254946
bg_settlement_63542,63542,Ръждак,Razhdak,с.,BLG,tk_loan_management_bg.state_bg_BLG,BLG33,Петрич,BG413,2856,41.400873,23.240685
bg_settlement_65288,65288,Самуилова крепост,Samuilova krepost,с.,BLG,tk_loan_management_bg.state_bg_BLG,BLG33,Петрич,BG413,2895,41.393536,23.028222
bg_settlement_35081,35081,Кавракирово,Kavrakirovo,с.,BLG,tk_loan_management_bg.state_bg_BLG,BLG33,Петрич,BG413,2889,41.435661,23.167564
bg_settlement_36083,36083,Капатово,Kapatovo,с.,BLG,tk_loan_management_bg.state_bg_BLG,BLG33,Петрич,BG413,2872,41.463987,23.358798
bg_settlement_39935,39935,Кромидово,Kromidovo,с.,BLG,tk_loan_management_bg.state_bg_BLG,BLG33,Петрич,BG413,2871,41.457633,23.364094
bg_settlement_40912,40912,Кърналово,Karnalovo,с.,BLG,tk_loan_management_bg.state_bg_BLG,BLG33,Петрич,BG413,2860,41.463282,23.220253
bg_settlement_47189,47189,Марикостиново,Marikostinovo,с.,BLG,tk_loan_management_bg.state_bg_BLG,BLG33,Петрич,BG413,2870,41.431358,23.338255
bg_settlement_48458,48458,Митино,Mitino,с.,BLG,tk_loan_management_bg.state_bg_BLG,BLG33,Петрич,BG413,2857,41.430683,23.253725
bg_settlement_48578,48578,Михнево,Mihnevo,с.,BLG,tk_loan_management_bg.state_bg_BLG,BLG33,Петрич,BG413,2862,41.45762,23.192762
bg_settlement_22842,22842,Долно Спанчево,Dolno Spanchevo,с.,BLG,tk_loan_management_bg.state_bg_BLG,BLG33,Петрич,BG413,2869,41.421306,23.380534
bg_settlement_23563,23563,Дрангово,Drangovo,с.,BLG,tk_loan_management_bg.state_bg_BLG,BLG33,Петрич,BG413,2859,41.416449,23.291821
bg_settlement_05058,05058,Божурово,Bozhurovo,с.,RAZ,tk_loan_management_bg.state_bg_RAZ,RAZ16,Кубрат,BG324,7335,43.883275,26.435235
bg_settlement_04131,04131,Бисерци,Bisertsi,с.,RAZ,tk_loan_management_bg.state_bg_RAZ,RAZ16,Кубрат,BG324,7334,43.884484,26.505752
bg_settlement_03575,03575,Беловец,Belovets,с.,RAZ,tk_loan_management_bg.state_bg_RAZ,RAZ16,Кубрат,BG324,7321,43.814216,26.384277
bg_settlement_30541,30541,Звънарци,Zvanartsi,с.,RAZ,tk_loan_management_bg.state_bg_RAZ,RAZ16,Кубрат,BG324,7333,43.915037,26.45922
bg_settlement_30212,30212,Задруга,Zadruga,с.,RAZ,tk_loan_management_bg.state_bg_RAZ,RAZ16,Кубрат,BG324,7317,43.849407,26.499781
bg_settlement_16105,16105,Горичево,Gorichevo,с.,RAZ,tk_loan_management_bg.state_bg_RAZ,RAZ16,Кубрат,BG324,7337,43.850954,26.450101
bg_settlement_49518,49518,Мъдрево,Madrevo,с.,RAZ,tk_loan_management_bg.state_bg_RAZ,RAZ16,Кубрат,BG324,7323,43.873698,26.561463
bg_settlement_66295,66295,Сеслав,Seslav,с.,RAZ,tk_loan_management_bg.state_bg_RAZ,RAZ16,Кубрат,BG324,7341,43.865999,26.374165
bg_settlement_72895,72895,Точилари,Tochilari,с.,RAZ,tk_loan_management_bg.state_bg_RAZ,RAZ16,Кубрат,BG324,7316,43.846071,26.474204
bg_settlement_68223,68223,Спатово,Spatovo,с.,BLG,tk_loan_management_bg.state_bg_BLG,BLG40,Сандански,BG413,2811,41.50786,23.32482
bg_settlement_69938,69938,Струма,Struma,с.,BLG,tk_loan_management_bg.state_bg_BLG,BLG40,Сандански,BG413,2806,41.536938,23.238396
bg_settlement_77361,77361,Хотово,Hotovo,с.,BLG,tk_loan_management_bg.state_bg_BLG,BLG40,Сандански,BG413,2821,41.499355,23.335596
bg_settlement_52074,52074,Ново Делчево,Novo Delchevo,с.,BLG,tk_loan_management_bg.state_bg_BLG,BLG40,Сандански,BG413,2814,41.504445,23.285003
bg_settlement_52307,52307,Ново Ходжово,Novo Hodzhovo,с.,BLG,tk_loan_management_bg.state_bg_BLG,BLG40,Сандански,BG413,2831,41.407591,23.400018
bg_settlement_66785,66785,Склаве,Sklave,с.,BLG,tk_loan_management_bg.state_bg_BLG,BLG40,Сандански,BG413,2811,41.520095,23.31721
bg_settlement_36693,36693,Катунци,Katuntsi,с.,BLG,tk_loan_management_bg.state_bg_BLG,BLG40,Сандански,BG413,2830,41.444178,23.429908
bg_settlement_43181,43181,Лебница,Lebnitsa,с.,BLG,tk_loan_management_bg.state_bg_BLG,BLG40,Сандански,BG413,2806,41.521553,23.239824
bg_settlement_43243,43243,Левуново,Levunovo,с.,BLG,tk_loan_management_bg.state_bg_BLG,BLG40,Сандански,BG413,2817,41.486404,23.306463
bg_settlement_43565,43565,Лешница,Leshnitsa,с.,BLG,tk_loan_management_bg.state_bg_BLG,BLG40,Сандански,BG413,2808,41.534313,23.287785
bg_settlement_12471,12471,Вълково,Valkovo,с.,BLG,tk_loan_management_bg.state_bg_BLG,BLG40,Сандански,BG413,2807,41.579609,23.222052
bg_settlement_20105,20105,Дамяница,Damyanitsa,с.,BLG,tk_loan_management_bg.state_bg_BLG,BLG40,Сандански,BG413,2813,41.509499,23.267242
bg_settlement_23176,23176,Драганци,Dragantsi,с.,BGS,tk_loan_management_bg.state_bg_BGS,BGS09,Карнобат,BG341,8489,42.569252,26.983
bg_settlement_20448,20448,Деветинци,Devetintsi,с.,BGS,tk_loan_management_bg.state_bg_BGS,BGS09,Карнобат,BG341,8474,42.594705,26.826451
bg_settlement_20417,20417,Деветак,Devetak,с.,BGS,tk_loan_management_bg.state_bg_BGS,BGS09,Карнобат,BG341,8480,42.573366,26.825963
bg_settlement_15182,15182,Глумче,Glumche,с.,BGS,tk_loan_management_bg.state_bg_BGS,BGS09,Карнобат,BG341,8429,42.6995,27.026807
bg_settlement_40230,40230,Крушово,Krushovo,с.,BGS,tk_loan_management_bg.state_bg_BGS,BGS09,Карнобат,BG341,8482,42.543455,27.056515
bg_settlement_37201,37201,Кликач,Klikach,с.,BGS,tk_loan_management_bg.state_bg_BGS,BGS09,Карнобат,BG341,8427,42.704918,27.059073
bg_settlement_32809,32809,Искра,Iskra,с.,BGS,tk_loan_management_bg.state_bg_BGS,BGS09,Карнобат,BG341,8481,42.681988,26.877411
bg_settlement_66408,66408,Сигмен,Sigmen,с.,BGS,tk_loan_management_bg.state_bg_BGS,BGS09,Карнобат,BG341,8438,42.707612,26.972586
bg_settlement_49549,49549,Мъдрино,Madrino,с.,BGS,tk_loan_management_bg.state_bg_BGS,BGS09,Карнобат,BG341,8444,42.708646,26.90417
bg_settlement_32192,32192,Иван Шишманово,Ivan Shishmanovo,с.,RAZ,tk_loan_management_bg.state_bg_RAZ,RAZ11,Завет,BG324,7342,43.794144,26.76842
bg_settlement_10803,10803,Ветово,Vetovo,гр.,RSE,tk_loan_management_bg.state_bg_RSE,RSE05,Ветово,BG323,7080,43.703979,26.264392
bg_settlement_39832,39832,Кривня,Krivnya,с.,RSE,tk_loan_management_bg.state_bg_RSE,RSE05,Ветово,BG323,7037,43.650563,26.3323
bg_settlement_66229,66229,Сеново,Senovo,гр.,RSE,tk_loan_management_bg.state_bg_RSE,RSE05,Ветово,BG323,7038,43.647248,26.363013
bg_settlement_56441,56441,Писанец,Pisanets,с.,RSE,tk_loan_management_bg.state_bg_RSE,RSE05,Ветово,BG323,7081,43.671523,26.165172
bg_settlement_23916,23916,Дряновец,Dryanovets,с.,RSE,tk_loan_management_bg.state_bg_RSE,RSE04,Бяла,BG323,7122,43.387904,25.859463
bg_settlement_38529,38529,Копривец,Koprivets,с.,RSE,tk_loan_management_bg.state_bg_RSE,RSE04,Бяла,BG323,7120,43.409399,25.8793
bg_settlement_80755,80755,Черково,Cherkovo,с.,BGS,tk_loan_management_bg.state_bg_BGS,BGS09,Карнобат,BG341,8478,42.481645,27.045956
bg_settlement_78416,78416,Церковски,Tserkovski,с.,BGS,tk_loan_management_bg.state_bg_BGS,BGS09,Карнобат,BG341,8472,42.610739,26.874116
bg_settlement_77089,77089,Хаджиите,Hadzhiite,с.,BGS,tk_loan_management_bg.state_bg_BGS,BGS09,Карнобат,BG341,8492,42.608785,27.080563
bg_settlement_27173,27173,Екзарх Йосиф,Ekzarh Yosif,с.,RSE,tk_loan_management_bg.state_bg_RSE,RSE03,Борово,BG323,7171,43.615708,25.787076
bg_settlement_16674,16674,Горно Абланово,Gorno Ablanovo,с.,RSE,tk_loan_management_bg.state_bg_RSE,RSE03,Борово,BG323,7173,43.632574,25.732302
bg_settlement_12067,12067,Волово,Volovo,с.,RSE,tk_loan_management_bg.state_bg_RSE,RSE03,Борово,BG323,7175,43.525836,25.796537
bg_settlement_69969,69969,Струмяни,Strumyani,с.,BLG,tk_loan_management_bg.state_bg_BLG,BLG49,Струмяни,BG413,2825,41.638346,23.202485
bg_settlement_49686,49686,Микрево,Mikrevo,с.,BLG,tk_loan_management_bg.state_bg_BLG,BLG49,Струмяни,BG413,2826,41.624547,23.19757
bg_settlement_35818,35818,Каменица,Kamenitsa,с.,BLG,tk_loan_management_bg.state_bg_BLG,BLG49,Струмяни,BG413,2828,41.651074,23.161946
bg_settlement_23532,23532,Драката,Drakata,с.,BLG,tk_loan_management_bg.state_bg_BLG,BLG49,Струмяни,BG413,2829,41.608341,23.20649
bg_settlement_11096,11096,Винарско,Vinarsko,с.,BGS,tk_loan_management_bg.state_bg_BGS,BGS08,Камено,BG341,8118,42.601787,27.201005
bg_settlement_39178,39178,Кошарна,Kosharna,с.,RSE,tk_loan_management_bg.state_bg_RSE,RSE33,Сливо поле,BG323,7062,43.882771,26.29804
bg_settlement_80652,80652,Черешово,Chereshovo,с.,RSE,tk_loan_management_bg.state_bg_RSE,RSE33,Сливо поле,BG323,7066,43.90253,26.352472
bg_settlement_68713,68713,Стамболово,Stambolovo,с.,RSE,tk_loan_management_bg.state_bg_RSE,RSE33,Сливо поле,BG323,7063,43.898403,26.299752
bg_settlement_07231,07231,Бъзън,Bazan,с.,RSE,tk_loan_management_bg.state_bg_RSE,RSE27,Русе,BG323,7077,43.737526,26.106128
bg_settlement_12245,12245,Вратица,Vratitsa,с.,BGS,tk_loan_management_bg.state_bg_BGS,BGS08,Камено,BG341,8109,42.589508,27.161125
bg_settlement_73211,73211,Трояново,Troyanovo,с.,BGS,tk_loan_management_bg.state_bg_BGS,BGS08,Камено,BG341,8108,42.555078,27.14492
bg_settlement_22558,22558,Долно Абланово,Dolno Ablanovo,с.,RSE,tk_loan_management_bg.state_bg_RSE,RSE27,Русе,BG323,7053,43.839524,26.138107
bg_settlement_66158,66158,Семерджиево,Semerdzhievo,с.,RSE,tk_loan_management_bg.state_bg_RSE,RSE27,Русе,BG323,7072,43.768922,26.168122
bg_settlement_52235,52235,Ново село,Novo selo,с.,RSE,tk_loan_management_bg.state_bg_RSE,RSE27,Русе,BG323,7052,43.803269,26.18754
bg_settlement_87700,87700,Ястребово,Yastrebovo,с.,RSE,tk_loan_management_bg.state_bg_RSE,RSE27,Русе,BG323,7073,43.757037,26.12651
bg_settlement_72357,72357,Тетово,Tetovo,с.,RSE,tk_loan_management_bg.state_bg_RSE,RSE27,Русе,BG323,7044,43.817171,26.288757
bg_settlement_65509,65509,Сваленик,Svalenik,с.,RSE,tk_loan_management_bg.state_bg_RSE,RSE13,Иваново,BG323,7082,43.584602,26.134469
bg_settlement_56397,56397,Пиргово,Pirgovo,с.,RSE,tk_loan_management_bg.state_bg_RSE,RSE13,Иваново,BG323,7090,43.732861,25.857369
bg_settlement_51768,51768,Нисово,Nisovo,с.,RSE,tk_loan_management_bg.state_bg_RSE,RSE13,Иваново,BG323,7079,43.651468,26.067616
bg_settlement_84049,84049,Щръклево,Shtraklevo,с.,RSE,tk_loan_management_bg.state_bg_RSE,RSE13,Иваново,BG323,7078,43.71454,26.047877
bg_settlement_80443,80443,Червен,Cherven,с.,RSE,tk_loan_management_bg.state_bg_RSE,RSE13,Иваново,BG323,7084,43.614097,26.023087
bg_settlement_73362,73362,Тръстеник,Trastenik,с.,RSE,tk_loan_management_bg.state_bg_RSE,RSE13,Иваново,BG323,7092,43.664395,25.857558
bg_settlement_72028,72028,Табачка,Tabachka,с.,RSE,tk_loan_management_bg.state_bg_RSE,RSE13,Иваново,BG323,7085,43.610633,25.972824
bg_settlement_07212,07212,Бъзовец,Bazovets,с.,RSE,tk_loan_management_bg.state_bg_RSE,RSE08,Две могили,BG323,7168,43.503739,25.880366
bg_settlement_02587,02587,Баниска,Baniska,с.,RSE,tk_loan_management_bg.state_bg_RSE,RSE08,Две могили,BG323,7167,43.458259,25.901705
bg_settlement_20184,20184,Две могили,Dve mogili,гр.,RSE,tk_loan_management_bg.state_bg_RSE,RSE08,Две могили,BG323,7150,43.593614,25.874962
bg_settlement_36703,36703,Кацелово,Katselovo,с.,RSE,tk_loan_management_bg.state_bg_RSE,RSE08,Две могили,BG323,7160,43.534591,26.064797
bg_settlement_36364,36364,Каран Върбовка,Karan Varbovka,с.,RSE,tk_loan_management_bg.state_bg_RSE,RSE08,Две могили,BG323,7163,43.5008,25.994468
bg_settlement_55837,55837,Пепелина,Pepelina,с.,RSE,tk_loan_management_bg.state_bg_RSE,RSE08,Две могили,BG323,7158,43.587328,25.935653
bg_settlement_54362,54362,Острица,Ostritsa,с.,RSE,tk_loan_management_bg.state_bg_RSE,RSE08,Две могили,BG323,7161,43.534742,25.969022
bg_settlement_83301,83301,Широково,Shirokovo,с.,RSE,tk_loan_management_bg.state_bg_RSE,RSE08,Две могили,BG323,7159,43.553789,25.94523
bg_settlement_81373,81373,Чилнов,Chilnov,с.,RSE,tk_loan_management_bg.state_bg_RSE,RSE08,Две могили,BG323,7162,43.521894,25.919633
bg_settlement_65927,65927,Севлиево,Sevlievo,гр.,GAB,tk_loan_management_bg.state_bg_GAB,GAB29,Севлиево,BG322,5400,43.028661,25.092432
bg_settlement_07661,07661,Бяла река,Byala reka,с.,VTR,tk_loan_management_bg.state_bg_VTR,VTR32,Сухиндол,BG321,5237,43.132872,25.202973
bg_settlement_17208,17208,Горско Косово,Gorsko Kosovo,с.,VTR,tk_loan_management_bg.state_bg_VTR,VTR32,Сухиндол,BG321,5235,43.127403,25.169218
bg_settlement_39582,39582,Красно градище,Krasno gradishte,с.,VTR,tk_loan_management_bg.state_bg_VTR,VTR32,Сухиндол,BG321,5242,43.182233,25.228575
bg_settlement_10447,10447,Велико Търново,Veliko Tarnovo,гр.,VTR,tk_loan_management_bg.state_bg_VTR,VTR04,Велико Търново,BG321,5000,43.078593,25.627192
bg_settlement_20242,20242,Дебелец,Debelets,гр.,VTR,tk_loan_management_bg.state_bg_VTR,VTR04,Велико Търново,BG321,5030,43.043666,25.621014
bg_settlement_48278,48278,Миндя,Mindya,с.,VTR,tk_loan_management_bg.state_bg_VTR,VTR04,Велико Търново,BG321,5044,43.016474,25.839891
bg_settlement_43253,43253,Леденик,Ledenik,с.,VTR,tk_loan_management_bg.state_bg_VTR,VTR04,Велико Търново,BG321,5049,43.080817,25.546773
bg_settlement_36107,36107,Къпиново,Kapinovo,с.,VTR,tk_loan_management_bg.state_bg_VTR,VTR04,Велико Търново,BG321,5043,43.016832,25.786435
bg_settlement_65200,65200,Самоводене,Samovodene,с.,VTR,tk_loan_management_bg.state_bg_VTR,VTR04,Велико Търново,BG321,5040,43.140546,25.610367
bg_settlement_63416,63416,Русаля,Rusalya,с.,VTR,tk_loan_management_bg.state_bg_VTR,VTR04,Велико Търново,BG321,5057,43.167722,25.456678
bg_settlement_58791,58791,Пушево,Pushevo,с.,VTR,tk_loan_management_bg.state_bg_VTR,VTR04,Велико Търново,BG321,5062,43.07054,25.475302
bg_settlement_51740,51740,Никюп,Nikyup,с.,VTR,tk_loan_management_bg.state_bg_VTR,VTR04,Велико Търново,BG321,5068,43.243411,25.588401
bg_settlement_83586,83586,Шемшево,Shemshevo,с.,VTR,tk_loan_management_bg.state_bg_VTR,VTR04,Велико Търново,BG321,5027,43.071226,25.556093
bg_settlement_78428,78428,Церова кория,Tserova koria,с.,VTR,tk_loan_management_bg.state_bg_VTR,VTR04,Велико Търново,BG321,5047,43.034487,25.742911
bg_settlement_77356,77356,Хотница,Hotnitsa,с.,VTR,tk_loan_management_bg.state_bg_VTR,VTR04,Велико Търново,BG321,5058,43.153292,25.543374
bg_settlement_04282,04282,Благоево,Blagoevo,с.,VTR,tk_loan_management_bg.state_bg_VTR,VTR31,Стражица,BG321,5178,43.19524,25.959855
bg_settlement_00730,00730,Асеново,Asenovo,с.,VTR,tk_loan_management_bg.state_bg_VTR,VTR31,Стражица,BG321,5159,43.280258,26.021948
bg_settlement_11466,11466,Владислав,Vladislav,с.,VTR,tk_loan_management_bg.state_bg_VTR,VTR31,Стражица,BG321,5179,43.190227,25.994911
bg_settlement_07363,07363,Българско Сливово,Balgarsko Slivovo,с.,VTR,tk_loan_management_bg.state_bg_VTR,VTR28,Свищов,BG321,5284,43.545097,25.299751
bg_settlement_16393,16393,Горна Студена,Gorna Studena,с.,VTR,tk_loan_management_bg.state_bg_VTR,VTR28,Свищов,BG321,5294,43.424061,25.3546
bg_settlement_80457,80457,Червена,Chervena,с.,VTR,tk_loan_management_bg.state_bg_VTR,VTR28,Свищов,BG321,5293,43.383865,25.228362
bg_settlement_17467,17467,Градина,Gradina,с.,VTR,tk_loan_management_bg.state_bg_VTR,VTR26,Полски Тръмбеш,BG321,5879,43.352005,24.479301
bg_settlement_36405,36405,Каранци,Karantsi,с.,VTR,tk_loan_management_bg.state_bg_VTR,VTR26,Полски Тръмбеш,BG321,5188,43.387179,25.681353
bg_settlement_57340,57340,Полски Сеновец,Polski Senovets,с.,VTR,tk_loan_management_bg.state_bg_VTR,VTR26,Полски Тръмбеш,BG321,5193,43.301971,25.604673
bg_settlement_69732,69732,Страхилово,Strahilovo,с.,VTR,tk_loan_management_bg.state_bg_VTR,VTR26,Полски Тръмбеш,BG321,5190,43.407463,25.565566
bg_settlement_02823,02823,Батак,Batak,с.,VTR,tk_loan_management_bg.state_bg_VTR,VTR22,Павликени,BG321,5228,43.349909,25.338769
bg_settlement_16290,16290,Горна Липница,Gorna Lipnitsa,с.,VTR,tk_loan_management_bg.state_bg_VTR,VTR22,Павликени,BG321,5227,43.300419,25.403233
bg_settlement_49429,49429,Мусина,Musina,с.,VTR,tk_loan_management_bg.state_bg_VTR,VTR22,Павликени,BG321,5247,43.155887,25.427407
bg_settlement_36289,36289,Караисен,Karaisen,с.,VTR,tk_loan_management_bg.state_bg_VTR,VTR22,Павликени,BG321,5230,43.378162,25.346214
bg_settlement_63080,63080,Росица,Rositsa,с.,VTR,tk_loan_management_bg.state_bg_VTR,VTR22,Павликени,BG321,5221,43.195954,25.25802
bg_settlement_55573,55573,Патреш,Patresh,с.,VTR,tk_loan_management_bg.state_bg_VTR,VTR22,Павликени,BG321,5225,43.292096,25.355378
bg_settlement_55508,55508,Паскалевец,Paskalevets,с.,VTR,tk_loan_management_bg.state_bg_VTR,VTR22,Павликени,BG321,5224,43.251704,25.485779
bg_settlement_55052,55052,Павликени,Pavlikeni,гр.,VTR,tk_loan_management_bg.state_bg_VTR,VTR22,Павликени,BG321,5200,43.240977,25.305803
bg_settlement_51295,51295,Недан,Nedan,с.,VTR,tk_loan_management_bg.state_bg_VTR,VTR22,Павликени,BG321,5231,43.303895,25.266263
bg_settlement_67475,67475,Сломер,Slomer,с.,VTR,tk_loan_management_bg.state_bg_VTR,VTR22,Павликени,BG321,5229,43.36469,25.302827
bg_settlement_21453,21453,Добри дял,Dobri dyal,с.,VTR,tk_loan_management_bg.state_bg_VTR,VTR20,Лясковец,BG321,5149,43.111728,25.831477
bg_settlement_47826,47826,Мерданя,Merdanya,с.,VTR,tk_loan_management_bg.state_bg_VTR,VTR20,Лясковец,BG321,5147,43.057728,25.783216
bg_settlement_20506,20506,Дедина,Dedina,с.,VTR,tk_loan_management_bg.state_bg_VTR,VTR14,Златарица,BG321,5089,43.035211,25.940633
bg_settlement_17213,17213,Горско ново село,Gorsko novo selo,с.,VTR,tk_loan_management_bg.state_bg_VTR,VTR14,Златарица,BG321,5075,43.088145,25.939081
bg_settlement_22232,22232,Долна Оряховица,Dolna Oryahovitsa,гр.,VTR,tk_loan_management_bg.state_bg_VTR,VTR06,Горна Оряховица,BG321,5130,43.160487,25.740834
bg_settlement_17124,17124,Горски долен Тръмбеш,Gorski dolen Trambesh,с.,VTR,tk_loan_management_bg.state_bg_VTR,VTR06,Горна Оряховица,BG321,5131,43.209451,25.836045
bg_settlement_16359,16359,Горна Оряховица,Gorna Oryahovitsa,гр.,VTR,tk_loan_management_bg.state_bg_VTR,VTR06,Горна Оряховица,BG321,5100,43.136885,25.692958
bg_settlement_59094,59094,Първомайци,Parvomaytsi,с.,VTR,tk_loan_management_bg.state_bg_VTR,VTR06,Горна Оряховица,BG321,5139,43.152875,25.65391
bg_settlement_56472,56472,Писарево,Pisarevo,с.,VTR,tk_loan_management_bg.state_bg_VTR,VTR06,Горна Оряховица,BG321,5127,43.15539,25.789132
bg_settlement_00299,00299,Александрово,Aleksandrovo,с.,LOV,tk_loan_management_bg.state_bg_LOV,LOV18,Ловеч,BG315,5560,43.263076,24.94029
bg_settlement_23666,23666,Дренов,Drenov,с.,LOV,tk_loan_management_bg.state_bg_LOV,LOV18,Ловеч,BG315,5562,43.283696,24.847771
bg_settlement_21823,21823,Дойренци,Doyrentsi,с.,LOV,tk_loan_management_bg.state_bg_LOV,LOV18,Ловеч,BG315,5550,43.235299,24.831096
bg_settlement_16002,16002,Горан,Goran,с.,LOV,tk_loan_management_bg.state_bg_LOV,LOV18,Ловеч,BG315,5552,43.202453,24.743518
bg_settlement_43952,43952,Ловеч,Lovech,гр.,LOV,tk_loan_management_bg.state_bg_LOV,LOV18,Ловеч,BG315,5500,43.136808,24.716214
bg_settlement_34093,34093,Йоглав,Yoglav,с.,LOV,tk_loan_management_bg.state_bg_LOV,LOV18,Ловеч,BG315,5553,43.208436,24.824189
bg_settlement_80039,80039,Чавдарци,Chavdartsi,с.,LOV,tk_loan_management_bg.state_bg_LOV,LOV18,Ловеч,BG315,5559,43.252546,24.995032
bg_settlement_75112,75112,Умаревци,Umarevtsi,с.,LOV,tk_loan_management_bg.state_bg_LOV,LOV18,Ловеч,BG315,5541,43.193919,24.783523
bg_settlement_67670,67670,Смочан,Smochan,с.,LOV,tk_loan_management_bg.state_bg_LOV,LOV18,Ловеч,BG315,5547,43.183296,24.800223
bg_settlement_40261,40261,Крушуна,Krushuna,с.,LOV,tk_loan_management_bg.state_bg_LOV,LOV17,Летница,BG315,5561,43.253598,25.034726
bg_settlement_32425,32425,Изворище,Izvorishte,с.,BGS,tk_loan_management_bg.state_bg_BGS,BGS04,Бургас,BG341,8116,42.656915,27.442313
bg_settlement_48409,48409,Миролюбово,Mirolyubovo,с.,BGS,tk_loan_management_bg.state_bg_BGS,BGS04,Бургас,BG341,8119,42.644758,27.363609
bg_settlement_03143,03143,Бежаново,Bezhanovo,с.,LOV,tk_loan_management_bg.state_bg_LOV,LOV19,Луковит,BG315,5792,43.22903,24.396464
bg_settlement_20688,20688,Дерманци,Dermantsi,с.,LOV,tk_loan_management_bg.state_bg_LOV,LOV19,Луковит,BG315,5780,43.151255,24.282212
bg_settlement_44327,44327,Луковит,Lukovit,гр.,LOV,tk_loan_management_bg.state_bg_LOV,LOV19,Луковит,BG315,5770,43.203544,24.164393
bg_settlement_63327,63327,Румянцево,Rumyantsevo,с.,LOV,tk_loan_management_bg.state_bg_LOV,LOV19,Луковит,BG315,5785,43.133628,24.153875
bg_settlement_56099,56099,Петревене,Petrevene,с.,LOV,tk_loan_management_bg.state_bg_LOV,LOV19,Луковит,BG315,5784,43.157165,24.148088
bg_settlement_85010,85010,Ъглен,Aglen,с.,LOV,tk_loan_management_bg.state_bg_LOV,LOV19,Луковит,BG315,5791,43.201151,24.314943
bg_settlement_72552,72552,Тодоричене,Todorichene,с.,LOV,tk_loan_management_bg.state_bg_LOV,LOV19,Луковит,BG315,5781,43.164437,24.178546
bg_settlement_47963,47963,Мечка,Mechka,с.,PVN,tk_loan_management_bg.state_bg_PVN,PVN24,Плевен,BG314,5843,43.522601,24.802563
bg_settlement_37856,37856,Коиловци,Koilovtsi,с.,PVN,tk_loan_management_bg.state_bg_PVN,PVN24,Плевен,BG314,5842,43.483584,24.759897
bg_settlement_67088,67088,Славяново,Slavyanovo,гр.,PVN,tk_loan_management_bg.state_bg_PVN,PVN24,Плевен,BG314,5840,43.465194,24.872197
bg_settlement_53583,53583,Опанец,Opanets,с.,PVN,tk_loan_management_bg.state_bg_PVN,PVN24,Плевен,BG314,5851,43.446324,24.577243
bg_settlement_56493,56493,Писарово,Pisarovo,с.,PVN,tk_loan_management_bg.state_bg_PVN,PVN23,Искър,BG314,5871,43.414916,24.275976
bg_settlement_80491,80491,Червен брег,Cherven breg,с.,KNL,tk_loan_management_bg.state_bg_KNL,KNL48,Дупница,BG415,2629,42.310673,23.175616
bg_settlement_27019,27019,Евлогиево,Evlogievo,с.,PVN,tk_loan_management_bg.state_bg_PVN,PVN21,Никопол,BG314,5965,43.627827,24.876712
bg_settlement_44536,44536,Любеново,Lyubenovo,с.,PVN,tk_loan_management_bg.state_bg_PVN,PVN21,Никопол,BG314,5955,43.612875,24.94067
bg_settlement_44152,44152,Лозица,Lozitsa,с.,PVN,tk_loan_management_bg.state_bg_PVN,PVN21,Никопол,BG314,5954,43.606676,25.005646
bg_settlement_06375,06375,Бреница,Brenitsa,с.,PVN,tk_loan_management_bg.state_bg_PVN,PVN39,Кнежа,BG314,5834,43.431805,24.132448
bg_settlement_27509,27509,Еница,Enitsa,с.,PVN,tk_loan_management_bg.state_bg_PVN,PVN39,Кнежа,BG314,5837,43.380071,24.063348
bg_settlement_37376,37376,Кнежа,Knezha,гр.,PVN,tk_loan_management_bg.state_bg_PVN,PVN39,Кнежа,BG314,5835,43.493071,24.080615
bg_settlement_69153,69153,Стежерово,Stezherovo,с.,PVN,tk_loan_management_bg.state_bg_PVN,PVN16,Левски,BG314,5920,43.501161,25.149307
bg_settlement_16537,16537,Горни Дъбник,Gorni Dabnik,с.,PVN,tk_loan_management_bg.state_bg_PVN,PVN11,Долни Дъбник,BG314,5880,43.379848,24.352688
bg_settlement_65070,65070,Садовец,Sadovets,с.,PVN,tk_loan_management_bg.state_bg_PVN,PVN11,Долни Дъбник,BG314,5896,43.307321,24.351038
bg_settlement_56201,56201,Петърница,Petarnitsa,с.,PVN,tk_loan_management_bg.state_bg_PVN,PVN11,Долни Дъбник,BG314,5878,43.327231,24.473494
bg_settlement_16345,16345,Горна Митрополия,Gorna Mitropolia,с.,PVN,tk_loan_management_bg.state_bg_PVN,PVN10,Долна Митрополия,BG314,5869,43.461925,24.459598
bg_settlement_73359,73359,Тръстеник,Trastenik,гр.,PVN,tk_loan_management_bg.state_bg_PVN,PVN10,Долна Митрополия,BG314,5857,43.520652,24.471607
bg_settlement_48204,48204,Милковица,Milkovitsa,с.,PVN,tk_loan_management_bg.state_bg_PVN,PVN08,Гулянци,BG314,5968,43.633153,24.742696
bg_settlement_43284,43284,Ленково,Lenkovo,с.,PVN,tk_loan_management_bg.state_bg_PVN,PVN08,Гулянци,BG314,5967,43.579327,24.711076
bg_settlement_11363,11363,Вишна,Vishna,с.,BGS,tk_loan_management_bg.state_bg_BGS,BGS18,Руен,BG341,8562,42.893161,27.184741
bg_settlement_04056,04056,Билка,Bilka,с.,BGS,tk_loan_management_bg.state_bg_BGS,BGS18,Руен,BG341,8551,42.935613,27.227934
bg_settlement_24757,24757,Дюля,Dyulya,с.,BGS,tk_loan_management_bg.state_bg_BGS,BGS18,Руен,BG341,8571,42.913786,27.125004
bg_settlement_24699,24699,Дъскотна,Daskotna,с.,BGS,tk_loan_management_bg.state_bg_BGS,BGS18,Руен,BG341,8561,42.87834,27.193168
bg_settlement_43880,43880,Листец,Listets,с.,BGS,tk_loan_management_bg.state_bg_BGS,BGS18,Руен,BG341,8573,42.866205,27.131949
bg_settlement_66706,66706,Скалак,Skalak,с.,BGS,tk_loan_management_bg.state_bg_BGS,BGS18,Руен,BG341,8575,42.806363,27.08845
bg_settlement_63598,63598,Ръжица,Razhitsa,с.,BGS,tk_loan_management_bg.state_bg_BGS,BGS18,Руен,BG341,8530,42.782684,27.395918
bg_settlement_63224,63224,Руен,Ruen,с.,BGS,tk_loan_management_bg.state_bg_BGS,BGS18,Руен,BG341,8540,42.799787,27.282236
bg_settlement_51055,51055,Преображенци,Preobrazhentsi,с.,BGS,tk_loan_management_bg.state_bg_BGS,BGS18,Руен,BG341,8541,42.796925,27.333674
bg_settlement_83154,83154,Шиварово,Shivarovo,с.,BGS,tk_loan_management_bg.state_bg_BGS,BGS18,Руен,BG341,8559,42.84008,27.177911
bg_settlement_80563,80563,Череша,Cheresha,с.,BGS,tk_loan_management_bg.state_bg_BGS,BGS18,Руен,BG341,8577,42.814559,27.13235
bg_settlement_73287,73287,Трънак,Tranak,с.,BGS,tk_loan_management_bg.state_bg_BGS,BGS18,Руен,BG341,8550,42.944174,27.211732
bg_settlement_40573,40573,Кулина вода,Kulina voda,с.,PVN,tk_loan_management_bg.state_bg_PVN,PVN03,Белене,BG314,5937,43.586874,25.03282
bg_settlement_56085,56085,Петокладенци,Petokladentsi,с.,PVN,tk_loan_management_bg.state_bg_PVN,PVN03,Белене,BG314,5933,43.523134,25.115729
bg_settlement_16540,16540,Горник,Gornik,с.,PVN,tk_loan_management_bg.state_bg_PVN,PVN37,Червен бряг,BG314,5991,43.287641,24.042753
bg_settlement_43311,43311,Лепица,Lepitsa,с.,PVN,tk_loan_management_bg.state_bg_PVN,PVN37,Червен бряг,BG314,5987,43.326564,24.031927
bg_settlement_63361,63361,Рупци,Ruptsi,с.,PVN,tk_loan_management_bg.state_bg_PVN,PVN37,Червен бряг,BG314,5994,43.272245,24.14536
bg_settlement_62503,62503,Реселец,Reselets,с.,PVN,tk_loan_management_bg.state_bg_PVN,PVN37,Червен бряг,BG314,5993,43.242855,24.038308
bg_settlement_61950,61950,Ракита,Rakita,с.,PVN,tk_loan_management_bg.state_bg_PVN,PVN37,Червен бряг,BG314,5998,43.269964,24.271743
bg_settlement_61580,61580,Радомирци,Radomirtsi,с.,PVN,tk_loan_management_bg.state_bg_PVN,PVN37,Червен бряг,BG314,5997,43.248561,24.193788
bg_settlement_80501,80501,Червен бряг,Cherven bryag,гр.,PVN,tk_loan_management_bg.state_bg_PVN,PVN37,Червен бряг,BG314,5980,43.280635,24.083301
bg_settlement_72206,72206,Телиш,Telish,с.,PVN,tk_loan_management_bg.state_bg_PVN,PVN37,Червен бряг,BG314,5990,43.327226,24.26074
bg_settlement_70281,70281,Сухаче,Suhache,с.,PVN,tk_loan_management_bg.state_bg_PVN,PVN37,Червен бряг,BG314,5988,43.312375,24.009355
bg_settlement_05493,05493,Борислав,Borislav,с.,PVN,tk_loan_management_bg.state_bg_PVN,PVN27,Пордим,BG314,5889,43.320061,24.965177
bg_settlement_12601,12601,Вълчитрън,Valchitran,с.,PVN,tk_loan_management_bg.state_bg_PVN,PVN27,Пордим,BG314,5890,43.328295,24.87021
bg_settlement_36614,36614,Катерица,Kateritsa,с.,PVN,tk_loan_management_bg.state_bg_PVN,PVN27,Пордим,BG314,5894,43.309926,24.91911
bg_settlement_35780,35780,Каменец,Kamenets,с.,PVN,tk_loan_management_bg.state_bg_PVN,PVN27,Пордим,BG314,5866,43.340281,25.004279
bg_settlement_51980,51980,Стамболийски,Stamboliyski,гр.,PDV,tk_loan_management_bg.state_bg_PDV,PDV41,Стамболийски,BG421,4210,42.133241,24.537919
bg_settlement_52221,52221,Ново село,Novo selo,с.,PDV,tk_loan_management_bg.state_bg_PDV,PDV41,Стамболийски,BG421,4221,42.104343,24.483515
bg_settlement_34028,34028,Йоаким Груево,Yoakim Gruevo,с.,PDV,tk_loan_management_bg.state_bg_PDV,PDV41,Стамболийски,BG421,4219,42.118623,24.565204
bg_settlement_40717,40717,Куртово Конаре,Kurtovo Konare,с.,PDV,tk_loan_management_bg.state_bg_PDV,PDV41,Стамболийски,BG421,4223,42.093155,24.498654
bg_settlement_37633,37633,Козаново,Kozanovo,с.,PDV,tk_loan_management_bg.state_bg_PDV,PDV01,Асеновград,BG421,4248,42.019615,24.968937
bg_settlement_38385,38385,Конуш,Konush,с.,PDV,tk_loan_management_bg.state_bg_PDV,PDV01,Асеновград,BG421,4268,42.067037,25.035948
bg_settlement_32341,32341,Избеглии,Izbeglii,с.,PDV,tk_loan_management_bg.state_bg_PDV,PDV01,Асеновград,BG421,4269,42.043188,25.004923
bg_settlement_06029,06029,Боянци,Boyantsi,с.,PDV,tk_loan_management_bg.state_bg_PDV,PDV01,Асеновград,BG421,4246,42.039453,24.945483
bg_settlement_57772,57772,Пордим,Pordim,гр.,PVN,tk_loan_management_bg.state_bg_PVN,PVN27,Пордим,BG314,5898,43.378146,24.847592
bg_settlement_53446,53446,Одърне,Odarne,с.,PVN,tk_loan_management_bg.state_bg_PVN,PVN27,Пордим,BG314,5893,43.340724,24.934371
bg_settlement_73794,73794,Тюркмен,Tyurkmen,с.,PDV,tk_loan_management_bg.state_bg_PDV,PDV07,Брезово,BG421,4157,42.278914,25.126502
bg_settlement_58983,58983,Пъдарско,Padarsko,с.,PDV,tk_loan_management_bg.state_bg_PDV,PDV07,Брезово,BG421,4158,42.346782,24.892083
bg_settlement_02703,02703,Баня,Banya,с.,BGS,tk_loan_management_bg.state_bg_BGS,BGS15,Несебър,BG341,8239,42.775641,27.818421
bg_settlement_27454,27454,Емона,Emona,с.,BGS,tk_loan_management_bg.state_bg_BGS,BGS15,Несебър,BG341,8252,42.714875,27.885635
bg_settlement_39164,39164,Кошарица,Kosharitsa,с.,BGS,tk_loan_management_bg.state_bg_BGS,BGS15,Несебър,BG341,8253,42.751793,27.695091
bg_settlement_14390,14390,Галатин,Galatin,с.,VRC,tk_loan_management_bg.state_bg_VRC,VRC21,Криводол,BG313,3071,43.410493,23.533756
bg_settlement_63567,63567,Ръжево Конаре,Razhevo Konare,с.,PDV,tk_loan_management_bg.state_bg_PDV,PDV12,Калояново,BG421,4170,42.337392,24.80603
bg_settlement_14996,14996,Главатар,Glavatar,с.,PDV,tk_loan_management_bg.state_bg_PDV,PDV12,Калояново,BG421,4171,42.332805,24.870081
bg_settlement_24582,24582,Дълго поле,Dalgo pole,с.,PDV,tk_loan_management_bg.state_bg_PDV,PDV12,Калояново,BG421,4195,42.318882,24.770361
bg_settlement_62102,62102,Раковсково,Rakovskovo,с.,BGS,tk_loan_management_bg.state_bg_BGS,BGS15,Несебър,BG341,8257,42.834427,27.735528
bg_settlement_32514,32514,Изгрев,Izgrev,с.,BGS,tk_loan_management_bg.state_bg_BGS,BGS13,Царево,BG341,8273,42.144759,27.801045
bg_settlement_43462,43462,Лесура,Lesura,с.,VRC,tk_loan_management_bg.state_bg_VRC,VRC21,Криводол,BG313,3073,43.462775,23.562414
bg_settlement_39846,39846,Криводол,Krivodol,гр.,VRC,tk_loan_management_bg.state_bg_VRC,VRC21,Криводол,BG313,3060,43.374292,23.479883
bg_settlement_39236,39236,Краводер,Kravoder,с.,VRC,tk_loan_management_bg.state_bg_VRC,VRC21,Криводол,BG313,3048,43.303486,23.410216
bg_settlement_61933,61933,Ракево,Rakevo,с.,VRC,tk_loan_management_bg.state_bg_VRC,VRC21,Криводол,BG313,3067,43.419472,23.438762
bg_settlement_58788,58788,Пудрия,Pudria,с.,VRC,tk_loan_management_bg.state_bg_VRC,VRC21,Криводол,BG313,3049,43.321865,23.424063
bg_settlement_54064,54064,Осен,Osen,с.,VRC,tk_loan_management_bg.state_bg_VRC,VRC21,Криводол,BG313,3059,43.388246,23.56512
bg_settlement_76193,76193,Фурен,Furen,с.,VRC,tk_loan_management_bg.state_bg_VRC,VRC21,Криводол,BG313,3075,43.510753,23.595891
bg_settlement_75143,75143,Уровене,Urovene,с.,VRC,tk_loan_management_bg.state_bg_VRC,VRC21,Криводол,BG313,3064,43.373165,23.408934
bg_settlement_69874,69874,Строево,Stroevo,с.,PDV,tk_loan_management_bg.state_bg_PDV,PDV17,Марица,BG421,4197,42.236837,24.687996
bg_settlement_73122,73122,Трилистник,Trilistnik,с.,PDV,tk_loan_management_bg.state_bg_PDV,PDV17,Марица,BG421,4141,42.20384,24.873011
bg_settlement_73242,73242,Труд,Trud,с.,PDV,tk_loan_management_bg.state_bg_PDV,PDV17,Марица,BG421,4199,42.230969,24.724754
bg_settlement_78080,78080,Царацово,Tsaratsovo,с.,PDV,tk_loan_management_bg.state_bg_PDV,PDV17,Марица,BG421,4204,42.199225,24.688772
bg_settlement_87669,87669,Ясно поле,Yasno pole,с.,PDV,tk_loan_management_bg.state_bg_PDV,PDV17,Марица,BG421,4139,42.231837,24.93883
bg_settlement_61412,61412,Радиново,Radinovo,с.,PDV,tk_loan_management_bg.state_bg_PDV,PDV17,Марица,BG421,4202,42.193145,24.638366
bg_settlement_62858,62858,Рогош,Rogosh,с.,PDV,tk_loan_management_bg.state_bg_PDV,PDV17,Марица,BG421,4140,42.181827,24.864634
bg_settlement_66915,66915,Скутаре,Skutare,с.,PDV,tk_loan_management_bg.state_bg_PDV,PDV17,Марица,BG421,4134,42.186928,24.840901
bg_settlement_35300,35300,Калековец,Kalekovets,с.,PDV,tk_loan_management_bg.state_bg_PDV,PDV17,Марица,BG421,4147,42.236385,24.823823
bg_settlement_38950,38950,Костиево,Kostievo,с.,PDV,tk_loan_management_bg.state_bg_PDV,PDV17,Марица,BG421,4205,42.178024,24.623773
bg_settlement_39918,39918,Крислово,Krislovo,с.,PDV,tk_loan_management_bg.state_bg_PDV,PDV17,Марица,BG421,4148,42.241158,24.794517
bg_settlement_47086,47086,Маноле,Manole,с.,PDV,tk_loan_management_bg.state_bg_PDV,PDV17,Марица,BG421,4137,42.188034,24.933553
bg_settlement_47113,47113,Манолско Конаре,Manolsko Konare,с.,PDV,tk_loan_management_bg.state_bg_PDV,PDV17,Марица,BG421,4138,42.207522,24.954127
bg_settlement_11845,11845,Войводиново,Voyvodinovo,с.,PDV,tk_loan_management_bg.state_bg_PDV,PDV17,Марица,BG421,4135,42.200248,24.795974
bg_settlement_12019,12019,Войсил,Voysil,с.,PDV,tk_loan_management_bg.state_bg_PDV,PDV17,Марица,BG421,4203,42.215942,24.628291
bg_settlement_17806,17806,Граф Игнатиево,Graf Ignatievo,с.,PDV,tk_loan_management_bg.state_bg_PDV,PDV17,Марица,BG421,4198,42.283956,24.733752
bg_settlement_21169,21169,Динк,Dink,с.,PDV,tk_loan_management_bg.state_bg_PDV,PDV17,Марица,BG421,4149,42.26872,24.801876
bg_settlement_29235,29235,Желязно,Zhelyazno,с.,PDV,tk_loan_management_bg.state_bg_PDV,PDV17,Марица,BG421,4136,42.215606,24.782187
bg_settlement_03839,03839,Бенковски,Benkovski,с.,PDV,tk_loan_management_bg.state_bg_PDV,PDV17,Марица,BG421,4201,42.208192,24.649914
bg_settlement_56784,56784,Пловдив,Plovdiv,гр.,PDV,tk_loan_management_bg.state_bg_PDV,PDV22,Пловдив,BG421,4000,42.143543,24.751459
bg_settlement_72093,72093,Татарево,Tatarevo,с.,PDV,tk_loan_management_bg.state_bg_PDV,PDV23,Първомай,BG421,4282,42.082999,25.126306
bg_settlement_57806,57806,Поройна,Poroyna,с.,PDV,tk_loan_management_bg.state_bg_PDV,PDV23,Първомай,BG421,4281,42.039222,25.136997
bg_settlement_58089,58089,Православен,Pravoslaven,с.,PDV,tk_loan_management_bg.state_bg_PDV,PDV23,Първомай,BG421,4287,42.041802,25.237912
bg_settlement_59080,59080,Първомай,Parvomay,гр.,PDV,tk_loan_management_bg.state_bg_PDV,PDV23,Първомай,BG421,4270,42.101888,25.219901
bg_settlement_36230,36230,Караджалово,Karadzhalovo,с.,PDV,tk_loan_management_bg.state_bg_PDV,PDV23,Първомай,BG421,4283,42.094527,25.318735
bg_settlement_40155,40155,Крушево,Krushevo,с.,PDV,tk_loan_management_bg.state_bg_PDV,PDV23,Първомай,BG421,4291,42.139269,25.230529
bg_settlement_17484,17484,Градина,Gradina,с.,PDV,tk_loan_management_bg.state_bg_PDV,PDV23,Първомай,BG421,4290,42.145694,25.208167
bg_settlement_21440,21440,Добри дол,Dobri dol,с.,PDV,tk_loan_management_bg.state_bg_PDV,PDV23,Първомай,BG421,4292,42.127996,25.311867
bg_settlement_23385,23385,Драгойново,Dragoynovo,с.,PDV,tk_loan_management_bg.state_bg_PDV,PDV23,Първомай,BG421,4293,41.994036,25.233958
bg_settlement_24493,24493,Дълбок извор,Dalbok izvor,с.,PDV,tk_loan_management_bg.state_bg_PDV,PDV23,Първомай,BG421,4280,42.026437,25.10604
bg_settlement_27139,27139,Езерово,Ezerovo,с.,PDV,tk_loan_management_bg.state_bg_PDV,PDV23,Първомай,BG421,4288,42.017773,25.29659
bg_settlement_07675,07675,Бяла река,Byala reka,с.,PDV,tk_loan_management_bg.state_bg_PDV,PDV23,Първомай,BG421,4285,42.058753,25.261507
bg_settlement_11123,11123,Виница,Vinitsa,с.,PDV,tk_loan_management_bg.state_bg_PDV,PDV23,Първомай,BG421,4284,42.135268,25.13627
bg_settlement_70010,70010,Стряма,Stryama,с.,PDV,tk_loan_management_bg.state_bg_PDV,PDV25,Раковски,BG421,4142,42.26074,24.881911
bg_settlement_80162,80162,Чалъкови,Chalakovi,с.,PDV,tk_loan_management_bg.state_bg_PDV,PDV25,Раковски,BG421,4123,42.161177,25.011624
bg_settlement_83380,83380,Шишманци,Shishmantsi,с.,PDV,tk_loan_management_bg.state_bg_PDV,PDV25,Раковски,BG421,4133,42.223098,24.997618
bg_settlement_62075,62075,Раковски,Rakovski,гр.,PDV,tk_loan_management_bg.state_bg_PDV,PDV25,Раковски,BG421,4150,42.290275,24.964832
bg_settlement_48948,48948,Момино село,Momino selo,с.,PDV,tk_loan_management_bg.state_bg_PDV,PDV25,Раковски,BG421,4143,42.309805,24.891854
bg_settlement_03620,03620,Белозем,Belozem,с.,PDV,tk_loan_management_bg.state_bg_PDV,PDV25,Раковски,BG421,4130,42.197286,25.046355
bg_settlement_05270,05270,Болярино,Bolyarino,с.,PDV,tk_loan_management_bg.state_bg_PDV,PDV25,Раковски,BG421,4132,42.237075,25.048775
bg_settlement_78029,78029,Цалапица,Tsalapitsa,с.,PDV,tk_loan_management_bg.state_bg_PDV,PDV26,Родопи,BG421,4218,42.184251,24.568529
bg_settlement_87240,87240,Ягодово,Yagodovo,с.,PDV,tk_loan_management_bg.state_bg_PDV,PDV26,Родопи,BG421,4113,42.110407,24.850112
bg_settlement_53833,53833,Оризари,Orizari,с.,PDV,tk_loan_management_bg.state_bg_PDV,PDV26,Родопи,BG421,4214,42.149024,24.638321
bg_settlement_35095,35095,Кадиево,Kadievo,с.,PDV,tk_loan_management_bg.state_bg_PDV,PDV26,Родопи,BG421,4213,42.131694,24.607271
bg_settlement_40004,40004,Крумово,Krumovo,с.,PDV,tk_loan_management_bg.state_bg_PDV,PDV26,Родопи,BG421,4112,42.085723,24.820872
bg_settlement_31036,31036,Златитрап,Zlatitrap,с.,PDV,tk_loan_management_bg.state_bg_PDV,PDV26,Родопи,BG421,4212,42.116079,24.63844
bg_settlement_06077,06077,Браниполе,Branipole,с.,PDV,tk_loan_management_bg.state_bg_PDV,PDV26,Родопи,BG421,4109,42.078056,24.756202
bg_settlement_20376,20376,Девене,Devene,с.,VRC,tk_loan_management_bg.state_bg_VRC,VRC10,Враца,BG313,3065,43.40928,23.612764
bg_settlement_15521,15521,Голямо Пещене,Golyamo Peshtene,с.,VRC,tk_loan_management_bg.state_bg_VRC,VRC10,Враца,BG313,3058,43.319214,23.738058
bg_settlement_43712,43712,Лиляче,Lilyache,с.,VRC,tk_loan_management_bg.state_bg_VRC,VRC10,Враца,BG313,3051,43.321542,23.522001
bg_settlement_81342,81342,Чешнегирово,Cheshnegirovo,с.,PDV,tk_loan_management_bg.state_bg_PDV,PDV28,Садово,BG421,4121,42.125768,24.970445
bg_settlement_57621,57621,Поповица,Popovitsa,с.,PDV,tk_loan_management_bg.state_bg_PDV,PDV28,Садово,BG421,4127,42.136354,25.054584
bg_settlement_65139,65139,Садово,Sadovo,гр.,PDV,tk_loan_management_bg.state_bg_PDV,PDV28,Садово,BG421,4122,42.13038,24.938511
bg_settlement_66127,66127,Селци,Seltsi,с.,PDV,tk_loan_management_bg.state_bg_PDV,PDV28,Садово,BG421,4129,42.127988,25.040848
bg_settlement_36244,36244,Караджово,Karadzhovo,с.,PDV,tk_loan_management_bg.state_bg_PDV,PDV28,Садово,BG421,4117,42.0969,24.904528
bg_settlement_36676,36676,Катуница,Katunitsa,с.,PDV,tk_loan_management_bg.state_bg_PDV,PDV28,Садово,BG421,4120,42.100293,24.87252
bg_settlement_39102,39102,Кочево,Kochevo,с.,PDV,tk_loan_management_bg.state_bg_PDV,PDV28,Садово,BG421,4119,42.101263,24.924388
bg_settlement_48152,48152,Милево,Milevo,с.,PDV,tk_loan_management_bg.state_bg_PDV,PDV28,Садово,BG421,4131,42.150339,25.094351
bg_settlement_48965,48965,Моминско,Mominsko,с.,PDV,tk_loan_management_bg.state_bg_PDV,PDV28,Садово,BG421,4118,42.073522,24.914146
bg_settlement_00847,00847,Ахматово,Ahmatovo,с.,PDV,tk_loan_management_bg.state_bg_PDV,PDV28,Садово,BG421,4128,42.110708,25.051541
bg_settlement_04594,04594,Богданица,Bogdanitsa,с.,PDV,tk_loan_management_bg.state_bg_PDV,PDV28,Садово,BG421,4115,42.103926,25.026486
bg_settlement_05339,05339,Болярци,Bolyartsi,с.,PDV,tk_loan_management_bg.state_bg_PDV,PDV28,Садово,BG421,4114,42.067452,24.955674
bg_settlement_70528,70528,Съединение,Saedinenie,гр.,PDV,tk_loan_management_bg.state_bg_PDV,PDV33,Съединение,BG421,4190,42.268089,24.542168
bg_settlement_49624,49624,Мътеница,Matenitsa,с.,PDV,tk_loan_management_bg.state_bg_PDV,PDV37,Хисаря,BG421,4176,42.50773,24.612356
bg_settlement_39921,39921,Кричим,Krichim,гр.,PDV,tk_loan_management_bg.state_bg_PDV,PDV39,Кричим,BG421,4220,42.043672,24.466843
bg_settlement_18054,18054,Гугутка,Gugutka,с.,HKV,tk_loan_management_bg.state_bg_HKV,HKV11,Ивайловград,BG422,6590,41.416824,25.923914
bg_settlement_23056,23056,Драбишна,Drabishna,с.,HKV,tk_loan_management_bg.state_bg_HKV,HKV11,Ивайловград,BG422,6577,41.501205,26.157146
bg_settlement_03424,03424,Бели дол,Beli dol,с.,HKV,tk_loan_management_bg.state_bg_HKV,HKV11,Ивайловград,BG422,6590,41.409679,25.955913
bg_settlement_03695,03695,Белополяне,Belopolyane,с.,HKV,tk_loan_management_bg.state_bg_HKV,HKV11,Ивайловград,BG422,6584,41.457317,26.150003
bg_settlement_02810,02810,Бата,Bata,с.,BGS,tk_loan_management_bg.state_bg_BGS,BGS17,Поморие,BG341,8218,42.736292,27.491656
bg_settlement_04176,04176,Бистрец,Bistrets,с.,BGS,tk_loan_management_bg.state_bg_BGS,BGS06,Средец,BG341,8334,42.314164,27.015412
bg_settlement_31379,31379,Зорница,Zornitsa,с.,BGS,tk_loan_management_bg.state_bg_BGS,BGS06,Средец,BG341,8313,42.384838,26.930948
bg_settlement_17720,17720,Гранитец,Granitets,с.,BGS,tk_loan_management_bg.state_bg_BGS,BGS06,Средец,BG341,8333,42.244418,26.960068
bg_settlement_14057,14057,Габерово,Gaberovo,с.,BGS,tk_loan_management_bg.state_bg_BGS,BGS17,Поморие,BG341,8212,42.697015,27.525911
bg_settlement_47651,47651,Медово,Medovo,с.,BGS,tk_loan_management_bg.state_bg_BGS,BGS17,Поморие,BG341,8214,42.695683,27.570783
bg_settlement_38769,38769,Косовец,Kosovets,с.,BGS,tk_loan_management_bg.state_bg_BGS,BGS17,Поморие,BG341,8223,42.75502,27.439337
bg_settlement_35033,35033,Каблешково,Kableshkovo,гр.,BGS,tk_loan_management_bg.state_bg_BGS,BGS17,Поморие,BG341,8210,42.658351,27.571018
bg_settlement_73119,73119,Три кладенци,Tri kladentsi,с.,VRC,tk_loan_management_bg.state_bg_VRC,VRC10,Враца,BG313,3072,43.444455,23.594347
bg_settlement_07702,07702,Бяла Слатина,Byala Slatina,гр.,VRC,tk_loan_management_bg.state_bg_VRC,VRC08,Бяла Слатина,BG313,3200,43.470406,23.937209
bg_settlement_07538,07538,Бъркачево,Barkachevo,с.,VRC,tk_loan_management_bg.state_bg_VRC,VRC08,Бяла Слатина,BG313,3245,43.407382,23.930432
bg_settlement_07418,07418,Бърдарски геран,Bardarski geran,с.,VRC,tk_loan_management_bg.state_bg_VRC,VRC08,Бяла Слатина,BG313,3259,43.547112,23.95219
bg_settlement_12214,12214,Враняк,Vranyak,с.,VRC,tk_loan_management_bg.state_bg_VRC,VRC08,Бяла Слатина,BG313,3248,43.372335,23.931014
bg_settlement_38128,38128,Комарево,Komarevo,с.,VRC,tk_loan_management_bg.state_bg_VRC,VRC08,Бяла Слатина,BG313,3247,43.379175,23.865337
bg_settlement_57594,57594,Попица,Popitsa,с.,VRC,tk_loan_management_bg.state_bg_VRC,VRC08,Бяла Слатина,BG313,3244,43.428084,23.956106
bg_settlement_67146,67146,Сладун,Sladun,с.,HKV,tk_loan_management_bg.state_bg_HKV,HKV28,Свиленград,BG422,6534,41.852034,26.458626
bg_settlement_59183,59183,Пъстрогор,Pastrogor,с.,HKV,tk_loan_management_bg.state_bg_HKV,HKV28,Свиленград,BG422,6519,41.83882,26.19699
bg_settlement_61844,61844,Райкова могила,Raykova mogila,с.,HKV,tk_loan_management_bg.state_bg_HKV,HKV28,Свиленград,BG422,6525,41.820862,26.301345
bg_settlement_66370,66370,Сива река,Siva reka,с.,HKV,tk_loan_management_bg.state_bg_HKV,HKV28,Свиленград,BG422,6522,41.779066,26.076599
bg_settlement_47737,47737,Мезек,Mezek,с.,HKV,tk_loan_management_bg.state_bg_HKV,HKV28,Свиленград,BG422,6521,41.738998,26.089769
bg_settlement_47468,47468,Маточина,Matochina,с.,HKV,tk_loan_management_bg.state_bg_HKV,HKV28,Свиленград,BG422,6535,41.850225,26.541961
bg_settlement_48979,48979,Момково,Momkovo,с.,HKV,tk_loan_management_bg.state_bg_HKV,HKV28,Свиленград,BG422,6542,41.846792,26.14856
bg_settlement_21078,21078,Димитровче,Dimitrovche,с.,HKV,tk_loan_management_bg.state_bg_HKV,HKV28,Свиленград,BG422,6518,41.814368,26.251799
bg_settlement_10152,10152,Варник,Varnik,с.,HKV,tk_loan_management_bg.state_bg_HKV,HKV28,Свиленград,BG422,6536,41.866998,26.512405
bg_settlement_69688,69688,Странджево,Strandzhevo,с.,KRZ,tk_loan_management_bg.state_bg_KRZ,KRZ15,Крумовград,BG425,6929,41.639202,25.766682
bg_settlement_70104,70104,Студен кладенец,Studen kladenets,с.,KRZ,tk_loan_management_bg.state_bg_KRZ,KRZ15,Крумовград,BG425,6958,41.606944,25.640963
bg_settlement_39058,39058,Котлари,Kotlari,с.,KRZ,tk_loan_management_bg.state_bg_KRZ,KRZ15,Крумовград,BG425,6957,41.621474,25.744591
bg_settlement_06728,06728,Бряговец,Bryagovets,с.,KRZ,tk_loan_management_bg.state_bg_KRZ,KRZ15,Крумовград,BG425,6929,41.645891,25.789558
bg_settlement_73208,73208,Троян,Troyan,с.,HKV,tk_loan_management_bg.state_bg_HKV,HKV29,Симеоновград,BG422,6491,42.061653,25.906623
bg_settlement_73821,73821,Тянево,Tyanevo,с.,HKV,tk_loan_management_bg.state_bg_HKV,HKV29,Симеоновград,BG422,6492,42.053826,25.986447
bg_settlement_51010,51010,Навъсен,Navasen,с.,HKV,tk_loan_management_bg.state_bg_HKV,HKV29,Симеоновград,BG422,6497,42.10017,25.883728
bg_settlement_65721,65721,Свирково,Svirkovo,с.,HKV,tk_loan_management_bg.state_bg_HKV,HKV29,Симеоновград,BG422,6499,42.029292,25.919943
bg_settlement_38368,38368,Константиново,Konstantinovo,с.,HKV,tk_loan_management_bg.state_bg_HKV,HKV29,Симеоновград,BG422,6494,41.993835,25.793006
bg_settlement_47278,47278,Симеоновград,Simeonovgrad,гр.,HKV,tk_loan_management_bg.state_bg_HKV,HKV29,Симеоновград,BG422,6490,42.032345,25.834494
bg_settlement_23964,23964,Дряново,Dryanovo,с.,HKV,tk_loan_management_bg.state_bg_HKV,HKV29,Симеоновград,BG422,6493,42.08145,25.936007
bg_settlement_73585,73585,Тънково,Tankovo,с.,HKV,tk_loan_management_bg.state_bg_HKV,HKV30,Стамболово,BG422,6391,41.74282,25.773504
bg_settlement_61025,61025,Рабово,Rabovo,с.,HKV,tk_loan_management_bg.state_bg_HKV,HKV30,Стамболово,BG422,6384,41.622511,25.665722
bg_settlement_22887,22887,Долно Черковище,Dolno Cherkovishte,с.,HKV,tk_loan_management_bg.state_bg_HKV,HKV30,Стамболово,BG422,6381,41.638795,25.739781
bg_settlement_29550,29550,Жълти бряг,Zhalti bryag,с.,HKV,tk_loan_management_bg.state_bg_HKV,HKV30,Стамболово,BG422,6368,41.804039,25.624481
bg_settlement_15816,15816,Голямо Буково,Golyamo Bukovo,с.,BGS,tk_loan_management_bg.state_bg_BGS,BGS06,Средец,BG341,8329,42.190044,27.184292
bg_settlement_46348,46348,Малина,Malina,с.,BGS,tk_loan_management_bg.state_bg_BGS,BGS06,Средец,BG341,8327,42.416712,26.999856
bg_settlement_81654,81654,Чукарово,Chukarovo,с.,HKV,tk_loan_management_bg.state_bg_HKV,HKV32,Тополовград,BG422,6560,42.147162,26.387593
bg_settlement_53895,53895,Орлов дол,Orlov dol,с.,HKV,tk_loan_management_bg.state_bg_HKV,HKV32,Тополовград,BG422,6545,42.117555,26.184694
bg_settlement_58428,58428,Присадец,Prisadets,с.,HKV,tk_loan_management_bg.state_bg_HKV,HKV32,Тополовград,BG422,6564,41.896529,26.534647
bg_settlement_66487,66487,Синапово,Sinapovo,с.,HKV,tk_loan_management_bg.state_bg_HKV,HKV32,Тополовград,BG422,6567,42.121921,26.465308
bg_settlement_37407,37407,Княжево,Knyazhevo,с.,HKV,tk_loan_management_bg.state_bg_HKV,HKV32,Тополовград,BG422,6566,42.109605,26.502073
bg_settlement_11435,11435,Владимирово,Vladimirovo,с.,HKV,tk_loan_management_bg.state_bg_HKV,HKV32,Тополовград,BG422,6545,42.128564,26.142516
bg_settlement_21659,21659,Доброселец,Dobroselets,с.,HKV,tk_loan_management_bg.state_bg_HKV,HKV32,Тополовград,BG422,6560,42.149249,26.308349
bg_settlement_40419,40419,Кубадин,Kubadin,с.,BGS,tk_loan_management_bg.state_bg_BGS,BGS06,Средец,BG341,8335,42.305981,26.947512
bg_settlement_66585,66585,Синьо камене,Sinyo kamene,с.,BGS,tk_loan_management_bg.state_bg_BGS,BGS06,Средец,BG341,8332,42.25889,26.982815
bg_settlement_63055,63055,Росеново,Rosenovo,с.,BGS,tk_loan_management_bg.state_bg_BGS,BGS06,Средец,BG341,8318,42.291113,27.228123
bg_settlement_59015,59015,Пънчево,Panchevo,с.,BGS,tk_loan_management_bg.state_bg_BGS,BGS06,Средец,BG341,8317,42.276799,27.155266
bg_settlement_67581,67581,Смирненци,Smirnentsi,с.,HKV,tk_loan_management_bg.state_bg_HKV,HKV33,Харманли,BG422,6467,41.805246,25.876371
bg_settlement_83377,83377,Шишманово,Shishmanovo,с.,HKV,tk_loan_management_bg.state_bg_HKV,HKV33,Харманли,BG422,6458,41.982279,25.925802
bg_settlement_57434,57434,Поляново,Polyanovo,с.,HKV,tk_loan_management_bg.state_bg_HKV,HKV33,Харманли,BG422,6464,41.969524,25.819331
bg_settlement_58244,58244,Преславец,Preslavets,с.,HKV,tk_loan_management_bg.state_bg_HKV,HKV33,Харманли,BG422,6454,41.97825,25.880684
bg_settlement_62832,62832,Рогозиново,Rogozinovo,с.,HKV,tk_loan_management_bg.state_bg_HKV,HKV33,Харманли,BG422,6469,41.921407,25.967006
bg_settlement_67101,67101,Славяново,Slavyanovo,с.,HKV,tk_loan_management_bg.state_bg_HKV,HKV33,Харманли,BG422,6473,41.807919,25.780364
bg_settlement_43548,43548,Лешниково,Leshnikovo,с.,HKV,tk_loan_management_bg.state_bg_HKV,HKV33,Харманли,BG422,6466,41.843573,25.911243
bg_settlement_32100,32100,Иваново,Ivanovo,с.,HKV,tk_loan_management_bg.state_bg_HKV,HKV33,Харманли,BG422,6465,41.850537,25.877345
bg_settlement_05298,05298,Болярски извор,Bolyarski izvor,с.,HKV,tk_loan_management_bg.state_bg_HKV,HKV33,Харманли,BG422,6474,41.802537,25.818287
bg_settlement_07315,07315,Българин,Balgarin,с.,HKV,tk_loan_management_bg.state_bg_HKV,HKV33,Харманли,BG422,6460,41.954997,25.954326
bg_settlement_53984,53984,Орлинци,Orlintsi,с.,BGS,tk_loan_management_bg.state_bg_BGS,BGS06,Средец,BG341,8325,42.43318,27.032942
bg_settlement_76039,76039,Факия,Fakia,с.,BGS,tk_loan_management_bg.state_bg_BGS,BGS06,Средец,BG341,8340,42.187937,27.086823
bg_settlement_72059,72059,Вълчаново,Valchanovo,с.,BGS,tk_loan_management_bg.state_bg_BGS,BGS06,Средец,BG341,8341,42.261975,27.067299
bg_settlement_68692,68692,Стамболийски,Stamboliyski,с.,HKV,tk_loan_management_bg.state_bg_HKV,HKV34,Хасково,BG422,6311,41.908411,25.632918
bg_settlement_69359,69359,Стойково,Stoykovo,с.,HKV,tk_loan_management_bg.state_bg_HKV,HKV34,Хасково,BG422,6341,41.92397,25.723912
bg_settlement_75085,75085,Узунджово,Uzundzhovo,с.,HKV,tk_loan_management_bg.state_bg_HKV,HKV34,Хасково,BG422,6350,41.964424,25.656275
bg_settlement_77195,77195,Хасково,Haskovo,гр.,HKV,tk_loan_management_bg.state_bg_HKV,HKV34,Хасково,BG422,6300,41.934594,25.555545
bg_settlement_51891,51891,Нова Надежда,Nova Nadezhda,с.,HKV,tk_loan_management_bg.state_bg_HKV,HKV34,Хасково,BG422,6330,42.017026,25.721778
bg_settlement_57042,57042,Подкрепа,Podkrepa,с.,HKV,tk_loan_management_bg.state_bg_HKV,HKV34,Хасково,BG422,6312,41.918677,25.679614
bg_settlement_62880,62880,Родопи,Rodopi,с.,HKV,tk_loan_management_bg.state_bg_HKV,HKV34,Хасково,BG422,6356,41.921414,25.757572
bg_settlement_37321,37321,Клокотница,Klokotnitsa,с.,HKV,tk_loan_management_bg.state_bg_HKV,HKV34,Хасково,BG422,6310,41.993105,25.494458
bg_settlement_37383,37383,Книжовник,Knizhovnik,с.,HKV,tk_loan_management_bg.state_bg_HKV,HKV34,Хасково,BG422,6390,41.825834,25.607785
bg_settlement_38399,38399,Конуш,Konush,с.,HKV,tk_loan_management_bg.state_bg_HKV,HKV34,Хасково,BG422,6370,41.860889,25.515683
bg_settlement_38580,38580,Корен,Koren,с.,HKV,tk_loan_management_bg.state_bg_HKV,HKV34,Хасково,BG422,6392,41.822196,25.675661
bg_settlement_46293,46293,Малево,Malevo,с.,HKV,tk_loan_management_bg.state_bg_HKV,HKV34,Хасково,BG422,6392,41.858473,25.629924
bg_settlement_46992,46992,Манастир,Manastir,с.,HKV,tk_loan_management_bg.state_bg_HKV,HKV34,Хасково,BG422,6390,41.860283,25.581651
bg_settlement_11867,11867,Войводово,Voyvodovo,с.,HKV,tk_loan_management_bg.state_bg_HKV,HKV34,Хасково,BG422,6353,41.855975,25.545913
bg_settlement_14550,14550,Гарваново,Garvanovo,с.,HKV,tk_loan_management_bg.state_bg_HKV,HKV34,Хасково,BG422,6349,41.968327,25.441835
bg_settlement_21155,21155,Динево,Dinevo,с.,HKV,tk_loan_management_bg.state_bg_HKV,HKV34,Хасково,BG422,6340,41.887602,25.698776
bg_settlement_24949,24949,Долно Големанци,Dolno Golemantsi,с.,HKV,tk_loan_management_bg.state_bg_HKV,HKV34,Хасково,BG422,6358,41.789502,25.500041
bg_settlement_06759,06759,Брягово,Bryagovo,с.,HKV,tk_loan_management_bg.state_bg_HKV,HKV34,Хасково,BG422,6355,41.914943,25.784735
bg_settlement_70322,70322,Суходол,Suhodol,с.,BGS,tk_loan_management_bg.state_bg_BGS,BGS06,Средец,BG341,8328,42.438868,27.081156
bg_settlement_68669,68669,Сталево,Stalevo,с.,HKV,tk_loan_management_bg.state_bg_HKV,HKV09,Димитровград,BG422,6433,42.080045,25.393611
bg_settlement_69691,69691,Странско,Stransko,с.,HKV,tk_loan_management_bg.state_bg_HKV,HKV09,Димитровград,BG422,6428,42.165472,25.602134
bg_settlement_76087,76087,Върбица,Varbitsa,с.,HKV,tk_loan_management_bg.state_bg_HKV,HKV09,Димитровград,BG422,6445,42.050745,25.343021
bg_settlement_81092,81092,Черногорово,Chernogorovo,с.,HKV,tk_loan_management_bg.state_bg_HKV,HKV09,Димитровград,BG422,6411,42.028978,25.650871
bg_settlement_87076,87076,Ябълково,Yabalkovo,с.,HKV,tk_loan_management_bg.state_bg_HKV,HKV09,Димитровград,BG422,6440,42.069909,25.44114
bg_settlement_61368,61368,Радиево,Radievo,с.,HKV,tk_loan_management_bg.state_bg_HKV,HKV09,Димитровград,BG422,6427,42.095701,25.624441
bg_settlement_66831,66831,Скобелево,Skobelevo,с.,HKV,tk_loan_management_bg.state_bg_HKV,HKV09,Димитровград,BG422,6429,42.095683,25.365256
bg_settlement_36573,36573,Каснаково,Kasnakovo,с.,HKV,tk_loan_management_bg.state_bg_HKV,HKV09,Димитровград,BG422,6439,42.012712,25.490272
bg_settlement_39966,39966,Крум,Krum,с.,HKV,tk_loan_management_bg.state_bg_HKV,HKV09,Димитровград,BG422,6438,42.058147,25.503351
bg_settlement_46543,46543,Малко Асеново,Malko Asenovo,с.,HKV,tk_loan_management_bg.state_bg_HKV,HKV09,Димитровград,BG422,6425,42.111723,25.681854
bg_settlement_47843,47843,Меричлери,Merichleri,гр.,HKV,tk_loan_management_bg.state_bg_HKV,HKV09,Димитровград,BG422,6430,42.132906,25.499251
bg_settlement_11644,11644,Воден,Voden,с.,HKV,tk_loan_management_bg.state_bg_HKV,HKV09,Димитровград,BG422,6412,42.010507,25.657367
bg_settlement_15792,15792,Голямо Асеново,Golyamo Asenovo,с.,HKV,tk_loan_management_bg.state_bg_HKV,HKV09,Димитровград,BG422,6424,42.104012,25.675528
bg_settlement_17141,17141,Горски извор,Gorski izvor,с.,HKV,tk_loan_management_bg.state_bg_HKV,HKV09,Димитровград,BG422,6420,42.021401,25.425047
bg_settlement_21052,21052,Димитровград,Dimitrovgrad,гр.,HKV,tk_loan_management_bg.state_bg_HKV,HKV09,Димитровград,BG422,6400,42.056096,25.588163
bg_settlement_21258,21258,Длъгнево,Dlagnevo,с.,HKV,tk_loan_management_bg.state_bg_HKV,HKV09,Димитровград,BG422,6432,42.118037,25.54587
bg_settlement_21539,21539,Добрич,Dobrich,с.,HKV,tk_loan_management_bg.state_bg_HKV,HKV09,Димитровград,BG422,6437,42.029349,25.522503
bg_settlement_22561,22561,Долно Белево,Dolno Belevo,с.,HKV,tk_loan_management_bg.state_bg_HKV,HKV09,Димитровград,BG422,6422,42.074023,25.713809
bg_settlement_30658,30658,Здравец,Zdravets,с.,HKV,tk_loan_management_bg.state_bg_HKV,HKV09,Димитровград,BG422,6435,42.141565,25.571058
bg_settlement_04844,04844,Бодрово,Bodrovo,с.,HKV,tk_loan_management_bg.state_bg_HKV,HKV09,Димитровград,BG422,6446,42.026601,25.318047
bg_settlement_06762,06762,Бряст,Bryast,с.,HKV,tk_loan_management_bg.state_bg_HKV,HKV09,Димитровград,BG422,6434,42.106345,25.587028
bg_settlement_10375,10375,Великан,Velikan,с.,HKV,tk_loan_management_bg.state_bg_HKV,HKV09,Димитровград,BG422,6431,42.105563,25.453984
bg_settlement_47545,47545,Меден бук,Meden buk,с.,HKV,tk_loan_management_bg.state_bg_HKV,HKV11,Ивайловград,BG422,6598,41.376161,26.035018
bg_settlement_73660,73660,Търнак,Tarnak,с.,VRC,tk_loan_management_bg.state_bg_VRC,VRC08,Бяла Слатина,BG313,3249,43.444806,24.023703
bg_settlement_67845,67845,Соколаре,Sokolare,с.,VRC,tk_loan_management_bg.state_bg_VRC,VRC08,Бяла Слатина,BG313,3258,43.432107,23.867282
bg_settlement_34014,34014,Йерусалимово,Yerusalimovo,с.,HKV,tk_loan_management_bg.state_bg_HKV,HKV17,Любимец,BG422,6551,41.894098,26.102339
bg_settlement_44077,44077,Лозен,Lozen,с.,HKV,tk_loan_management_bg.state_bg_HKV,HKV17,Любимец,BG422,6552,41.802896,26.027482
bg_settlement_14787,14787,Георги Добрево,Georgi Dobrevo,с.,HKV,tk_loan_management_bg.state_bg_HKV,HKV17,Любимец,BG422,6559,41.863627,26.13566
bg_settlement_24311,24311,Дъбовец,Dabovets,с.,HKV,tk_loan_management_bg.state_bg_HKV,HKV17,Любимец,BG422,6587,41.667701,25.992822
bg_settlement_03544,03544,Белица,Belitsa,с.,HKV,tk_loan_management_bg.state_bg_HKV,HKV17,Любимец,BG422,6557,41.827621,26.005845
bg_settlement_72792,72792,Тополово,Topolovo,с.,HKV,tk_loan_management_bg.state_bg_HKV,HKV18,Маджарово,BG422,6452,41.678542,25.770352
bg_settlement_46084,46084,Маджарово,Madzharovo,гр.,HKV,tk_loan_management_bg.state_bg_HKV,HKV18,Маджарово,BG422,6480,41.632924,25.860654
bg_settlement_46632,46632,Малко Попово,Malko Popovo,с.,HKV,tk_loan_management_bg.state_bg_HKV,HKV18,Маджарово,BG422,6482,41.604258,25.905207
bg_settlement_16496,16496,Горни Главанак,Gorni Glavanak,с.,HKV,tk_loan_management_bg.state_bg_HKV,HKV18,Маджарово,BG422,6485,41.677161,25.823743
bg_settlement_05503,05503,Бориславци,Borislavtsi,с.,HKV,tk_loan_management_bg.state_bg_HKV,HKV18,Маджарово,BG422,6478,41.661097,25.925275
bg_settlement_17693,17693,Граматиково,Gramatikovo,с.,BGS,tk_loan_management_bg.state_bg_BGS,BGS12,Малко Търново,BG341,8166,42.062624,27.65428
bg_settlement_05548,05548,Борован,Borovan,с.,VRC,tk_loan_management_bg.state_bg_VRC,VRC05,Борован,BG313,3240,43.427409,23.754278
bg_settlement_21600,21600,Добролево,Dobrolevo,с.,VRC,tk_loan_management_bg.state_bg_VRC,VRC05,Борован,BG313,3253,43.497849,23.784579
bg_settlement_46810,46810,Малорад,Malorad,с.,VRC,tk_loan_management_bg.state_bg_VRC,VRC05,Борован,BG313,3255,43.490685,23.686585
bg_settlement_66617,66617,Сираково,Sirakovo,с.,VRC,tk_loan_management_bg.state_bg_VRC,VRC05,Борован,BG313,3254,43.516565,23.759738
bg_settlement_51559,51559,Нивянин,Nivyanin,с.,VRC,tk_loan_management_bg.state_bg_VRC,VRC05,Борован,BG313,3241,43.377318,23.800755
bg_settlement_07497,07497,Бързина,Barzina,с.,VRC,tk_loan_management_bg.state_bg_VRC,VRC35,Хайредин,BG313,3359,43.553917,23.717161
bg_settlement_62815,62815,Рогозен,Rogozen,с.,VRC,tk_loan_management_bg.state_bg_VRC,VRC35,Хайредин,BG313,3360,43.519387,23.706597
bg_settlement_48667,48667,Младежко,Mladezhko,с.,BGS,tk_loan_management_bg.state_bg_BGS,BGS12,Малко Търново,BG341,8173,42.152823,27.369666
bg_settlement_40645,40645,Кунино,Kunino,с.,VRC,tk_loan_management_bg.state_bg_VRC,VRC32,Роман,BG313,3140,43.187782,23.996887
bg_settlement_62997,62997,Роман,Roman,гр.,VRC,tk_loan_management_bg.state_bg_VRC,VRC32,Роман,BG313,3130,43.141339,23.925366
bg_settlement_61488,61488,Радовене,Radovene,с.,VRC,tk_loan_management_bg.state_bg_VRC,VRC32,Роман,BG313,3144,43.159048,23.960924
bg_settlement_53335,53335,Огняново,Ognyanovo,с.,PAZ,tk_loan_management_bg.state_bg_PAZ,PAZ19,Пазарджик,BG423,4417,42.147486,24.413863
bg_settlement_66559,66559,Синитово,Sinitovo,с.,PAZ,tk_loan_management_bg.state_bg_PAZ,PAZ19,Пазарджик,BG423,4442,42.148688,24.375349
bg_settlement_48444,48444,Мирянци,Miryantsi,с.,PAZ,tk_loan_management_bg.state_bg_PAZ,PAZ19,Пазарджик,BG423,4443,42.159201,24.36456
bg_settlement_73095,73095,Тригорци,Trigortsi,с.,DOB,tk_loan_management_bg.state_bg_DOB,DOB03,Балчик,BG332,9645,43.535019,28.197375
bg_settlement_78639,78639,Църква,Tsarkva,с.,DOB,tk_loan_management_bg.state_bg_DOB,DOB03,Балчик,BG332,9631,43.414804,28.016191
bg_settlement_62788,62788,Рогачево,Rogachevo,с.,DOB,tk_loan_management_bg.state_bg_DOB,DOB03,Балчик,BG332,9632,43.37979,28.02431
bg_settlement_36453,36453,Карвуна,Karvuna,с.,DOB,tk_loan_management_bg.state_bg_DOB,DOB03,Балчик,BG332,9619,43.474199,28.02399
bg_settlement_18160,18160,Гурково,Gurkovo,с.,DOB,tk_loan_management_bg.state_bg_DOB,DOB03,Балчик,BG332,9644,43.485477,28.220638
bg_settlement_06793,06793,Брястово,Bryastovo,с.,DOB,tk_loan_management_bg.state_bg_DOB,DOB03,Балчик,BG332,9647,43.457184,28.205022
bg_settlement_67756,67756,Сноп,Snop,с.,DOB,tk_loan_management_bg.state_bg_DOB,DOB12,Генерал Тошево,BG332,9557,43.796802,27.880419
bg_settlement_67773,67773,Снягово,Snyagovo,с.,DOB,tk_loan_management_bg.state_bg_DOB,DOB12,Генерал Тошево,BG332,9533,43.752698,28.062418
bg_settlement_68196,68196,Спасово,Spasovo,с.,DOB,tk_loan_management_bg.state_bg_DOB,DOB12,Генерал Тошево,BG332,9561,43.702257,28.301011
bg_settlement_68326,68326,Средина,Sredina,с.,DOB,tk_loan_management_bg.state_bg_DOB,DOB12,Генерал Тошево,BG332,9546,43.624386,28.237248
bg_settlement_75068,75068,Узово,Uzovo,с.,DOB,tk_loan_management_bg.state_bg_DOB,DOB12,Генерал Тошево,BG332,9554,43.769428,27.910841
bg_settlement_81219,81219,Чернооково,Chernookovo,с.,DOB,tk_loan_management_bg.state_bg_DOB,DOB12,Генерал Тошево,BG332,9532,43.71011,28.168843
bg_settlement_53391,53391,Огражден,Ograzhden,с.,DOB,tk_loan_management_bg.state_bg_DOB,DOB12,Генерал Тошево,BG332,9529,43.784646,28.100698
bg_settlement_56509,56509,Писарово,Pisarovo,с.,DOB,tk_loan_management_bg.state_bg_DOB,DOB12,Генерал Тошево,BG332,9527,43.699345,28.104033
bg_settlement_58181,58181,Преселенци,Preselentsi,с.,DOB,tk_loan_management_bg.state_bg_DOB,DOB12,Генерал Тошево,BG332,9558,43.643427,28.133831
bg_settlement_62829,62829,Рогозина,Rogozina,с.,DOB,tk_loan_management_bg.state_bg_DOB,DOB12,Генерал Тошево,BG332,9560,43.72154,28.232252
bg_settlement_63046,63046,Росен,Rosen,с.,DOB,tk_loan_management_bg.state_bg_DOB,DOB12,Генерал Тошево,BG332,9537,43.849379,27.960192
bg_settlement_63094,63094,Росица,Rositsa,с.,DOB,tk_loan_management_bg.state_bg_DOB,DOB12,Генерал Тошево,BG332,9540,43.938361,27.900936
bg_settlement_66620,66620,Сираково,Sirakovo,с.,DOB,tk_loan_management_bg.state_bg_DOB,DOB12,Генерал Тошево,BG332,9564,43.653274,28.270502
bg_settlement_34045,34045,Йовково,Yovkovo,с.,DOB,tk_loan_management_bg.state_bg_DOB,DOB12,Генерал Тошево,BG332,9531,43.776209,28.140382
bg_settlement_35393,35393,Калина,Kalina,с.,DOB,tk_loan_management_bg.state_bg_DOB,DOB12,Генерал Тошево,BG332,9544,43.629883,28.205867
bg_settlement_36467,36467,Кардам,Kardam,с.,DOB,tk_loan_management_bg.state_bg_DOB,DOB12,Генерал Тошево,BG332,9530,43.75387,28.10759
bg_settlement_38217,38217,Конаре,Konare,с.,DOB,tk_loan_management_bg.state_bg_DOB,DOB12,Генерал Тошево,BG332,9548,43.587119,28.230493
bg_settlement_39284,39284,Краище,Kraishte,с.,DOB,tk_loan_management_bg.state_bg_DOB,DOB12,Генерал Тошево,BG332,9535,43.851113,27.981248
bg_settlement_39534,39534,Красен,Krasen,с.,DOB,tk_loan_management_bg.state_bg_DOB,DOB12,Генерал Тошево,BG332,9534,43.842312,27.92664
bg_settlement_44179,44179,Лозница,Loznitsa,с.,DOB,tk_loan_management_bg.state_bg_DOB,DOB12,Генерал Тошево,BG332,9541,43.966136,27.919939
bg_settlement_44714,44714,Люляково,Lyulyakovo,с.,DOB,tk_loan_management_bg.state_bg_DOB,DOB12,Генерал Тошево,BG332,9525,43.680009,28.088254
bg_settlement_17511,17511,Градини,Gradini,с.,DOB,tk_loan_management_bg.state_bg_DOB,DOB12,Генерал Тошево,BG332,9552,43.781065,27.881696
bg_settlement_18575,18575,Горица,Goritsa,с.,DOB,tk_loan_management_bg.state_bg_DOB,DOB12,Генерал Тошево,BG332,9558,43.639446,28.165133
bg_settlement_39242,39242,Крагулево,Kragulevo,с.,DOB,tk_loan_management_bg.state_bg_DOB,DOB15,Добрич-селска,BG332,9418,43.80181,27.658287
bg_settlement_11781,11781,Воднянци,Vodnyantsi,с.,DOB,tk_loan_management_bg.state_bg_DOB,DOB15,Добрич-селска,BG332,9435,43.746546,27.548971
bg_settlement_21350,21350,Добрево,Dobrevo,с.,DOB,tk_loan_management_bg.state_bg_DOB,DOB15,Добрич-селска,BG332,9399,43.746466,27.841918
bg_settlement_21957,21957,Долина,Dolina,с.,DOB,tk_loan_management_bg.state_bg_DOB,DOB15,Добрич-селска,BG332,9358,43.553202,27.686566
bg_settlement_29489,29489,Житница,Zhitnitsa,с.,DOB,tk_loan_management_bg.state_bg_DOB,DOB15,Добрич-селска,BG332,9424,43.735487,27.638415
bg_settlement_56770,56770,Плиска,Pliska,гр.,SHU,tk_loan_management_bg.state_bg_SHU,SHU19,Каспичан,BG333,9920,43.362015,27.125412
bg_settlement_48773,48773,Могила,Mogila,с.,SHU,tk_loan_management_bg.state_bg_SHU,SHU19,Каспичан,BG333,9932,43.278324,27.19914
bg_settlement_68744,68744,Стан,Stan,с.,SHU,tk_loan_management_bg.state_bg_SHU,SHU22,Нови пазар,BG333,9917,43.343344,27.254898
bg_settlement_30274,30274,Зайчино ореше,Zaychino oreshe,с.,SHU,tk_loan_management_bg.state_bg_SHU,SHU22,Нови пазар,BG333,9918,43.312036,27.269589
bg_settlement_02912,02912,Баурене,Baurene,с.,VRC,tk_loan_management_bg.state_bg_VRC,VRC21,Криводол,BG313,3068,43.443057,23.486307
bg_settlement_70278,70278,Суха река,Suha reka,с.,SHU,tk_loan_management_bg.state_bg_SHU,SHU23,Велики Преслав,BG333,9881,43.131568,26.942886
bg_settlement_73170,73170,Троица,Troitsa,с.,SHU,tk_loan_management_bg.state_bg_SHU,SHU23,Велики Преслав,BG333,9864,43.217596,26.871474
bg_settlement_54273,54273,Осмар,Osmar,с.,SHU,tk_loan_management_bg.state_bg_SHU,SHU23,Велики Преслав,BG333,9879,43.220542,26.851335
bg_settlement_58222,58222,Велики Преслав,Veliki Preslav,гр.,SHU,tk_loan_management_bg.state_bg_SHU,SHU23,Велики Преслав,BG333,9850,43.160509,26.811977
bg_settlement_39133,39133,Кочово,Kochovo,с.,SHU,tk_loan_management_bg.state_bg_SHU,SHU23,Велики Преслав,BG333,9862,43.22006,26.800701
bg_settlement_48132,48132,Миланово,Milanovo,с.,SHU,tk_loan_management_bg.state_bg_SHU,SHU23,Велики Преслав,BG333,9859,43.177986,26.870729
bg_settlement_48862,48862,Мокреш,Mokresh,с.,SHU,tk_loan_management_bg.state_bg_SHU,SHU23,Велики Преслав,BG333,9861,43.140388,26.889262
bg_settlement_49148,49148,Мостич,Mostich,с.,SHU,tk_loan_management_bg.state_bg_SHU,SHU23,Велики Преслав,BG333,9878,43.189562,26.764011
bg_settlement_23340,23340,Драгоево,Dragoevo,с.,SHU,tk_loan_management_bg.state_bg_SHU,SHU23,Велики Преслав,BG333,9860,43.12117,26.869273
bg_settlement_30942,30942,Златар,Zlatar,с.,SHU,tk_loan_management_bg.state_bg_SHU,SHU23,Велики Преслав,BG333,9880,43.108596,26.955714
bg_settlement_10762,10762,Веселиново,Veselinovo,с.,SHU,tk_loan_management_bg.state_bg_SHU,SHU25,Смядово,BG333,9828,42.984307,27.027101
bg_settlement_53240,53240,Овчарово,Ovcharovo,с.,SHU,tk_loan_management_bg.state_bg_SHU,SHU30,Шумен,BG333,9805,43.20617,27.095761
bg_settlement_61443,61443,Радко Димитриево,Radko Dimitrievo,с.,SHU,tk_loan_management_bg.state_bg_SHU,SHU30,Шумен,BG333,9808,43.183632,27.005078
bg_settlement_46053,46053,Мадара,Madara,с.,SHU,tk_loan_management_bg.state_bg_SHU,SHU30,Шумен,BG333,9971,43.274695,27.097648
bg_settlement_47161,47161,Мараш,Marash,с.,SHU,tk_loan_management_bg.state_bg_SHU,SHU30,Шумен,BG333,9745,43.203509,26.951371
bg_settlement_20938,20938,Дибич,Dibich,с.,SHU,tk_loan_management_bg.state_bg_SHU,SHU30,Шумен,BG333,9811,43.228498,27.000703
bg_settlement_32158,32158,Ивански,Ivanski,с.,SHU,tk_loan_management_bg.state_bg_SHU,SHU30,Шумен,BG333,9810,43.141146,27.032391
bg_settlement_32706,32706,Илия Блъсково,Ilia Blaskovo,с.,SHU,tk_loan_management_bg.state_bg_SHU,SHU30,Шумен,BG333,9813,43.227077,27.041357
bg_settlement_04265,04265,Благово,Blagovo,с.,SHU,tk_loan_management_bg.state_bg_SHU,SHU30,Шумен,BG333,9812,43.222108,27.057335
bg_settlement_10176,10176,Васил Друмев,Vasil Drumev,с.,SHU,tk_loan_management_bg.state_bg_SHU,SHU30,Шумен,BG333,9814,43.247427,27.027137
bg_settlement_10882,10882,Ветрище,Vetrishte,с.,SHU,tk_loan_management_bg.state_bg_SHU,SHU30,Шумен,BG333,9809,43.184276,27.033405
bg_settlement_10923,10923,Вехтово,Vehtovo,с.,SHU,tk_loan_management_bg.state_bg_SHU,SHU30,Шумен,BG333,9818,43.169921,27.083176
bg_settlement_21734,21734,Добруша,Dobrusha,с.,VRC,tk_loan_management_bg.state_bg_VRC,VRC21,Криводол,BG313,3069,43.440367,23.424873
bg_settlement_17453,17453,Градешница,Gradeshnitsa,с.,VRC,tk_loan_management_bg.state_bg_VRC,VRC21,Криводол,BG313,3074,43.483794,23.479924
bg_settlement_15494,15494,Големо Бабино,Golemo Babino,с.,VRC,tk_loan_management_bg.state_bg_VRC,VRC21,Криводол,BG313,3063,43.348964,23.43301
bg_settlement_07209,07209,Бъзовец,Bazovets,с.,MON,tk_loan_management_bg.state_bg_MON,MON11,Вълчедръм,BG312,3635,43.630185,23.554984
bg_settlement_48859,48859,Мокреш,Mokresh,с.,MON,tk_loan_management_bg.state_bg_MON,MON11,Вълчедръм,BG312,3647,43.750702,23.39571
bg_settlement_43949,43949,Ловец,Lovets,с.,SHU,tk_loan_management_bg.state_bg_SHU,SHU10,Върбица,BG333,9869,43.057212,26.710488
bg_settlement_06971,06971,Буковец,Bukovets,с.,MON,tk_loan_management_bg.state_bg_MON,MON07,Брусарци,BG312,3678,43.598287,22.97482
bg_settlement_36957,36957,Киселево,Kiselevo,с.,MON,tk_loan_management_bg.state_bg_MON,MON07,Брусарци,BG312,3675,43.654068,22.987051
bg_settlement_67564,67564,Смирненски,Smirnenski,с.,MON,tk_loan_management_bg.state_bg_MON,MON07,Брусарци,BG312,3663,43.625668,23.027404
bg_settlement_05236,05236,Бойчиновци,Boychinovtsi,гр.,MON,tk_loan_management_bg.state_bg_MON,MON04,Бойчиновци,BG312,3430,43.472346,23.33378
bg_settlement_03383,03383,Бели брег,Beli breg,с.,MON,tk_loan_management_bg.state_bg_MON,MON04,Бойчиновци,BG312,3441,43.510509,23.430725
bg_settlement_10625,10625,Венец,Venets,с.,BGS,tk_loan_management_bg.state_bg_BGS,BGS09,Карнобат,BG341,8473,42.639668,26.802302
bg_settlement_02765,02765,Детелина,Detelina,с.,BGS,tk_loan_management_bg.state_bg_BGS,BGS09,Карнобат,BG341,8483,42.558974,27.035277
bg_settlement_29492,29492,Житосвят,Zhitosvyat,с.,BGS,tk_loan_management_bg.state_bg_BGS,BGS09,Карнобат,BG341,8475,42.462986,26.974464
bg_settlement_27557,27557,Ерден,Erden,с.,MON,tk_loan_management_bg.state_bg_MON,MON04,Бойчиновци,BG312,3431,43.483789,23.289172
bg_settlement_46036,46036,Мадан,Madan,с.,MON,tk_loan_management_bg.state_bg_MON,MON04,Бойчиновци,BG312,3448,43.578717,23.446157
bg_settlement_55258,55258,Палилула,Palilula,с.,MON,tk_loan_management_bg.state_bg_MON,MON04,Бойчиновци,BG312,3439,43.436413,23.388333
bg_settlement_54496,54496,Охрид,Ohrid,с.,MON,tk_loan_management_bg.state_bg_MON,MON04,Бойчиновци,BG312,3438,43.455166,23.38035
bg_settlement_49607,49607,Мърчево,Marchevo,с.,MON,tk_loan_management_bg.state_bg_MON,MON04,Бойчиновци,BG312,3443,43.512993,23.356793
bg_settlement_24551,24551,Дългоделци,Dalgodeltsi,с.,MON,tk_loan_management_bg.state_bg_MON,MON38,Якимово,BG312,3638,43.605355,23.279155
bg_settlement_22873,22873,Долно Церовене,Dolno Tserovene,с.,MON,tk_loan_management_bg.state_bg_MON,MON38,Якимово,BG312,3639,43.590741,23.245045
bg_settlement_38159,38159,Комощица,Komoshtitsa,с.,MON,tk_loan_management_bg.state_bg_MON,MON38,Якимово,BG312,3648,43.718981,23.310046
bg_settlement_87299,87299,Якимово,Yakimovo,с.,MON,tk_loan_management_bg.state_bg_MON,MON38,Якимово,BG312,3640,43.634869,23.363295
bg_settlement_16239,16239,Горна Ковачица,Gorna Kovachitsa,с.,MON,tk_loan_management_bg.state_bg_MON,MON36,Чипровци,BG312,3463,43.412296,23.001553
bg_settlement_11171,11171,Вирове,Virove,с.,MON,tk_loan_management_bg.state_bg_MON,MON29,Монтана,BG312,3455,43.520324,23.233085
bg_settlement_03736,03736,Долно Белотинци,Dolno Belotintsi,с.,MON,tk_loan_management_bg.state_bg_MON,MON29,Монтана,BG312,3437,43.441033,23.283557
bg_settlement_03201,03201,Безденица,Bezdenitsa,с.,MON,tk_loan_management_bg.state_bg_MON,MON29,Монтана,BG312,3454,43.548281,23.194647
bg_settlement_14180,14180,Габровница,Gabrovnitsa,с.,MON,tk_loan_management_bg.state_bg_MON,MON29,Монтана,BG312,3453,43.534457,23.264591
bg_settlement_48489,48489,Монтана,Montana,гр.,MON,tk_loan_management_bg.state_bg_MON,MON29,Монтана,BG312,3400,43.405487,23.224242
bg_settlement_39503,39503,Крапчене,Krapchene,с.,MON,tk_loan_management_bg.state_bg_MON,MON29,Монтана,BG312,3434,43.385376,23.302306
bg_settlement_51665,51665,Николово,Nikolovo,с.,MON,tk_loan_management_bg.state_bg_MON,MON29,Монтана,BG312,3429,43.420751,23.2744
bg_settlement_73167,73167,Трифоново,Trifonovo,с.,MON,tk_loan_management_bg.state_bg_MON,MON29,Монтана,BG312,3435,43.371459,23.310425
bg_settlement_70233,70233,Сумер,Sumer,с.,MON,tk_loan_management_bg.state_bg_MON,MON29,Монтана,BG312,3491,43.333684,23.330185
bg_settlement_70113,70113,Студено буче,Studeno buche,с.,MON,tk_loan_management_bg.state_bg_MON,MON29,Монтана,BG312,3480,43.457631,23.191412
bg_settlement_53552,53552,Опака,Opaka,гр.,TGV,tk_loan_management_bg.state_bg_TGV,TGV23,Опака,BG334,7840,43.443868,26.164981
bg_settlement_39671,39671,Крепча,Krepcha,с.,TGV,tk_loan_management_bg.state_bg_TGV,TGV23,Опака,BG334,7845,43.481333,26.13687
bg_settlement_17172,17172,Горско Абланово,Gorsko Ablanovo,с.,TGV,tk_loan_management_bg.state_bg_TGV,TGV23,Опака,BG334,7847,43.499649,26.07544
bg_settlement_18407,18407,Гърчиново,Garchinovo,с.,TGV,tk_loan_management_bg.state_bg_TGV,TGV23,Опака,BG334,7844,43.508543,26.14244
bg_settlement_65067,65067,Садина,Sadina,с.,TGV,tk_loan_management_bg.state_bg_TGV,TGV24,Попово,BG334,7841,43.483437,26.28916
bg_settlement_65557,65557,Светлен,Svetlen,с.,TGV,tk_loan_management_bg.state_bg_TGV,TGV24,Попово,BG334,7877,43.307375,26.272958
bg_settlement_36470,36470,Кардам,Kardam,с.,TGV,tk_loan_management_bg.state_bg_TGV,TGV24,Попово,BG334,7830,43.375517,26.286396
bg_settlement_14307,14307,Гагово,Gagovo,с.,TGV,tk_loan_management_bg.state_bg_TGV,TGV24,Попово,BG334,7831,43.403946,26.195251
bg_settlement_30404,30404,Захари Стояново,Zahari Stoyanovo,с.,TGV,tk_loan_management_bg.state_bg_TGV,TGV24,Попово,BG334,7842,43.532912,26.248393
bg_settlement_00792,00792,Аспарухово,Asparuhovo,с.,MON,tk_loan_management_bg.state_bg_MON,MON26,Медковец,BG312,3661,43.70361,23.212735
bg_settlement_47593,47593,Медковец,Medkovets,с.,MON,tk_loan_management_bg.state_bg_MON,MON26,Медковец,BG312,3670,43.624411,23.169872
bg_settlement_62222,62222,Расово,Rasovo,с.,MON,tk_loan_management_bg.state_bg_MON,MON26,Медковец,BG312,3660,43.699703,23.236191
bg_settlement_56544,56544,Пишурка,Pishurka,с.,MON,tk_loan_management_bg.state_bg_MON,MON26,Медковец,BG312,3662,43.651594,23.253872
bg_settlement_67386,67386,Сливовик,Slivovik,с.,MON,tk_loan_management_bg.state_bg_MON,MON26,Медковец,BG312,3664,43.596749,23.116133
bg_settlement_37544,37544,Ковачица,Kovachitsa,с.,MON,tk_loan_management_bg.state_bg_MON,MON24,Лом,BG312,3643,43.800573,23.362639
bg_settlement_70545,70545,Съединение,Saedinenie,с.,TGV,tk_loan_management_bg.state_bg_TGV,TGV35,Търговище,BG334,7779,43.317227,26.622062
bg_settlement_73626,73626,Търговище,Targovishte,гр.,TGV,tk_loan_management_bg.state_bg_TGV,TGV35,Търговище,BG334,7700,43.241478,26.572104
bg_settlement_51024,51024,Надарево,Nadarevo,с.,TGV,tk_loan_management_bg.state_bg_TGV,TGV35,Търговище,BG334,7740,43.238461,26.754863
bg_settlement_54081,54081,Осен,Osen,с.,TGV,tk_loan_management_bg.state_bg_TGV,TGV35,Търговище,BG334,7746,43.249158,26.70822
bg_settlement_54345,54345,Острец,Ostrets,с.,TGV,tk_loan_management_bg.state_bg_TGV,TGV35,Търговище,BG334,7743,43.261908,26.730945
bg_settlement_58493,58493,Пробуда,Probuda,с.,TGV,tk_loan_management_bg.state_bg_TGV,TGV35,Търговище,BG334,7748,43.283191,26.647545
bg_settlement_62164,62164,Ралица,Ralitsa,с.,TGV,tk_loan_management_bg.state_bg_TGV,TGV35,Търговище,BG334,7759,43.306178,26.516288
bg_settlement_43935,43935,Ловец,Lovets,с.,TGV,tk_loan_management_bg.state_bg_TGV,TGV35,Търговище,BG334,7741,43.261619,26.691687
bg_settlement_20050,20050,Давидово,Davidovo,с.,TGV,tk_loan_management_bg.state_bg_TGV,TGV35,Търговище,BG334,7758,43.290696,26.561428
bg_settlement_24520,24520,Дългач,Dalgach,с.,TGV,tk_loan_management_bg.state_bg_TGV,TGV35,Търговище,BG334,7742,43.216735,26.724104
bg_settlement_30644,30644,Здравец,Zdravets,с.,TGV,tk_loan_management_bg.state_bg_TGV,TGV35,Търговище,BG334,7769,43.285254,26.490251
bg_settlement_00215,00215,Алваново,Alvanovo,с.,TGV,tk_loan_management_bg.state_bg_TGV,TGV35,Търговище,BG334,7752,43.29765,26.669555
bg_settlement_04159,04159,Бистра,Bistra,с.,TGV,tk_loan_management_bg.state_bg_TGV,TGV35,Търговище,BG334,7777,43.329683,26.561959
bg_settlement_10238,10238,Васил Левски,Vasil Levski,с.,TGV,tk_loan_management_bg.state_bg_TGV,TGV35,Търговище,BG334,7749,43.264966,26.629489
bg_settlement_10999,10999,Видлица,Vidlitsa,с.,MON,tk_loan_management_bg.state_bg_MON,MON14,Георги Дамяново,BG312,3478,43.418633,23.066253
bg_settlement_68881,68881,Стара речка,Stara rechka,с.,TGV,tk_loan_management_bg.state_bg_TGV,TGV02,Антоново,BG334,7999,43.086993,26.075903
bg_settlement_48026,48026,Мечово,Mechovo,с.,TGV,tk_loan_management_bg.state_bg_TGV,TGV02,Антоново,BG334,7997,43.058292,26.090583
bg_settlement_02395,02395,Балей,Baley,с.,VID,tk_loan_management_bg.state_bg_VID,VID06,Брегово,BG311,3797,44.188794,22.647309
bg_settlement_20568,20568,Делейна,Deleyna,с.,VID,tk_loan_management_bg.state_bg_VID,VID06,Брегово,BG311,3795,44.053642,22.629251
bg_settlement_69986,69986,Струпец,Strupets,с.,SLV,tk_loan_management_bg.state_bg_SLV,SLV20,Сливен,BG342,8856,42.614975,26.111589
bg_settlement_72816,72816,Тополчане,Topolchane,с.,SLV,tk_loan_management_bg.state_bg_SLV,SLV20,Сливен,BG342,8880,42.652567,26.427975
bg_settlement_73016,73016,Трапоклово,Trapoklovo,с.,SLV,tk_loan_management_bg.state_bg_SLV,SLV20,Сливен,BG342,8889,42.645578,26.593753
bg_settlement_81534,81534,Чокоба,Chokoba,с.,SLV,tk_loan_management_bg.state_bg_SLV,SLV20,Сливен,BG342,8887,42.518429,26.358767
bg_settlement_55333,55333,Панаретовци,Panaretovtsi,с.,SLV,tk_loan_management_bg.state_bg_SLV,SLV20,Сливен,BG342,8867,42.56429,26.301582
bg_settlement_65303,65303,Самуилово,Samuilovo,с.,SLV,tk_loan_management_bg.state_bg_SLV,SLV20,Сливен,BG342,8865,42.591259,26.324038
bg_settlement_66812,66812,Скобелево,Skobelevo,с.,SLV,tk_loan_management_bg.state_bg_SLV,SLV20,Сливен,BG342,8871,42.487929,26.310325
bg_settlement_35537,35537,Калояново,Kaloyanovo,с.,SLV,tk_loan_management_bg.state_bg_SLV,SLV20,Сливен,BG342,8881,42.656456,26.462065
bg_settlement_35660,35660,Камен,Kamen,с.,SLV,tk_loan_management_bg.state_bg_SLV,SLV20,Сливен,BG342,8882,42.603024,26.419721
bg_settlement_36779,36779,Кермен,Kermen,гр.,SLV,tk_loan_management_bg.state_bg_SLV,SLV20,Сливен,BG342,8870,42.502377,26.256361
bg_settlement_40083,40083,Крушаре,Krushare,с.,SLV,tk_loan_management_bg.state_bg_SLV,SLV20,Сливен,BG342,8877,42.562965,26.37984
bg_settlement_47980,47980,Мечкарево,Mechkarevo,с.,SLV,tk_loan_management_bg.state_bg_SLV,SLV20,Сливен,BG342,8868,42.593644,26.277033
bg_settlement_48708,48708,Младово,Mladovo,с.,SLV,tk_loan_management_bg.state_bg_SLV,SLV20,Сливен,BG342,8886,42.529042,26.211041
bg_settlement_14800,14800,Гергевец,Gergevets,с.,SLV,tk_loan_management_bg.state_bg_SLV,SLV20,Сливен,BG342,8869,42.591284,26.346622
bg_settlement_15206,15206,Глуфишево,Glufishevo,с.,SLV,tk_loan_management_bg.state_bg_SLV,SLV20,Сливен,BG342,8866,42.544767,26.321736
bg_settlement_23337,23337,Драгоданово,Dragodanovo,с.,SLV,tk_loan_management_bg.state_bg_SLV,SLV20,Сливен,BG342,8888,42.632891,26.566206
bg_settlement_29194,29194,Желю войвода,Zhelyu voyvoda,с.,SLV,tk_loan_management_bg.state_bg_SLV,SLV20,Сливен,BG342,8860,42.594128,26.482684
bg_settlement_04039,04039,Биково,Bikovo,с.,SLV,tk_loan_management_bg.state_bg_SLV,SLV20,Сливен,BG342,8885,42.476578,26.190489
bg_settlement_04114,04114,Бинкос,Binkos,с.,SLV,tk_loan_management_bg.state_bg_SLV,SLV20,Сливен,BG342,8855,42.64848,26.096432
bg_settlement_04337,04337,Блатец,Blatets,с.,SLV,tk_loan_management_bg.state_bg_SLV,SLV20,Сливен,BG342,8878,42.633059,26.536365
bg_settlement_05092,05092,Бозаджии,Bozadzhii,с.,SLV,tk_loan_management_bg.state_bg_SLV,SLV20,Сливен,BG342,8872,42.479001,26.329308
bg_settlement_18304,18304,Гъмзово,Gamzovo,с.,VID,tk_loan_management_bg.state_bg_VID,VID06,Брегово,BG311,3785,44.097004,22.760544
bg_settlement_40441,40441,Куделин,Kudelin,с.,VID,tk_loan_management_bg.state_bg_VID,VID06,Брегово,BG311,3798,44.193064,22.669428
bg_settlement_72518,72518,Тияновци,Tiyanovtsi,с.,VID,tk_loan_management_bg.state_bg_VID,VID06,Брегово,BG311,3787,44.078162,22.72943
bg_settlement_06464,06464,Брестница,Brestnitsa,с.,DOB,tk_loan_management_bg.state_bg_DOB,DOB27,Тервел,BG332,9484,43.881847,27.571096
bg_settlement_04916,04916,Божан,Bozhan,с.,DOB,tk_loan_management_bg.state_bg_DOB,DOB27,Тервел,BG332,9475,43.759855,27.4568
bg_settlement_18191,18191,Гуслар,Guslar,с.,DOB,tk_loan_management_bg.state_bg_DOB,DOB27,Тервел,BG332,9479,43.836931,27.44163
bg_settlement_46334,46334,Мали извор,Mali izvor,с.,DOB,tk_loan_management_bg.state_bg_DOB,DOB27,Тервел,BG332,9474,43.793264,27.468174
bg_settlement_53549,53549,Оногур,Onogur,с.,DOB,tk_loan_management_bg.state_bg_DOB,DOB27,Тервел,BG332,9486,43.821128,27.586141
bg_settlement_15944,15944,Шивачево,Shivachevo,гр.,SLV,tk_loan_management_bg.state_bg_SLV,SLV24,Твърдица,BG342,8895,42.686486,26.028428
bg_settlement_36049,36049,Каниц,Kanits,с.,VID,tk_loan_management_bg.state_bg_VID,VID03,Бойница,BG311,3843,44.022598,22.587449
bg_settlement_03678,03678,Бело поле,Belo pole,с.,VID,tk_loan_management_bg.state_bg_VID,VID33,Ружинци,BG311,3961,43.648951,22.89972
bg_settlement_70617,70617,Сърнец,Sarnets,с.,DOB,tk_loan_management_bg.state_bg_DOB,DOB27,Тервел,BG332,9482,43.815468,27.500471
bg_settlement_04193,04193,Бистрец,Bistrets,с.,DOB,tk_loan_management_bg.state_bg_DOB,DOB20,Крушари,BG332,9412,43.835139,27.729544
bg_settlement_00268,00268,Александрия,Aleksandria,с.,DOB,tk_loan_management_bg.state_bg_DOB,DOB20,Крушари,BG332,9404,43.885401,27.75118
bg_settlement_00031,00031,Абрит,Abrit,с.,DOB,tk_loan_management_bg.state_bg_DOB,DOB20,Крушари,BG332,9407,43.90785,27.795803
bg_settlement_30884,30884,Зимница,Zimnitsa,с.,DOB,tk_loan_management_bg.state_bg_DOB,DOB20,Крушари,BG332,9421,43.864293,27.620581
bg_settlement_30781,30781,Земенци,Zementsi,с.,DOB,tk_loan_management_bg.state_bg_DOB,DOB20,Крушари,BG332,9411,43.800153,27.778754
bg_settlement_69314,69314,Стоил войвода,Stoil voyvoda,с.,SLV,tk_loan_management_bg.state_bg_SLV,SLV16,Нова Загора,BG342,8940,42.462035,25.985227
bg_settlement_70456,70456,Събрано,Sabrano,с.,SLV,tk_loan_management_bg.state_bg_SLV,SLV16,Нова Загора,BG342,8941,42.43097,25.898259
bg_settlement_70487,70487,Съдиево,Sadievo,с.,SLV,tk_loan_management_bg.state_bg_SLV,SLV16,Нова Загора,BG342,8923,42.52672,26.078664
bg_settlement_51809,51809,Нова Загора,Nova Zagora,гр.,SLV,tk_loan_management_bg.state_bg_SLV,SLV16,Нова Загора,BG342,8900,42.493174,26.013004
bg_settlement_52146,52146,Новоселец,Novoselets,с.,SLV,tk_loan_management_bg.state_bg_SLV,SLV16,Нова Загора,BG342,8958,42.297696,26.090251
bg_settlement_53518,53518,Омарчево,Omarchevo,с.,SLV,tk_loan_management_bg.state_bg_SLV,SLV16,Нова Загора,BG342,8921,42.45791,26.144844
bg_settlement_56068,56068,Пет могили,Pet mogili,с.,SLV,tk_loan_management_bg.state_bg_SLV,SLV16,Нова Загора,BG342,8953,42.311899,26.059182
bg_settlement_57371,57371,Полско Пъдарево,Polsko Padarevo,с.,SLV,tk_loan_management_bg.state_bg_SLV,SLV16,Нова Загора,BG342,8937,42.461214,26.086896
bg_settlement_58726,58726,Прохорово,Prohorovo,с.,SLV,tk_loan_management_bg.state_bg_SLV,SLV16,Нова Загора,BG342,8944,42.353266,26.206328
bg_settlement_61340,61340,Радецки,Radetski,с.,SLV,tk_loan_management_bg.state_bg_SLV,SLV16,Нова Загора,BG342,8959,42.283299,26.116649
bg_settlement_35907,35907,Каменово,Kamenovo,с.,SLV,tk_loan_management_bg.state_bg_SLV,SLV16,Нова Загора,BG342,8928,42.542351,26.101336
bg_settlement_38426,38426,Коньово,Konyovo,с.,SLV,tk_loan_management_bg.state_bg_SLV,SLV16,Нова Загора,BG342,8920,42.522717,26.163754
bg_settlement_44505,44505,Любенец,Lyubenets,с.,SLV,tk_loan_management_bg.state_bg_SLV,SLV16,Нова Загора,BG342,8949,42.371313,25.950101
bg_settlement_44522,44522,Любенова махала,Lyubenova mahala,с.,SLV,tk_loan_management_bg.state_bg_SLV,SLV16,Нова Загора,BG342,8947,42.351646,25.963539
bg_settlement_48725,48725,Млекарево,Mlekarevo,с.,SLV,tk_loan_management_bg.state_bg_SLV,SLV16,Нова Загора,BG342,8960,42.356739,26.088144
bg_settlement_24760,24760,Дядово,Dyadovo,с.,SLV,tk_loan_management_bg.state_bg_SLV,SLV16,Нова Загора,BG342,8918,42.435472,26.018245
bg_settlement_27111,27111,Езеро,Ezero,с.,SLV,tk_loan_management_bg.state_bg_SLV,SLV16,Нова Загора,BG342,8919,42.464375,26.020358
bg_settlement_30171,30171,Загорци,Zagortsi,с.,SLV,tk_loan_management_bg.state_bg_SLV,SLV16,Нова Загора,BG342,8939,42.433794,25.948878
bg_settlement_00713,00713,Асеновец,Asenovets,с.,SLV,tk_loan_management_bg.state_bg_SLV,SLV16,Нова Загора,BG342,8933,42.527843,25.95185
bg_settlement_04635,04635,Богданово,Bogdanovo,с.,SLV,tk_loan_management_bg.state_bg_SLV,SLV16,Нова Загора,BG342,8948,42.392255,25.997063
bg_settlement_07778,07778,Бял кладенец,Byal kladenets,с.,SLV,tk_loan_management_bg.state_bg_SLV,SLV16,Нова Загора,BG342,8961,42.299515,26.166062
bg_settlement_35609,35609,Калчево,Kalchevo,с.,JAM,tk_loan_management_bg.state_bg_JAM,JAM25,Тунджа,BG343,8677,42.428815,26.604919
bg_settlement_36200,36200,Каравелово,Karavelovo,с.,JAM,tk_loan_management_bg.state_bg_JAM,JAM25,Тунджа,BG343,8647,42.309559,26.63291
bg_settlement_38279,38279,Коневец,Konevets,с.,JAM,tk_loan_management_bg.state_bg_JAM,JAM25,Тунджа,BG343,8623,42.271383,26.56751
bg_settlement_40018,40018,Крумово,Krumovo,с.,JAM,tk_loan_management_bg.state_bg_JAM,JAM25,Тунджа,BG343,8649,42.272054,26.404687
bg_settlement_40484,40484,Кукорево,Kukorevo,с.,JAM,tk_loan_management_bg.state_bg_JAM,JAM25,Тунджа,BG343,8673,42.447716,26.533074
bg_settlement_46783,46783,Маломир,Malomir,с.,JAM,tk_loan_management_bg.state_bg_JAM,JAM25,Тунджа,BG343,8650,42.281737,26.517793
bg_settlement_47562,47562,Меден кладенец,Meden kladenets,с.,JAM,tk_loan_management_bg.state_bg_JAM,JAM25,Тунджа,BG343,8639,42.32543,26.322739
bg_settlement_47682,47682,Межда,Mezhda,с.,JAM,tk_loan_management_bg.state_bg_JAM,JAM25,Тунджа,BG343,8644,42.340598,26.255631
bg_settlement_48101,48101,Миладиновци,Miladinovtsi,с.,JAM,tk_loan_management_bg.state_bg_JAM,JAM25,Тунджа,BG343,8657,42.259858,26.344369
bg_settlement_48787,48787,Могила,Mogila,с.,JAM,tk_loan_management_bg.state_bg_JAM,JAM25,Тунджа,BG343,8627,42.501566,26.596871
bg_settlement_18259,18259,Гълъбинци,Galabintsi,с.,JAM,tk_loan_management_bg.state_bg_JAM,JAM25,Тунджа,BG343,8642,42.427653,26.258717
bg_settlement_23501,23501,Дражево,Drazhevo,с.,JAM,tk_loan_management_bg.state_bg_JAM,JAM25,Тунджа,BG343,8634,42.536975,26.448617
bg_settlement_23557,23557,Драма,Drama,с.,JAM,tk_loan_management_bg.state_bg_JAM,JAM25,Тунджа,BG343,8651,42.241034,26.438625
bg_settlement_23978,23978,Дряново,Dryanovo,с.,JAM,tk_loan_management_bg.state_bg_JAM,JAM25,Тунджа,BG343,8652,42.247234,26.508528
bg_settlement_30096,30096,Завой,Zavoy,с.,JAM,tk_loan_management_bg.state_bg_JAM,JAM25,Тунджа,BG343,8633,42.562132,26.524646
bg_settlement_30956,30956,Златари,Zlatari,с.,JAM,tk_loan_management_bg.state_bg_JAM,JAM25,Тунджа,BG343,8641,42.392391,26.209211
bg_settlement_32740,32740,Генерал Инзово,General Inzovo,с.,JAM,tk_loan_management_bg.state_bg_JAM,JAM25,Тунджа,BG343,8670,42.322078,26.434659
bg_settlement_00758,00758,Асеново,Asenovo,с.,JAM,tk_loan_management_bg.state_bg_JAM,JAM25,Тунджа,BG343,8667,42.36768,26.658967
bg_settlement_03229,03229,Безмер,Bezmer,с.,JAM,tk_loan_management_bg.state_bg_JAM,JAM25,Тунджа,BG343,8637,42.475916,26.397292
bg_settlement_05308,05308,Болярско,Bolyarsko,с.,JAM,tk_loan_management_bg.state_bg_JAM,JAM25,Тунджа,BG343,8631,42.431196,26.35404
bg_settlement_05863,05863,Ботево,Botevo,с.,JAM,tk_loan_management_bg.state_bg_JAM,JAM25,Тунджа,BG343,8638,42.355496,26.360285
bg_settlement_05952,05952,Бояджик,Boyadzhik,с.,JAM,tk_loan_management_bg.state_bg_JAM,JAM25,Тунджа,BG343,8640,42.397722,26.302278
bg_settlement_10776,10776,Веселиново,Veselinovo,с.,JAM,tk_loan_management_bg.state_bg_JAM,JAM25,Тунджа,BG343,8632,42.532893,26.544816
bg_settlement_10985,10985,Видинци,Vidintsi,с.,JAM,tk_loan_management_bg.state_bg_JAM,JAM25,Тунджа,BG343,8671,42.311685,26.386054
bg_settlement_87374,87374,Ямбол,Yambol,гр.,JAM,tk_loan_management_bg.state_bg_JAM,JAM26,Ямбол,BG343,8600,42.487542,26.510837
bg_settlement_53504,53504,Оман,Oman,с.,JAM,tk_loan_management_bg.state_bg_JAM,JAM03,Болярово,BG343,8727,42.267111,26.925462
bg_settlement_57652,57652,Попово,Popovo,с.,JAM,tk_loan_management_bg.state_bg_JAM,JAM03,Болярово,BG343,8735,42.207445,26.733987
bg_settlement_24356,24356,Дъбово,Dabovo,с.,JAM,tk_loan_management_bg.state_bg_JAM,JAM03,Болярово,BG343,8736,42.200249,26.778995
bg_settlement_31019,31019,Златиница,Zlatinitsa,с.,JAM,tk_loan_management_bg.state_bg_JAM,JAM03,Болярово,BG343,8746,42.15488,26.704284
bg_settlement_05284,05284,Болярово,Bolyarovo,гр.,JAM,tk_loan_management_bg.state_bg_JAM,JAM03,Болярово,BG343,8720,42.149268,26.807891
bg_settlement_23672,23672,Дреновец,Drenovets,с.,VID,tk_loan_management_bg.state_bg_VID,VID33,Ружинци,BG311,3920,43.691838,22.975734
bg_settlement_23515,23515,Дражинци,Drazhintsi,с.,VID,tk_loan_management_bg.state_bg_VID,VID33,Ружинци,BG311,3929,43.632737,22.875039
bg_settlement_63255,63255,Ружинци,Ruzhintsi,с.,VID,tk_loan_management_bg.state_bg_VID,VID33,Ружинци,BG311,3930,43.623221,22.830982
bg_settlement_62791,62791,Роглец,Roglets,с.,VID,tk_loan_management_bg.state_bg_VID,VID33,Ружинци,BG311,3962,43.66948,22.934372
bg_settlement_73924,73924,Тополовец,Topolovets,с.,VID,tk_loan_management_bg.state_bg_VID,VID33,Ружинци,BG311,3828,43.985727,22.6212
bg_settlement_69883,69883,Стройно,Stroyno,с.,JAM,tk_loan_management_bg.state_bg_JAM,JAM07,Елхово,BG343,8732,42.277236,26.678825
bg_settlement_73328,73328,Трънково,Trankovo,с.,JAM,tk_loan_management_bg.state_bg_JAM,JAM07,Елхово,BG343,8719,42.224099,26.551608
bg_settlement_81121,81121,Чернозем,Chernozem,с.,JAM,tk_loan_management_bg.state_bg_JAM,JAM07,Елхово,BG343,8739,42.112694,26.60735
bg_settlement_58801,58801,Пчела,Pchela,с.,JAM,tk_loan_management_bg.state_bg_JAM,JAM07,Елхово,BG343,8718,42.182093,26.470012
bg_settlement_36909,36909,Кирилово,Kirilovo,с.,JAM,tk_loan_management_bg.state_bg_JAM,JAM07,Елхово,BG343,8741,42.222221,26.61522
bg_settlement_43116,43116,Лалково,Lalkovo,с.,JAM,tk_loan_management_bg.state_bg_JAM,JAM07,Елхово,BG343,8749,42.075892,26.718579
bg_settlement_46797,46797,Маломирово,Malomirovo,с.,JAM,tk_loan_management_bg.state_bg_JAM,JAM07,Елхово,BG343,8737,42.142704,26.641835
bg_settlement_47768,47768,Мелница,Melnitsa,с.,JAM,tk_loan_management_bg.state_bg_JAM,JAM07,Елхово,BG343,8755,42.046912,26.565628
bg_settlement_17748,17748,Гранитово,Granitovo,с.,JAM,tk_loan_management_bg.state_bg_JAM,JAM07,Елхово,BG343,8740,42.100802,26.533295
bg_settlement_21542,21542,Добрич,Dobrich,с.,JAM,tk_loan_management_bg.state_bg_JAM,JAM07,Елхово,BG343,8724,42.173126,26.666225
bg_settlement_27382,27382,Елхово,Elhovo,гр.,JAM,tk_loan_management_bg.state_bg_JAM,JAM07,Елхово,BG343,8700,42.17202,26.569402
bg_settlement_29516,29516,Жребино,Zhrebino,с.,JAM,tk_loan_management_bg.state_bg_JAM,JAM07,Елхово,BG343,8733,42.244529,26.70669
bg_settlement_32576,32576,Изгрев,Izgrev,с.,JAM,tk_loan_management_bg.state_bg_JAM,JAM07,Елхово,BG343,8717,42.170068,26.524043
bg_settlement_06001,06001,Бояново,Boyanovo,с.,JAM,tk_loan_management_bg.state_bg_JAM,JAM07,Елхово,BG343,8730,42.255804,26.630296
bg_settlement_11079,11079,Винарово,Vinarovo,с.,VID,tk_loan_management_bg.state_bg_VID,VID30,Ново село,BG311,3773,44.096457,22.817004
bg_settlement_69660,69660,Стралджа,Straldzha,гр.,JAM,tk_loan_management_bg.state_bg_JAM,JAM22,Стралджа,BG343,8680,42.597402,26.691377
bg_settlement_80220,80220,Чарда,Charda,с.,JAM,tk_loan_management_bg.state_bg_JAM,JAM22,Стралджа,BG343,8692,42.542126,26.622775
bg_settlement_55244,55244,Палаузово,Palauzovo,с.,JAM,tk_loan_management_bg.state_bg_JAM,JAM22,Стралджа,BG343,8698,42.530611,26.74393
bg_settlement_58003,58003,Правдино,Pravdino,с.,JAM,tk_loan_management_bg.state_bg_JAM,JAM22,Стралджа,BG343,8695,42.418691,26.9284
bg_settlement_59046,59046,Първенец,Parvenets,с.,JAM,tk_loan_management_bg.state_bg_JAM,JAM22,Стралджа,BG343,8694,42.430323,26.849959
bg_settlement_65406,65406,Саранско,Saransko,с.,JAM,tk_loan_management_bg.state_bg_JAM,JAM22,Стралджа,BG343,8659,42.362397,26.710369
bg_settlement_35794,35794,Каменец,Kamenets,с.,JAM,tk_loan_management_bg.state_bg_JAM,JAM22,Стралджа,BG343,8655,42.338491,26.737084
bg_settlement_44118,44118,Лозенец,Lozenets,с.,JAM,tk_loan_management_bg.state_bg_JAM,JAM22,Стралджа,BG343,8688,42.636293,26.709396
bg_settlement_44666,44666,Люлин,Lyulin,с.,JAM,tk_loan_management_bg.state_bg_JAM,JAM22,Стралджа,BG343,8685,42.436872,26.798984
bg_settlement_46303,46303,Маленово,Malenovo,с.,JAM,tk_loan_management_bg.state_bg_JAM,JAM22,Стралджа,BG343,8689,42.559875,26.779969
bg_settlement_11661,11661,Воденичане,Vodenichane,с.,JAM,tk_loan_management_bg.state_bg_JAM,JAM22,Стралджа,BG343,8693,42.545446,26.693273
bg_settlement_20804,20804,Джинот,Dzhinot,с.,JAM,tk_loan_management_bg.state_bg_JAM,JAM22,Стралджа,BG343,8691,42.511903,26.656565
bg_settlement_30898,30898,Зимница,Zimnitsa,с.,JAM,tk_loan_management_bg.state_bg_JAM,JAM22,Стралджа,BG343,8690,42.580335,26.605442
bg_settlement_00343,00343,Александрово,Aleksandrovo,с.,JAM,tk_loan_management_bg.state_bg_JAM,JAM22,Стралджа,BG343,8653,42.32427,26.88102
bg_settlement_00816,00816,Атолово,Atolovo,с.,JAM,tk_loan_management_bg.state_bg_JAM,JAM22,Стралджа,BG343,8683,42.598019,26.732858
bg_settlement_04786,04786,Богорово,Bogorovo,с.,JAM,tk_loan_management_bg.state_bg_JAM,JAM22,Стралджа,BG343,8687,42.451169,26.854866
bg_settlement_67177,67177,Сламино,Slamino,с.,JAM,tk_loan_management_bg.state_bg_JAM,JAM25,Тунджа,BG343,8663,42.33199,26.667565
bg_settlement_68878,68878,Стара река,Stara reka,с.,JAM,tk_loan_management_bg.state_bg_JAM,JAM25,Тунджа,BG343,8675,42.467322,26.564402
bg_settlement_72240,72240,Тенево,Tenevo,с.,JAM,tk_loan_management_bg.state_bg_JAM,JAM25,Тунджа,BG343,8672,42.347517,26.529448
bg_settlement_77030,77030,Хаджидимитрово,Hadzhidimitrovo,с.,JAM,tk_loan_management_bg.state_bg_JAM,JAM25,Тунджа,BG343,8635,42.526709,26.406584
bg_settlement_77150,77150,Ханово,Hanovo,с.,JAM,tk_loan_management_bg.state_bg_JAM,JAM25,Тунджа,BG343,8668,42.392015,26.506896
bg_settlement_80306,80306,Челник,Chelnik,с.,JAM,tk_loan_management_bg.state_bg_JAM,JAM25,Тунджа,BG343,8678,42.398091,26.68506
bg_settlement_53299,53299,Овчи кладенец,Ovchi kladenets,с.,JAM,tk_loan_management_bg.state_bg_JAM,JAM25,Тунджа,BG343,8660,42.242995,26.213968
bg_settlement_53480,53480,Окоп,Okop,с.,JAM,tk_loan_management_bg.state_bg_JAM,JAM25,Тунджа,BG343,8669,42.410477,26.541019
bg_settlement_62757,62757,Робово,Robovo,с.,JAM,tk_loan_management_bg.state_bg_JAM,JAM25,Тунджа,BG343,8664,42.32047,26.693191
bg_settlement_62921,62921,Роза,Roza,с.,JAM,tk_loan_management_bg.state_bg_JAM,JAM25,Тунджа,BG343,8630,42.399249,26.412999
bg_settlement_66456,66456,Симеоново,Simeonovo,с.,JAM,tk_loan_management_bg.state_bg_JAM,JAM25,Тунджа,BG343,8665,42.377038,26.638642
bg_settlement_66737,66737,Скалица,Skalitsa,с.,JAM,tk_loan_management_bg.state_bg_JAM,JAM25,Тунджа,BG343,8645,42.266099,26.254612
bg_settlement_35028,35028,Кабиле,Kabile,с.,JAM,tk_loan_management_bg.state_bg_JAM,JAM25,Тунджа,BG343,8629,42.528692,26.479059
bg_settlement_30185,30185,Загорци,Zagortsi,с.,DOB,tk_loan_management_bg.state_bg_DOB,DOB20,Крушари,BG332,9413,43.783339,27.785656
bg_settlement_27656,27656,Ефрейтор Бакалово,Efreytor Bakalovo,с.,DOB,tk_loan_management_bg.state_bg_DOB,DOB20,Крушари,BG332,9422,43.83408,27.606802
bg_settlement_21470,21470,Добрин,Dobrin,с.,DOB,tk_loan_management_bg.state_bg_DOB,DOB20,Крушари,BG332,9402,43.868429,27.834807
bg_settlement_14043,14043,Габер,Gaber,с.,DOB,tk_loan_management_bg.state_bg_DOB,DOB20,Крушари,BG332,9419,43.917989,27.678378
bg_settlement_80793,80793,Черна гора,Cherna gora,с.,SZR,tk_loan_management_bg.state_bg_SZR,SZR04,Братя Даскалови,BG344,6258,42.216111,25.225743
bg_settlement_53624,53624,Опълченец,Opalchenets,с.,SZR,tk_loan_management_bg.state_bg_SZR,SZR04,Братя Даскалови,BG344,6254,42.206958,25.12361
bg_settlement_53850,53850,Оризово,Orizovo,с.,SZR,tk_loan_management_bg.state_bg_SZR,SZR04,Братя Даскалови,BG344,6253,42.209015,25.170018
bg_settlement_55484,55484,Партизанин,Partizanin,с.,SZR,tk_loan_management_bg.state_bg_SZR,SZR04,Братя Даскалови,BG344,6218,42.248129,25.246939
bg_settlement_56811,56811,Плодовитово,Plodovitovo,с.,SZR,tk_loan_management_bg.state_bg_SZR,SZR04,Братя Даскалови,BG344,6257,42.177255,25.209096
bg_settlement_48372,48372,Мирово,Mirovo,с.,SZR,tk_loan_management_bg.state_bg_SZR,SZR04,Братя Даскалови,BG344,6255,42.172901,25.140543
bg_settlement_16691,16691,Горно Белево,Gorno Belevo,с.,SZR,tk_loan_management_bg.state_bg_SZR,SZR04,Братя Даскалови,BG344,6219,42.262766,25.233387
bg_settlement_17717,17717,Гранит,Granit,с.,SZR,tk_loan_management_bg.state_bg_SZR,SZR04,Братя Даскалови,BG344,6252,42.252909,25.136755
bg_settlement_06183,06183,Братя Даскалови,Bratya Daskalovi,с.,SZR,tk_loan_management_bg.state_bg_SZR,SZR04,Братя Даскалови,BG344,6250,42.29718,25.209117
bg_settlement_12557,12557,Вълчек,Valchek,с.,VID,tk_loan_management_bg.state_bg_VID,VID25,Макреш,BG311,3851,43.786379,22.713999
bg_settlement_46245,46245,Макреш,Makresh,с.,VID,tk_loan_management_bg.state_bg_VID,VID25,Макреш,BG311,3850,43.768223,22.663125
bg_settlement_40097,40097,Крушари,Krushari,с.,DOB,tk_loan_management_bg.state_bg_DOB,DOB20,Крушари,BG332,9410,43.816356,27.756125
bg_settlement_49535,49535,Мъдрец,Madrets,с.,SZR,tk_loan_management_bg.state_bg_SZR,SZR07,Гълъбово,BG344,6292,42.131101,26.086729
bg_settlement_53134,53134,Обручище,Obruchishte,с.,SZR,tk_loan_management_bg.state_bg_SZR,SZR07,Гълъбово,BG344,6290,42.14432,25.932418
bg_settlement_61755,61755,Разделна,Razdelna,с.,SZR,tk_loan_management_bg.state_bg_SZR,SZR07,Гълъбово,BG344,6283,42.17701,25.77685
bg_settlement_32857,32857,Искрица,Iskritsa,с.,SZR,tk_loan_management_bg.state_bg_SZR,SZR07,Гълъбово,BG344,6293,42.134106,26.044593
bg_settlement_47603,47603,Медникарово,Mednikarovo,с.,SZR,tk_loan_management_bg.state_bg_SZR,SZR07,Гълъбово,BG344,6294,42.124722,26.006004
bg_settlement_00552,00552,Априлово,Aprilovo,с.,SZR,tk_loan_management_bg.state_bg_SZR,SZR07,Гълъбово,BG344,6281,42.194444,25.85673
bg_settlement_10416,10416,Великово,Velikovo,с.,SZR,tk_loan_management_bg.state_bg_SZR,SZR07,Гълъбово,BG344,6282,42.187278,25.799027
bg_settlement_87641,87641,Ясеново,Yasenovo,с.,SZR,tk_loan_management_bg.state_bg_SZR,SZR12,Казанлък,BG344,6147,42.688023,25.250183
bg_settlement_38858,38858,Коста Перчево,Kosta Perchevo,с.,VID,tk_loan_management_bg.state_bg_VID,VID22,Кула,BG311,3833,43.853351,22.590827
bg_settlement_81503,81503,Чичил,Chichil,с.,VID,tk_loan_management_bg.state_bg_VID,VID22,Кула,BG311,3819,43.901909,22.611073
bg_settlement_11778,11778,Воднянци,Vodnyantsi,с.,VID,tk_loan_management_bg.state_bg_VID,VID16,Димово,BG311,3924,43.700047,22.859382
bg_settlement_11497,11497,Владиченци,Vladichentsi,с.,VID,tk_loan_management_bg.state_bg_VID,VID16,Димово,BG311,3748,43.780951,22.849417
bg_settlement_46320,46320,Мали Дреновец,Mali Drenovets,с.,VID,tk_loan_management_bg.state_bg_VID,VID16,Димово,BG311,3749,43.783482,22.862064
bg_settlement_38618,38618,Коритен,Koriten,с.,DOB,tk_loan_management_bg.state_bg_DOB,DOB20,Крушари,BG332,9403,43.926037,27.756224
bg_settlement_36138,36138,Капитан Димитрово,Kapitan Dimitrovo,с.,DOB,tk_loan_management_bg.state_bg_DOB,DOB20,Крушари,BG332,9408,43.954129,27.692183
bg_settlement_37188,37188,Кладоруб,Kladorub,с.,VID,tk_loan_management_bg.state_bg_VID,VID16,Димово,BG311,3758,43.716586,22.651175
bg_settlement_54434,54434,Острокапци,Ostrokaptsi,с.,VID,tk_loan_management_bg.state_bg_VID,VID16,Димово,BG311,3757,43.7249,22.685485
bg_settlement_87549,87549,Ярловица,Yarlovitsa,с.,VID,tk_loan_management_bg.state_bg_VID,VID16,Димово,BG311,3799,43.745982,22.900565
bg_settlement_65913,65913,Северци,Severtsi,с.,DOB,tk_loan_management_bg.state_bg_DOB,DOB20,Крушари,BG332,9415,43.798859,27.697152
bg_settlement_65906,65906,Северняк,Severnyak,с.,DOB,tk_loan_management_bg.state_bg_DOB,DOB20,Крушари,BG332,9405,43.947757,27.785077
bg_settlement_57858,57858,Поручик Кърджиево,Poruchik Kardzhievo,с.,DOB,tk_loan_management_bg.state_bg_DOB,DOB20,Крушари,BG332,9409,43.943401,27.801641
bg_settlement_57234,57234,Полковник Дяково,Polkovnik Dyakovo,с.,DOB,tk_loan_management_bg.state_bg_DOB,DOB20,Крушари,BG332,9401,43.846106,27.788855
bg_settlement_53357,53357,Огняново,Ognyanovo,с.,DOB,tk_loan_management_bg.state_bg_DOB,DOB20,Крушари,BG332,9423,43.903668,27.664503
bg_settlement_72196,72196,Телериг,Telerig,с.,DOB,tk_loan_management_bg.state_bg_DOB,DOB20,Крушари,BG332,9420,43.84391,27.670072
bg_settlement_68312,68312,Средец,Sredets,с.,SZR,tk_loan_management_bg.state_bg_SZR,SZR23,Опан,BG344,6066,42.247876,25.670024
bg_settlement_69434,69434,Столетово,Stoletovo,с.,SZR,tk_loan_management_bg.state_bg_SZR,SZR23,Опан,BG344,6054,42.134192,25.749977
bg_settlement_72970,72970,Тракия,Trakia,с.,SZR,tk_loan_management_bg.state_bg_SZR,SZR23,Опан,BG344,6074,42.197941,25.639973
bg_settlement_87713,87713,Ястребово,Yastrebovo,с.,SZR,tk_loan_management_bg.state_bg_SZR,SZR23,Опан,BG344,6056,42.283102,25.666501
bg_settlement_53576,53576,Опан,Opan,с.,SZR,tk_loan_management_bg.state_bg_SZR,SZR23,Опан,BG344,6078,42.210641,25.687551
bg_settlement_59166,59166,Пъстрен,Pastren,с.,SZR,tk_loan_management_bg.state_bg_SZR,SZR23,Опан,BG344,6075,42.248804,25.750874
bg_settlement_61791,61791,Княжевско,Knyazhevsko,с.,SZR,tk_loan_management_bg.state_bg_SZR,SZR23,Опан,BG344,6077,42.212146,25.792692
bg_settlement_39222,39222,Кравино,Kravino,с.,SZR,tk_loan_management_bg.state_bg_SZR,SZR23,Опан,BG344,6075,42.222499,25.755086
bg_settlement_03023,03023,Бащино,Bashtino,с.,SZR,tk_loan_management_bg.state_bg_SZR,SZR23,Опан,BG344,6068,42.101611,25.740384
bg_settlement_07750,07750,Бял извор,Byal izvor,с.,SZR,tk_loan_management_bg.state_bg_SZR,SZR23,Опан,BG344,6073,42.157558,25.638062
bg_settlement_07819,07819,Бяло поле,Byalo pole,с.,SZR,tk_loan_management_bg.state_bg_SZR,SZR23,Опан,BG344,6054,42.162486,25.718582
bg_settlement_10224,10224,Васил Левски,Vasil Levski,с.,SZR,tk_loan_management_bg.state_bg_SZR,SZR23,Опан,BG344,6068,42.107661,25.774716
bg_settlement_10639,10639,Венец,Venets,с.,SZR,tk_loan_management_bg.state_bg_SZR,SZR23,Опан,BG344,6078,42.191997,25.733493
bg_settlement_05997,05997,Бояново,Boyanovo,с.,VID,tk_loan_management_bg.state_bg_VID,VID15,Грамада,BG311,3832,43.875187,22.689452
bg_settlement_48266,48266,Милчина лъка,Milchina laka,с.,VID,tk_loan_management_bg.state_bg_VID,VID15,Грамада,BG311,3846,43.887429,22.687586
bg_settlement_47583,47583,Медешевци,Medeshevtsi,с.,VID,tk_loan_management_bg.state_bg_VID,VID15,Грамада,BG311,3845,43.886515,22.642573
bg_settlement_68268,68268,Срацимирово,Sratsimirovo,с.,VID,tk_loan_management_bg.state_bg_VID,VID15,Грамада,BG311,3847,43.829372,22.735154
bg_settlement_05009,05009,Божурец,Bozhurets,с.,DOB,tk_loan_management_bg.state_bg_DOB,DOB17,Каварна,BG332,9656,43.424613,28.293388
bg_settlement_03318,03318,Белгун,Belgun,с.,DOB,tk_loan_management_bg.state_bg_DOB,DOB17,Каварна,BG332,9690,43.602135,28.325397
bg_settlement_12173,12173,Вранино,Vranino,с.,DOB,tk_loan_management_bg.state_bg_DOB,DOB17,Каварна,BG332,9663,43.526918,28.307104
bg_settlement_70586,70586,Сърнево,Sarnevo,с.,SZR,tk_loan_management_bg.state_bg_SZR,SZR27,Раднево,BG344,6268,42.356048,25.838567
bg_settlement_72477,72477,Тихомирово,Tihomirovo,с.,SZR,tk_loan_management_bg.state_bg_SZR,SZR27,Раднево,BG344,6279,42.267689,25.857298
bg_settlement_72824,72824,Тополяне,Topolyane,с.,SZR,tk_loan_management_bg.state_bg_SZR,SZR27,Раднево,BG344,6277,42.298656,25.872982
bg_settlement_73225,73225,Трояново,Troyanovo,с.,SZR,tk_loan_management_bg.state_bg_SZR,SZR27,Раднево,BG344,6270,42.19754,25.953048
bg_settlement_73314,73314,Трънково,Trankovo,с.,SZR,tk_loan_management_bg.state_bg_SZR,SZR27,Раднево,BG344,6266,42.289814,25.810645
bg_settlement_53268,53268,Овчарци,Ovchartsi,с.,SZR,tk_loan_management_bg.state_bg_SZR,SZR27,Раднево,BG344,6264,42.210621,26.056721
bg_settlement_57323,57323,Полски Градец,Polski Gradets,с.,SZR,tk_loan_management_bg.state_bg_SZR,SZR27,Раднево,BG344,6276,42.189449,26.110951
bg_settlement_61460,61460,Раднево,Radnevo,гр.,SZR,tk_loan_management_bg.state_bg_SZR,SZR27,Раднево,BG344,6260,42.289274,25.933395
bg_settlement_65838,65838,Свободен,Svoboden,с.,SZR,tk_loan_management_bg.state_bg_SZR,SZR27,Раднево,BG344,6278,42.248599,25.815196
bg_settlement_81832,81832,Чучулигово,Chuchuligovo,с.,BLG,tk_loan_management_bg.state_bg_BLG,BLG33,Петрич,BG413,2865,41.400741,23.352752
bg_settlement_36782,36782,Кесарево,Kesarevo,с.,VTR,tk_loan_management_bg.state_bg_VTR,VTR31,Стражица,BG321,5161,43.152749,25.967629
bg_settlement_68998,68998,Старо Оряхово,Staro Oryahovo,с.,VAR,tk_loan_management_bg.state_bg_VAR,VAR13,Долни чифлик,BG331,9110,42.989964,27.794927
bg_settlement_72117,72117,Татари,Tatari,с.,PVN,tk_loan_management_bg.state_bg_PVN,PVN03,Белене,BG314,5934,43.56258,25.167862
bg_settlement_07630,07630,Бяла вода,Byala voda,с.,PVN,tk_loan_management_bg.state_bg_PVN,PVN03,Белене,BG314,5932,43.629343,25.040843
bg_settlement_20537,20537,Деков,Dekov,с.,PVN,tk_loan_management_bg.state_bg_PVN,PVN03,Белене,BG314,5935,43.601087,25.116513
bg_settlement_68045,68045,Сомовит,Somovit,с.,PVN,tk_loan_management_bg.state_bg_PVN,PVN08,Гулянци,BG314,5959,43.68981,24.775688
bg_settlement_10834,10834,Ветрен,Vetren,с.,SLS,tk_loan_management_bg.state_bg_SLS,SLS31,Силистра,BG325,7588,44.126982,27.036116
bg_settlement_34134,34134,Йорданово,Yordanovo,с.,SLS,tk_loan_management_bg.state_bg_SLS,SLS31,Силистра,BG325,7569,43.987087,27.105025
bg_settlement_66281,66281,Септемврийци,Septemvriytsi,с.,DOB,tk_loan_management_bg.state_bg_DOB,DOB17,Каварна,BG332,9693,43.60832,28.362628
bg_settlement_00360,00360,Александър Стамболийски,Aleksandar Stamboliyski,с.,DOB,tk_loan_management_bg.state_bg_DOB,DOB12,Генерал Тошево,BG332,9565,43.685766,28.357803
bg_settlement_03157,03157,Бежаново,Bezhanovo,с.,DOB,tk_loan_management_bg.state_bg_DOB,DOB12,Генерал Тошево,BG332,9567,43.712567,28.390135
bg_settlement_04090,04090,Било,Bilo,с.,DOB,tk_loan_management_bg.state_bg_DOB,DOB17,Каварна,BG332,9691,43.645747,28.40465
bg_settlement_07507,07507,Бързица,Barzitsa,с.,VAR,tk_loan_management_bg.state_bg_VAR,VAR24,Провадия,BG331,9274,43.074059,27.526966
bg_settlement_17508,17508,Градинарово,Gradinarovo,с.,VAR,tk_loan_management_bg.state_bg_VAR,VAR24,Провадия,BG331,9243,43.142619,27.279516
bg_settlement_18280,18280,Гълъбово,Galabovo,гр.,SZR,tk_loan_management_bg.state_bg_SZR,SZR07,Гълъбово,BG344,6280,42.142884,25.875236
bg_settlement_49391,49391,Мусачево,Musachevo,с.,SZR,tk_loan_management_bg.state_bg_SZR,SZR07,Гълъбово,BG344,6284,42.107113,25.828906
bg_settlement_20701,20701,Детелина,Detelina,с.,VAR,tk_loan_management_bg.state_bg_VAR,VAR13,Долни чифлик,BG331,9111,42.984991,27.772546
bg_settlement_39801,39801,Кривини,Krivini,с.,VAR,tk_loan_management_bg.state_bg_VAR,VAR13,Долни чифлик,BG331,9123,42.951571,27.671344
bg_settlement_07257,07257,Българево,Balgarevo,с.,DOB,tk_loan_management_bg.state_bg_DOB,DOB17,Каварна,BG332,9660,43.402632,28.413007
bg_settlement_58699,58699,Професор Иширково,Profesor Ishirkovo,с.,SLS,tk_loan_management_bg.state_bg_SLS,SLS31,Силистра,BG325,7572,43.996418,27.162765
bg_settlement_44540,44540,Любеново,Lyubenovo,с.,SZR,tk_loan_management_bg.state_bg_SZR,SZR27,Раднево,BG344,6267,42.195516,25.917197
bg_settlement_11003,11003,Видно,Vidno,с.,DOB,tk_loan_management_bg.state_bg_DOB,DOB17,Каварна,BG332,9668,43.562176,28.377622
bg_settlement_57861,57861,Поручик Чунчево,Poruchik Chunchevo,с.,DOB,tk_loan_management_bg.state_bg_DOB,DOB17,Каварна,BG332,9658,43.485462,28.471065
bg_settlement_21614,21614,Добромир,Dobromir,с.,BGS,tk_loan_management_bg.state_bg_BGS,BGS18,Руен,BG341,8552,42.952027,27.286959
bg_settlement_58640,58640,Просеник,Prosenik,с.,BGS,tk_loan_management_bg.state_bg_BGS,BGS18,Руен,BG341,8548,42.79824,27.451252
bg_settlement_14888,14888,Искър,Iskar,с.,PVN,tk_loan_management_bg.state_bg_PVN,PVN08,Гулянци,BG314,5972,43.670947,24.449351
bg_settlement_39712,39712,Крета,Kreta,с.,PVN,tk_loan_management_bg.state_bg_PVN,PVN08,Гулянци,BG314,5961,43.599674,24.676421
bg_settlement_23529,23529,Драка,Draka,с.,BGS,tk_loan_management_bg.state_bg_BGS,BGS06,Средец,BG341,8324,42.363129,27.019871
bg_settlement_67012,67012,Славовица,Slavovitsa,с.,PVN,tk_loan_management_bg.state_bg_PVN,PVN10,Долна Митрополия,BG314,5858,43.616534,24.450045
bg_settlement_68607,68607,Ставерци,Stavertsi,с.,PVN,tk_loan_management_bg.state_bg_PVN,PVN10,Долна Митрополия,BG314,5863,43.572151,24.278167
bg_settlement_17364,17364,Гостиля,Gostilya,с.,PVN,tk_loan_management_bg.state_bg_PVN,PVN10,Долна Митрополия,BG314,5864,43.565978,24.223274
bg_settlement_22215,22215,Долна Митрополия,Dolna Mitropolia,гр.,PVN,tk_loan_management_bg.state_bg_PVN,PVN10,Долна Митрополия,BG314,5855,43.468065,24.524953
bg_settlement_56865,56865,Победа,Pobeda,с.,PVN,tk_loan_management_bg.state_bg_PVN,PVN10,Долна Митрополия,BG314,5873,43.502051,24.548948
bg_settlement_57025,57025,Подем,Podem,с.,PVN,tk_loan_management_bg.state_bg_PVN,PVN10,Долна Митрополия,BG314,5852,43.540998,24.589466
bg_settlement_62596,62596,Рибен,Riben,с.,PVN,tk_loan_management_bg.state_bg_PVN,PVN10,Долна Митрополия,BG314,5847,43.529437,24.628609
bg_settlement_03993,03993,Биволаре,Bivolare,с.,PVN,tk_loan_management_bg.state_bg_PVN,PVN10,Долна Митрополия,BG314,5849,43.485654,24.558849
bg_settlement_05013,05013,Божурица,Bozhuritsa,с.,PVN,tk_loan_management_bg.state_bg_PVN,PVN10,Долна Митрополия,BG314,5848,43.509804,24.601805
bg_settlement_06210,06210,Брегаре,Bregare,с.,PVN,tk_loan_management_bg.state_bg_PVN,PVN10,Долна Митрополия,BG314,5862,43.595115,24.330363
bg_settlement_17470,17470,Градина,Gradina,с.,PVN,tk_loan_management_bg.state_bg_PVN,PVN11,Долни Дъбник,BG314,5879,43.352005,24.479301
bg_settlement_22407,22407,Долни Дъбник,Dolni Dabnik,гр.,PVN,tk_loan_management_bg.state_bg_PVN,PVN11,Долни Дъбник,BG314,5870,43.408946,24.44024
bg_settlement_73345,73345,Трънчовица,Tranchovitsa,с.,PVN,tk_loan_management_bg.state_bg_PVN,PVN16,Левски,BG314,5925,43.485834,24.99684
bg_settlement_10080,10080,Варана,Varana,с.,PVN,tk_loan_management_bg.state_bg_PVN,PVN16,Левски,BG314,5911,43.355613,25.219103
bg_settlement_17556,17556,Градище,Gradishte,с.,PVN,tk_loan_management_bg.state_bg_PVN,PVN16,Левски,BG314,5910,43.323996,25.203909
bg_settlement_32531,32531,Изгрев,Izgrev,с.,PVN,tk_loan_management_bg.state_bg_PVN,PVN16,Левски,BG314,5924,43.468772,25.04759
bg_settlement_37647,37647,Козар Белене,Kozar Belene,с.,PVN,tk_loan_management_bg.state_bg_PVN,PVN16,Левски,BG314,5915,43.409169,25.156891
bg_settlement_43236,43236,Левски,Levski,гр.,PVN,tk_loan_management_bg.state_bg_PVN,PVN16,Левски,BG314,5900,43.361518,25.143409
bg_settlement_46841,46841,Малчика,Malchika,с.,PVN,tk_loan_management_bg.state_bg_PVN,PVN16,Левски,BG314,5917,43.413484,25.109421
bg_settlement_36587,36587,Каспичан,Kaspichan,гр.,SHU,tk_loan_management_bg.state_bg_SHU,SHU19,Каспичан,BG333,9930,43.315174,27.160949
bg_settlement_36590,36590,Каспичан,Kaspichan,с.,SHU,tk_loan_management_bg.state_bg_SHU,SHU19,Каспичан,BG333,9930,43.315174,27.160949
bg_settlement_62092,62092,Раковски,Rakovski,с.,DOB,tk_loan_management_bg.state_bg_DOB,DOB17,Каварна,BG332,9659,43.48566,28.40944
bg_settlement_02097,02097,Бабук,Babuk,с.,SLS,tk_loan_management_bg.state_bg_SLS,SLS31,Силистра,BG325,7573,44.012508,27.246304
bg_settlement_53089,53089,Обнова,Obnova,с.,PVN,tk_loan_management_bg.state_bg_PVN,PVN16,Левски,BG314,5922,43.438816,24.98573
bg_settlement_00761,00761,Асеновци,Asenovtsi,с.,PVN,tk_loan_management_bg.state_bg_PVN,PVN16,Левски,BG314,5913,43.327909,25.099836
bg_settlement_00802,00802,Аспарухово,Asparuhovo,с.,PVN,tk_loan_management_bg.state_bg_PVN,PVN16,Левски,BG314,5914,43.393315,25.126587
bg_settlement_05044,05044,Божурлук,Bozhurluk,с.,PVN,tk_loan_management_bg.state_bg_PVN,PVN16,Левски,BG314,5926,43.535915,25.182214
bg_settlement_07274,07274,Българене,Balgarene,с.,PVN,tk_loan_management_bg.state_bg_PVN,PVN16,Левски,BG314,5923,43.439964,25.075828
bg_settlement_80697,80697,Черковица,Cherkovitsa,с.,PVN,tk_loan_management_bg.state_bg_PVN,PVN21,Никопол,BG314,5951,43.702542,24.834333
bg_settlement_20314,20314,Дебово,Debovo,с.,PVN,tk_loan_management_bg.state_bg_PVN,PVN21,Никопол,BG314,5958,43.588155,24.883016
bg_settlement_23193,23193,Драгаш войвода,Dragash voyvoda,с.,PVN,tk_loan_management_bg.state_bg_PVN,PVN21,Никопол,BG314,5952,43.676215,24.957353
bg_settlement_51723,51723,Никопол,Nikopol,гр.,PVN,tk_loan_management_bg.state_bg_PVN,PVN21,Никопол,BG314,5940,43.700196,24.894622
bg_settlement_00744,00744,Асеново,Asenovo,с.,PVN,tk_loan_management_bg.state_bg_PVN,PVN21,Никопол,BG314,5957,43.555302,24.865746
bg_settlement_27471,27471,Енево,Enevo,с.,SHU,tk_loan_management_bg.state_bg_SHU,SHU22,Нови пазар,BG333,9919,43.319548,27.218651
bg_settlement_52009,52009,Нови пазар,Novi pazar,гр.,SHU,tk_loan_management_bg.state_bg_SHU,SHU22,Нови пазар,BG333,9900,43.346798,27.195551
bg_settlement_07329,07329,Българка,Balgarka,с.,SLS,tk_loan_management_bg.state_bg_SLS,SLS31,Силистра,BG325,7544,44.023184,27.327923
bg_settlement_66665,66665,Ситово,Sitovo,с.,SLS,tk_loan_management_bg.state_bg_SLS,SLS32,Ситово,BG325,7583,44.025235,27.022917
bg_settlement_69095,69095,Староселци,Staroseltsi,с.,PVN,tk_loan_management_bg.state_bg_PVN,PVN23,Искър,BG314,5865,43.538358,24.277897
bg_settlement_22438,22438,Долни Луковит,Dolni Lukovit,с.,PVN,tk_loan_management_bg.state_bg_PVN,PVN23,Искър,BG314,5867,43.514651,24.215391
bg_settlement_73674,73674,Търнене,Tarnene,с.,PVN,tk_loan_management_bg.state_bg_PVN,PVN24,Плевен,BG314,5882,43.385533,24.508008
bg_settlement_87597,87597,Ясен,Yasen,с.,PVN,tk_loan_management_bg.state_bg_PVN,PVN24,Плевен,BG314,5850,43.430695,24.522812
bg_settlement_24935,24935,Дисевица,Disevitsa,с.,PVN,tk_loan_management_bg.state_bg_PVN,PVN24,Плевен,BG314,5886,43.398586,24.516593
bg_settlement_40974,40974,Къртожабене,Kartozhabene,с.,PVN,tk_loan_management_bg.state_bg_PVN,PVN24,Плевен,BG314,5883,43.362708,24.532137
bg_settlement_51620,51620,Николаево,Nikolaevo,с.,PVN,tk_loan_management_bg.state_bg_PVN,PVN24,Плевен,BG314,5874,43.256251,24.604209
bg_settlement_56722,56722,Плевен,Pleven,гр.,PVN,tk_loan_management_bg.state_bg_PVN,PVN24,Плевен,BG314,5800,43.41841,24.608327
bg_settlement_06690,06690,Бръшляница,Brashlyanitsa,с.,PVN,tk_loan_management_bg.state_bg_PVN,PVN24,Плевен,BG314,5844,43.546946,24.731372
bg_settlement_67249,67249,Слатина,Slatina,с.,SLS,tk_loan_management_bg.state_bg_SLS,SLS32,Ситово,BG325,7585,43.992715,27.040434
bg_settlement_78210,78210,Хан Крум,Han Krum,с.,SHU,tk_loan_management_bg.state_bg_SHU,SHU23,Велики Преслав,BG333,9863,43.207508,26.889659
bg_settlement_21693,21693,Добротица,Dobrotitsa,с.,SLS,tk_loan_management_bg.state_bg_SLS,SLS32,Ситово,BG325,7531,43.953628,27.014317
bg_settlement_51901,51901,Нова Попина,Nova Popina,с.,SLS,tk_loan_management_bg.state_bg_SLS,SLS32,Ситово,BG325,7582,44.027125,26.955284
bg_settlement_05757,05757,Босна,Bosna,с.,SLS,tk_loan_management_bg.state_bg_SLS,SLS32,Ситово,BG325,7533,43.962855,26.969441
bg_settlement_70682,70682,Сяново,Syanovo,с.,SLS,tk_loan_management_bg.state_bg_SLS,SLS34,Тутракан,BG325,7647,43.944441,26.501603
bg_settlement_65543,65543,Свети Никола,Sveti Nikola,с.,DOB,tk_loan_management_bg.state_bg_DOB,DOB17,Каварна,BG332,9662,43.435026,28.49271
bg_settlement_55110,55110,Падина,Padina,с.,VAR,tk_loan_management_bg.state_bg_VAR,VAR14,Девня,BG331,9136,43.16091,27.573934
bg_settlement_38772,38772,Косово,Kosovo,с.,VID,tk_loan_management_bg.state_bg_VID,VID06,Брегово,BG311,3794,44.0985,22.632932
bg_settlement_06999,06999,Буковлък,Bukovlak,с.,PVN,tk_loan_management_bg.state_bg_PVN,PVN24,Плевен,BG314,5839,43.443854,24.61564
bg_settlement_67708,67708,Смядово,Smyadovo,гр.,SHU,tk_loan_management_bg.state_bg_SHU,SHU25,Смядово,BG333,9820,43.064223,27.017596
bg_settlement_87429,87429,Янково,Yankovo,с.,SHU,tk_loan_management_bg.state_bg_SHU,SHU25,Смядово,BG333,9823,43.076989,27.123863
bg_settlement_07729,07729,Бял бряг,Byal bryag,с.,SHU,tk_loan_management_bg.state_bg_SHU,SHU25,Смядово,BG333,9824,43.058059,27.107479
bg_settlement_29177,29177,Желъд,Zhelad,с.,SHU,tk_loan_management_bg.state_bg_SHU,SHU25,Смядово,BG333,9826,43.049411,27.173033
bg_settlement_40840,40840,Кълново,Kalnovo,с.,SHU,tk_loan_management_bg.state_bg_SHU,SHU25,Смядово,BG333,9821,43.096633,27.040382
bg_settlement_52310,52310,Ново Янково,Novo Yankovo,с.,SHU,tk_loan_management_bg.state_bg_SHU,SHU25,Смядово,BG333,9825,43.066677,27.170759
bg_settlement_07332,07332,Българово,Balgarovo,гр.,BGS,tk_loan_management_bg.state_bg_BGS,BGS04,Бургас,BG341,8110,42.617876,27.305419
bg_settlement_35384,35384,Калина,Kalina,с.,VID,tk_loan_management_bg.state_bg_VID,VID06,Брегово,BG311,3788,44.06776,22.763194
bg_settlement_43476,43476,Летница,Letnitsa,гр.,LOV,tk_loan_management_bg.state_bg_LOV,LOV17,Летница,BG315,5570,43.307631,25.055537
bg_settlement_87453,87453,Янтра,Yantra,с.,VTR,tk_loan_management_bg.state_bg_VTR,VTR06,Горна Оряховица,BG321,5135,43.205778,25.676121
bg_settlement_65187,65187,Салманово,Salmanovo,с.,SHU,tk_loan_management_bg.state_bg_SHU,SHU30,Шумен,BG333,9817,43.169967,26.976382
bg_settlement_73496,73496,Тутракан,Tutrakan,гр.,SLS,tk_loan_management_bg.state_bg_SLS,SLS34,Тутракан,BG325,7600,44.046854,26.616473
bg_settlement_12735,12735,Върбица,Varbitsa,с.,VTR,tk_loan_management_bg.state_bg_VTR,VTR06,Горна Оряховица,BG321,5128,43.180868,25.829002
bg_settlement_23100,23100,Драганово,Draganovo,с.,VTR,tk_loan_management_bg.state_bg_VTR,VTR06,Горна Оряховица,BG321,5137,43.218637,25.744287
bg_settlement_40172,40172,Крушето,Krusheto,с.,VTR,tk_loan_management_bg.state_bg_VTR,VTR06,Горна Оряховица,BG321,5134,43.24136,25.674989
bg_settlement_38162,38162,Комунари,Komunari,с.,VAR,tk_loan_management_bg.state_bg_VAR,VAR16,Дългопол,BG331,9254,43.011123,27.292404
bg_settlement_39551,39551,Красимир,Krasimir,с.,VAR,tk_loan_management_bg.state_bg_VAR,VAR16,Дългопол,BG331,9258,43.034972,27.305601
bg_settlement_57217,57217,Поликраище,Polikraishte,с.,VTR,tk_loan_management_bg.state_bg_VTR,VTR06,Горна Оряховица,BG321,5138,43.178406,25.620149
bg_settlement_57981,57981,Правда,Pravda,с.,VTR,tk_loan_management_bg.state_bg_VTR,VTR06,Горна Оряховица,BG321,5125,43.159073,25.681093
bg_settlement_30962,30962,Златарица,Zlataritsa,гр.,VTR,tk_loan_management_bg.state_bg_VTR,VTR14,Златарица,BG321,5090,43.040394,25.892175
bg_settlement_63118,63118,Росно,Rosno,с.,VTR,tk_loan_management_bg.state_bg_VTR,VTR14,Златарица,BG321,5091,43.054083,25.937488
bg_settlement_20835,20835,Джулюница,Dzhulyunitsa,с.,VTR,tk_loan_management_bg.state_bg_VTR,VTR20,Лясковец,BG321,5146,43.137436,25.901717
bg_settlement_37664,37664,Козаревец,Kozarevets,с.,VTR,tk_loan_management_bg.state_bg_VTR,VTR20,Лясковец,BG321,5148,43.131894,25.823279
bg_settlement_68708,68708,Стамболово,Stambolovo,с.,VTR,tk_loan_management_bg.state_bg_VTR,VTR22,Павликени,BG321,5249,43.211344,25.367026
bg_settlement_07716,07716,Бяла черква,Byala cherkva,гр.,VTR,tk_loan_management_bg.state_bg_VTR,VTR22,Павликени,BG321,5220,43.205067,25.310579
bg_settlement_22160,22160,Долна Липница,Dolna Lipnitsa,с.,VTR,tk_loan_management_bg.state_bg_VTR,VTR22,Павликени,BG321,5226,43.314613,25.461541
bg_settlement_43356,43356,Лесичери,Lesicheri,с.,VTR,tk_loan_management_bg.state_bg_VTR,VTR22,Павликени,BG321,5222,43.217773,25.420995
bg_settlement_48550,48550,Михалци,Mihaltsi,с.,VTR,tk_loan_management_bg.state_bg_VTR,VTR22,Павликени,BG321,5248,43.18975,25.359098
bg_settlement_07123,07123,Бутово,Butovo,с.,VTR,tk_loan_management_bg.state_bg_VTR,VTR22,Павликени,BG321,5232,43.302314,25.220581
bg_settlement_12869,12869,Вързулица,Varzulitsa,с.,VTR,tk_loan_management_bg.state_bg_VTR,VTR26,Полски Тръмбеш,BG321,5191,43.429636,25.460082
bg_settlement_24044,24044,Дунавец,Dunavets,с.,SLS,tk_loan_management_bg.state_bg_SLS,SLS34,Тутракан,BG325,7623,44.067901,26.745544
bg_settlement_32175,32175,Иванча,Ivancha,с.,VTR,tk_loan_management_bg.state_bg_VTR,VTR26,Полски Тръмбеш,BG321,5194,43.335107,25.553153
bg_settlement_12317,12317,Връв,Vrav,с.,VID,tk_loan_management_bg.state_bg_VID,VID06,Брегово,BG311,3779,44.193534,22.735892
bg_settlement_40782,40782,Куцина,Kutsina,с.,VTR,tk_loan_management_bg.state_bg_VTR,VTR26,Полски Тръмбеш,BG321,5189,43.265289,25.643408
bg_settlement_41246,41246,Климентово,Klimentovo,с.,VTR,tk_loan_management_bg.state_bg_VTR,VTR26,Полски Тръмбеш,BG321,5183,43.362603,25.603283
bg_settlement_47439,47439,Масларево,Maslarevo,с.,VTR,tk_loan_management_bg.state_bg_VTR,VTR26,Полски Тръмбеш,BG321,5198,43.415236,25.465543
bg_settlement_05852,05852,Ботево,Botevo,с.,MON,tk_loan_management_bg.state_bg_MON,MON11,Вълчедръм,BG312,3634,43.747809,23.462154
bg_settlement_61707,61707,Разград,Razgrad,с.,MON,tk_loan_management_bg.state_bg_MON,MON11,Вълчедръм,BG312,3633,43.749348,23.492291
bg_settlement_32295,32295,Игнатово,Ignatovo,с.,MON,tk_loan_management_bg.state_bg_MON,MON11,Вълчедръм,BG312,3631,43.781521,23.487123
bg_settlement_53014,53014,Обединение,Obedinenie,с.,VTR,tk_loan_management_bg.state_bg_VTR,VTR26,Полски Тръмбеш,BG321,5195,43.336567,25.494095
bg_settlement_55018,55018,Павел,Pavel,с.,VTR,tk_loan_management_bg.state_bg_VTR,VTR26,Полски Тръмбеш,BG321,5197,43.469131,25.537293
bg_settlement_57354,57354,Полски Тръмбеш,Polski Trambesh,гр.,VTR,tk_loan_management_bg.state_bg_VTR,VTR26,Полски Тръмбеш,BG321,5180,43.367594,25.631915
bg_settlement_61279,61279,Раданово,Radanovo,с.,VTR,tk_loan_management_bg.state_bg_VTR,VTR26,Полски Тръмбеш,BG321,5185,43.345358,25.635685
bg_settlement_65471,65471,Петко Каравелово,Petko Karavelovo,с.,VTR,tk_loan_management_bg.state_bg_VTR,VTR26,Полски Тръмбеш,BG321,5184,43.301437,25.65037
bg_settlement_77013,77013,Хаджидимитрово,Hadzhidimitrovo,с.,VTR,tk_loan_management_bg.state_bg_VTR,VTR28,Свищов,BG321,5287,43.518614,25.45099
bg_settlement_78121,78121,Царевец,Tsarevets,с.,VTR,tk_loan_management_bg.state_bg_VTR,VTR28,Свищов,BG321,5282,43.585728,25.364162
bg_settlement_31053,31053,Златия,Zlatia,с.,MON,tk_loan_management_bg.state_bg_MON,MON11,Вълчедръм,BG312,3630,43.77105,23.498539
bg_settlement_10118,10118,Вардим,Vardim,с.,VTR,tk_loan_management_bg.state_bg_VTR,VTR28,Свищов,BG321,5281,43.611913,25.469904
bg_settlement_20630,20630,Деляновци,Delyanovtsi,с.,VTR,tk_loan_management_bg.state_bg_VTR,VTR28,Свищов,BG321,5292,43.441303,25.141584
bg_settlement_23431,23431,Драгомирово,Dragomirovo,с.,VTR,tk_loan_management_bg.state_bg_VTR,VTR28,Свищов,BG321,5285,43.515704,25.248519
bg_settlement_16184,16184,Септемврийци,Septemvriytsi,с.,MON,tk_loan_management_bg.state_bg_MON,MON11,Вълчедръм,BG312,3637,43.612875,23.511452
bg_settlement_12543,12543,Вълчедръм,Valchedram,гр.,MON,tk_loan_management_bg.state_bg_MON,MON11,Вълчедръм,BG312,3650,43.696103,23.444752
bg_settlement_80933,80933,Черни връх,Cherni vrah,с.,MON,tk_loan_management_bg.state_bg_MON,MON11,Вълчедръм,BG312,3649,43.649556,23.410973
bg_settlement_37784,37784,Козловец,Kozlovets,с.,VTR,tk_loan_management_bg.state_bg_VTR,VTR28,Свищов,BG321,5290,43.507829,25.36294
bg_settlement_87655,87655,Ясна поляна,Yasna polyana,с.,BGS,tk_loan_management_bg.state_bg_BGS,BGS27,Приморско,BG341,8147,42.280624,27.613703
bg_settlement_06570,06570,Брусарци,Brusartsi,гр.,MON,tk_loan_management_bg.state_bg_MON,MON07,Брусарци,BG312,3680,43.66253,23.066269
bg_settlement_39743,39743,Крива бара,Kriva bara,с.,MON,tk_loan_management_bg.state_bg_MON,MON07,Брусарци,BG312,3669,43.692014,23.079531
bg_settlement_37397,37397,Княжева махала,Knyazheva mahala,с.,MON,tk_loan_management_bg.state_bg_MON,MON07,Брусарци,BG312,3677,43.689612,23.050716
bg_settlement_24298,24298,Дъбова махала,Dabova mahala,с.,MON,tk_loan_management_bg.state_bg_MON,MON07,Брусарци,BG312,3674,43.682971,23.017069
bg_settlement_22945,22945,Дондуково,Dondukovo,с.,MON,tk_loan_management_bg.state_bg_MON,MON07,Брусарци,BG312,3659,43.711808,23.101461
bg_settlement_10255,10255,Василовци,Vasilovtsi,с.,MON,tk_loan_management_bg.state_bg_MON,MON07,Брусарци,BG312,3658,43.716625,23.132497
bg_settlement_49028,49028,Морава,Morava,с.,VTR,tk_loan_management_bg.state_bg_VTR,VTR28,Свищов,BG321,5291,43.451883,25.212203
bg_settlement_67154,67154,Сладък кладенец,Sladak kladenets,с.,SZR,tk_loan_management_bg.state_bg_SZR,SZR31,Стара Загора,BG344,6064,42.405486,25.387931
bg_settlement_07598,07598,Бяла,Byala,гр.,VAR,tk_loan_management_bg.state_bg_VAR,VAR05,Бяла,BG331,9101,42.879753,27.88079
bg_settlement_38354,38354,Константиново,Konstantinovo,с.,VAR,tk_loan_management_bg.state_bg_VAR,VAR06,Варна,BG331,9180,43.162653,27.780643
bg_settlement_03397,03397,Бели брод,Beli brod,с.,MON,tk_loan_management_bg.state_bg_MON,MON04,Бойчиновци,BG312,3447,43.536273,23.576172
bg_settlement_57844,57844,Портитовци,Portitovtsi,с.,MON,tk_loan_management_bg.state_bg_MON,MON04,Бойчиновци,BG312,3432,43.493704,23.364725
bg_settlement_43517,43517,Лехчево,Lehchevo,с.,MON,tk_loan_management_bg.state_bg_MON,MON04,Бойчиновци,BG312,3445,43.532106,23.534143
bg_settlement_37424,37424,Кобиляк,Kobilyak,с.,MON,tk_loan_management_bg.state_bg_MON,MON04,Бойчиновци,BG312,3442,43.52941,23.450112
bg_settlement_17943,17943,Громшин,Gromshin,с.,MON,tk_loan_management_bg.state_bg_MON,MON04,Бойчиновци,BG312,3444,43.525744,23.49149
bg_settlement_11418,11418,Владимирово,Vladimirovo,с.,MON,tk_loan_management_bg.state_bg_MON,MON04,Бойчиновци,BG312,3440,43.533964,23.394907
bg_settlement_53196,53196,Овча могила,Ovcha mogila,с.,VTR,tk_loan_management_bg.state_bg_VTR,VTR28,Свищов,BG321,5295,43.435236,25.256809
bg_settlement_53672,53672,Ореш,Oresh,с.,VTR,tk_loan_management_bg.state_bg_VTR,VTR28,Свищов,BG321,5280,43.577639,25.242409
bg_settlement_65766,65766,Свищов,Svishtov,гр.,VTR,tk_loan_management_bg.state_bg_VTR,VTR28,Свищов,BG321,5250,43.616809,25.348056
bg_settlement_00237,00237,Алеково,Alekovo,с.,VTR,tk_loan_management_bg.state_bg_VTR,VTR28,Свищов,BG321,5288,43.46624,25.419506
bg_settlement_00285,00285,Александрово,Aleksandrovo,с.,VTR,tk_loan_management_bg.state_bg_VTR,VTR28,Свищов,BG321,5289,43.44916,25.398206
bg_settlement_65019,65019,Сава,Sava,с.,VAR,tk_loan_management_bg.state_bg_VAR,VAR16,Дългопол,BG331,9251,43.03106,27.379282
bg_settlement_00624,00624,Арковна,Arkovna,с.,VAR,tk_loan_management_bg.state_bg_VAR,VAR16,Дългопол,BG331,9246,43.035788,27.199788
bg_settlement_81181,81181,Черноморци,Chernomortsi,с.,DOB,tk_loan_management_bg.state_bg_DOB,DOB29,Шабла,BG332,9678,43.670896,28.443857
bg_settlement_67550,67550,Смин,Smin,с.,DOB,tk_loan_management_bg.state_bg_DOB,DOB29,Шабла,BG332,9679,43.660427,28.472053
bg_settlement_06731,06731,Бряговица,Bryagovitsa,с.,VTR,tk_loan_management_bg.state_bg_VTR,VTR31,Стражица,BG321,5152,43.192669,25.88612
bg_settlement_11795,11795,Водолей,Vodoley,с.,VTR,tk_loan_management_bg.state_bg_VTR,VTR04,Велико Търново,BG321,5061,43.215553,25.511126
bg_settlement_21244,21244,Дичин,Dichin,с.,VTR,tk_loan_management_bg.state_bg_VTR,VTR04,Велико Търново,BG321,5059,43.216633,25.481527
bg_settlement_62517,62517,Ресен,Resen,с.,VTR,tk_loan_management_bg.state_bg_VTR,VTR04,Велико Търново,BG321,5060,43.198243,25.557772
bg_settlement_86088,86088,Юнец,Yunets,с.,VAR,tk_loan_management_bg.state_bg_VAR,VAR13,Долни чифлик,BG331,9109,42.930042,27.763298
bg_settlement_87463,87463,Янтра,Yantra,с.,GAB,tk_loan_management_bg.state_bg_GAB,GAB12,Дряново,BG322,5374,42.978095,25.321345
bg_settlement_39205,39205,Кошов,Koshov,с.,RSE,tk_loan_management_bg.state_bg_RSE,RSE13,Иваново,BG323,7087,43.658534,25.9927
bg_settlement_39520,39520,Красен,Krasen,с.,RSE,tk_loan_management_bg.state_bg_RSE,RSE13,Иваново,BG323,7075,43.739029,25.980104
bg_settlement_47977,47977,Мечка,Mechka,с.,RSE,tk_loan_management_bg.state_bg_RSE,RSE13,Иваново,BG323,7091,43.707325,25.830812
bg_settlement_04981,04981,Божичен,Bozhichen,с.,RSE,tk_loan_management_bg.state_bg_RSE,RSE13,Иваново,BG323,7089,43.716766,25.954601
bg_settlement_77342,77342,Хотанца,Hotantsa,с.,RSE,tk_loan_management_bg.state_bg_RSE,RSE27,Русе,BG323,7054,43.839009,26.228527
bg_settlement_80460,80460,Червена вода,Chervena voda,с.,RSE,tk_loan_management_bg.state_bg_RSE,RSE27,Русе,BG323,7051,43.806983,26.101044
bg_settlement_24640,24640,Държаница,Darzhanitsa,с.,VID,tk_loan_management_bg.state_bg_VID,VID16,Димово,BG311,3747,43.810166,22.845161
bg_settlement_21419,21419,Добри дол,Dobri dol,с.,VAR,tk_loan_management_bg.state_bg_VAR,VAR01,Аврен,BG331,9128,43.071341,27.752258
bg_settlement_65125,65125,Садово,Sadovo,с.,VAR,tk_loan_management_bg.state_bg_VAR,VAR01,Аврен,BG331,9139,43.064378,27.716841
bg_settlement_04426,04426,Близнаци,Bliznatsi,с.,VAR,tk_loan_management_bg.state_bg_VAR,VAR01,Аврен,BG331,9132,43.060094,27.86708
bg_settlement_00672,00672,Арчар,Archar,с.,VID,tk_loan_management_bg.state_bg_VID,VID16,Димово,BG311,3770,43.810929,22.918864
bg_settlement_21097,21097,Димово,Dimovo,гр.,VID,tk_loan_management_bg.state_bg_VID,VID16,Димово,BG311,3750,43.741482,22.726678
bg_settlement_29458,29458,Житница,Zhitnitsa,с.,VAR,tk_loan_management_bg.state_bg_VAR,VAR24,Провадия,BG331,9278,43.12621,27.524464
bg_settlement_38114,38114,Комарево,Komarevo,с.,VAR,tk_loan_management_bg.state_bg_VAR,VAR24,Провадия,BG331,9269,43.116191,27.391037
bg_settlement_51679,51679,Николово,Nikolovo,с.,RSE,tk_loan_management_bg.state_bg_RSE,RSE27,Русе,BG323,7057,43.863446,26.103063
bg_settlement_58637,58637,Просена,Prosena,с.,RSE,tk_loan_management_bg.state_bg_RSE,RSE27,Русе,BG323,7055,43.865212,26.172822
bg_settlement_86026,86026,Юделник,Yudelnik,с.,RSE,tk_loan_management_bg.state_bg_RSE,RSE33,Сливо поле,BG323,7061,43.858809,26.2534
bg_settlement_46560,46560,Малко Враново,Malko Vranovo,с.,RSE,tk_loan_management_bg.state_bg_RSE,RSE33,Сливо поле,BG323,7067,43.931489,26.327906
bg_settlement_20849,20849,Джулюница,Dzhulyunitsa,с.,RSE,tk_loan_management_bg.state_bg_RSE,RSE37,Ценово,BG323,7137,43.578119,25.60783
bg_settlement_51264,51264,Неговановци,Negovanovtsi,с.,VID,tk_loan_management_bg.state_bg_VID,VID30,Ново село,BG311,3774,44.091773,22.861493
bg_settlement_32278,32278,Игнатиево,Ignatievo,гр.,VAR,tk_loan_management_bg.state_bg_VAR,VAR02,Аксаково,BG331,9143,43.248331,27.778346
bg_settlement_70473,70473,Съдиево,Sadievo,с.,BGS,tk_loan_management_bg.state_bg_BGS,BGS01,Айтос,BG341,8522,42.663904,27.320483
bg_settlement_36316,36316,Караманово,Karamanovo,с.,RSE,tk_loan_management_bg.state_bg_RSE,RSE37,Ценово,BG323,7130,43.549525,25.527265
bg_settlement_11939,11939,Войници,Voynitsi,с.,MON,tk_loan_management_bg.state_bg_MON,MON29,Монтана,BG312,3481,43.449877,23.174448
bg_settlement_46440,46440,Малка поляна,Malka polyana,с.,BGS,tk_loan_management_bg.state_bg_BGS,BGS01,Айтос,BG341,8519,42.63822,27.239556
bg_settlement_54145,54145,Осеново,Osenovo,с.,VAR,tk_loan_management_bg.state_bg_VAR,VAR02,Аксаково,BG331,9155,43.323007,28.007459
bg_settlement_00151,00151,Айтос,Aytos,гр.,BGS,tk_loan_management_bg.state_bg_BGS,BGS01,Айтос,BG341,8500,42.698961,27.248971
bg_settlement_02871,02871,Батово,Batovo,с.,DOB,tk_loan_management_bg.state_bg_DOB,DOB15,Добрич-селска,BG332,9364,43.413744,27.960554
bg_settlement_00789,00789,Аспарухово,Asparuhovo,с.,VAR,tk_loan_management_bg.state_bg_VAR,VAR16,Дългопол,BG331,9260,42.979433,27.321378
bg_settlement_39788,39788,Кривина,Krivina,с.,RSE,tk_loan_management_bg.state_bg_RSE,RSE37,Ценово,BG323,7132,43.626202,25.585514
bg_settlement_51977,51977,Новград,Novgrad,с.,RSE,tk_loan_management_bg.state_bg_RSE,RSE37,Ценово,BG323,7133,43.605672,25.586109
bg_settlement_56366,56366,Пиперково,Piperkovo,с.,RSE,tk_loan_management_bg.state_bg_RSE,RSE37,Ценово,BG323,7129,43.539089,25.58196
bg_settlement_02854,02854,Батин,Batin,с.,RSE,tk_loan_management_bg.state_bg_RSE,RSE03,Борово,BG323,7172,43.656524,25.680078
bg_settlement_70576,70576,Сърнево,Sarnevo,с.,BGS,tk_loan_management_bg.state_bg_BGS,BGS09,Карнобат,BG341,8479,42.475307,27.0931
bg_settlement_07603,07603,Бяла,Byala,гр.,RSE,tk_loan_management_bg.state_bg_RSE,RSE04,Бяла,BG323,7100,43.460241,25.738468
bg_settlement_55720,55720,Пейчиново,Peychinovo,с.,RSE,tk_loan_management_bg.state_bg_RSE,RSE04,Бяла,BG323,7127,43.444856,25.598808
bg_settlement_57368,57368,Полско Косово,Polsko Kosovo,с.,RSE,tk_loan_management_bg.state_bg_RSE,RSE04,Бяла,BG323,7131,43.425232,25.656904
bg_settlement_05743,05743,Босилковци,Bosilkovtsi,с.,RSE,tk_loan_management_bg.state_bg_RSE,RSE04,Бяла,BG323,7128,43.476223,25.588791
bg_settlement_05877,05877,Ботров,Botrov,с.,RSE,tk_loan_management_bg.state_bg_RSE,RSE04,Бяла,BG323,7125,43.513368,25.712759
bg_settlement_00775,00775,Аспарухово,Asparuhovo,с.,BGS,tk_loan_management_bg.state_bg_BGS,BGS09,Карнобат,BG341,8485,42.516917,27.11076
bg_settlement_86091,86091,Юпер,Yuper,с.,RAZ,tk_loan_management_bg.state_bg_RAZ,RAZ16,Кубрат,BG324,7338,43.912041,26.400375
bg_settlement_05699,05699,Боряна,Boryana,с.,VAR,tk_loan_management_bg.state_bg_VAR,VAR16,Дългопол,BG331,9255,43.052868,27.278023
bg_settlement_77387,77387,Храброво,Hrabrovo,с.,VAR,tk_loan_management_bg.state_bg_VAR,VAR24,Провадия,BG331,9242,43.136737,27.384248
bg_settlement_81195,81195,Черноок,Chernook,с.,VAR,tk_loan_management_bg.state_bg_VAR,VAR24,Провадия,BG331,9259,43.134186,27.210467
bg_settlement_53970,53970,Орсоя,Orsoya,с.,MON,tk_loan_management_bg.state_bg_MON,MON24,Лом,BG312,3665,43.779031,23.097211
bg_settlement_44238,44238,Лом,Lom,гр.,MON,tk_loan_management_bg.state_bg_MON,MON24,Лом,BG312,3600,43.820958,23.238041
bg_settlement_30291,30291,Замфир,Zamfir,с.,MON,tk_loan_management_bg.state_bg_MON,MON24,Лом,BG312,3644,43.784831,23.248874
bg_settlement_22695,22695,Долно Линево,Dolno Linevo,с.,MON,tk_loan_management_bg.state_bg_MON,MON24,Лом,BG312,3605,43.842888,23.325519
bg_settlement_21436,21436,Добри дол,Dobri dol,с.,MON,tk_loan_management_bg.state_bg_MON,MON24,Лом,BG312,3667,43.769162,23.001953
bg_settlement_72940,72940,Трайково,Traykovo,с.,MON,tk_loan_management_bg.state_bg_MON,MON24,Лом,BG312,3645,43.749618,23.204513
bg_settlement_68758,68758,Станево,Stanevo,с.,MON,tk_loan_management_bg.state_bg_MON,MON24,Лом,BG312,3641,43.822962,23.445029
bg_settlement_68672,68672,Сталийска махала,Staliyska mahala,с.,MON,tk_loan_management_bg.state_bg_MON,MON24,Лом,BG312,3657,43.739632,23.166553
bg_settlement_67310,67310,Сливата,Slivata,с.,MON,tk_loan_management_bg.state_bg_MON,MON24,Лом,BG312,3668,43.76445,23.03685
bg_settlement_21193,21193,Динково,Dinkovo,с.,VID,tk_loan_management_bg.state_bg_VID,VID33,Ружинци,BG311,3921,43.702835,23.037363
bg_settlement_77044,77044,Хаджи Димитър,Hadzhi Dimitar,с.,DOB,tk_loan_management_bg.state_bg_DOB,DOB17,Каварна,BG332,9657,43.473441,28.444394
bg_settlement_46975,46975,Манастир,Manastir,с.,VAR,tk_loan_management_bg.state_bg_VAR,VAR24,Провадия,BG331,9224,43.177571,27.518302
bg_settlement_53182,53182,Овчага,Ovchaga,с.,VAR,tk_loan_management_bg.state_bg_VAR,VAR24,Провадия,BG331,9233,43.165098,27.339945
bg_settlement_10731,10731,Веселие,Veselie,с.,BGS,tk_loan_management_bg.state_bg_BGS,BGS27,Приморско,BG341,8145,42.327257,27.620617
bg_settlement_52129,52129,Ново Паничарево,Novo Panicharevo,с.,BGS,tk_loan_management_bg.state_bg_BGS,BGS27,Приморско,BG341,8152,42.286408,27.555699
bg_settlement_87583,87583,Ясен,Yasen,с.,VID,tk_loan_management_bg.state_bg_VID,VID30,Ново село,BG311,3775,44.117451,22.879337
bg_settlement_61114,61114,Равна гора,Ravna gora,с.,BGS,tk_loan_management_bg.state_bg_BGS,BGS21,Созопол,BG341,8151,42.363381,27.54077
bg_settlement_58390,58390,Генерал Тодоров,General Todorov,с.,BLG,tk_loan_management_bg.state_bg_BLG,BLG33,Петрич,BG413,2873,41.454993,23.28692
bg_settlement_49312,49312,Рупите,Rupite,с.,BLG,tk_loan_management_bg.state_bg_BLG,BLG33,Петрич,BG413,2863,41.441651,23.241514
bg_settlement_47247,47247,Марино поле,Marino pole,с.,BLG,tk_loan_management_bg.state_bg_BLG,BLG33,Петрич,BG413,2867,41.413583,23.348802
bg_settlement_40539,40539,Кулата,Kulata,с.,BLG,tk_loan_management_bg.state_bg_BLG,BLG33,Петрич,BG413,2868,41.389256,23.363423
bg_settlement_69633,69633,Стражица,Strazhitsa,гр.,VTR,tk_loan_management_bg.state_bg_VTR,VTR31,Стражица,BG321,5150,43.226674,25.96039
bg_settlement_72744,72744,Тополница,Topolnitsa,с.,BLG,tk_loan_management_bg.state_bg_BLG,BLG33,Петрич,BG413,2858,41.406349,23.322571
bg_settlement_63015,63015,Атия,Atia,с.,BGS,tk_loan_management_bg.state_bg_BGS,BGS21,Созопол,BG341,8140,42.438421,27.585716
bg_settlement_63029,63029,Росен,Rosen,с.,BGS,tk_loan_management_bg.state_bg_BGS,BGS21,Созопол,BG341,8150,42.383958,27.566575
bg_settlement_22798,22798,Долно Ряхово,Dolno Ryahovo,с.,SLS,tk_loan_management_bg.state_bg_SLS,SLS07,Главиница,BG325,7624,44.061642,26.793383
bg_settlement_46927,46927,Малък Преславец,Malak Preslavets,с.,SLS,tk_loan_management_bg.state_bg_SLS,SLS07,Главиница,BG325,7620,44.067043,26.840868
bg_settlement_20047,20047,Давидово,Davidovo,с.,SLS,tk_loan_management_bg.state_bg_SLS,SLS15,Кайнарджа,BG325,7563,43.882812,27.463245
bg_settlement_30346,30346,Зарник,Zarnik,с.,SLS,tk_loan_management_bg.state_bg_SLS,SLS15,Кайнарджа,BG325,7552,43.973598,27.542525
bg_settlement_35242,35242,Кайнарджа,Kaynardzha,с.,SLS,tk_loan_management_bg.state_bg_SLS,SLS15,Кайнарджа,BG325,7550,43.992962,27.506481
bg_settlement_06954,06954,Буковец,Bukovets,с.,VID,tk_loan_management_bg.state_bg_VID,VID09,Видин,BG311,3762,43.932477,22.762505
bg_settlement_05832,05832,Ботево,Botevo,с.,VID,tk_loan_management_bg.state_bg_VID,VID09,Видин,BG311,3746,43.83824,22.860292
bg_settlement_63358,63358,Рупци,Ruptsi,с.,VID,tk_loan_management_bg.state_bg_VID,VID09,Видин,BG311,3726,44.004452,22.804026
bg_settlement_56252,56252,Пешаково,Peshakovo,с.,VID,tk_loan_management_bg.state_bg_VID,VID09,Видин,BG311,3733,43.990305,22.734642
bg_settlement_22318,22318,Долни Бошняк,Dolni Boshnyak,с.,VID,tk_loan_management_bg.state_bg_VID,VID09,Видин,BG311,3782,44.004344,22.615208
bg_settlement_21186,21186,Динковица,Dinkovitsa,с.,VID,tk_loan_management_bg.state_bg_VID,VID09,Видин,BG311,3783,44.037836,22.777395
bg_settlement_17422,17422,Градец,Gradets,с.,VID,tk_loan_management_bg.state_bg_VID,VID09,Видин,BG311,3780,44.031738,22.753695
bg_settlement_15998,15998,Гомотарци,Gomotartsi,с.,VID,tk_loan_management_bg.state_bg_VID,VID09,Видин,BG311,3772,44.091502,22.967022
bg_settlement_14698,14698,Генерал Мариново,General Marinovo,с.,VID,tk_loan_management_bg.state_bg_VID,VID09,Видин,BG311,3732,43.99824,22.744209
bg_settlement_24712,24712,Дюлево,Dyulevo,с.,BGS,tk_loan_management_bg.state_bg_BGS,BGS06,Средец,BG341,8330,42.394817,27.16307
bg_settlement_23604,23604,Драчево,Drachevo,с.,BGS,tk_loan_management_bg.state_bg_BGS,BGS06,Средец,BG341,8319,42.341817,27.251369
bg_settlement_44570,44570,Любимец,Lyubimets,гр.,HKV,tk_loan_management_bg.state_bg_HKV,HKV17,Любимец,BG422,6550,41.844494,26.081026
bg_settlement_53429,53429,Одринци,Odrintsi,с.,HKV,tk_loan_management_bg.state_bg_HKV,HKV11,Ивайловград,BG422,6584,41.434748,26.139689
bg_settlement_47069,47069,Мандрица,Mandritsa,с.,HKV,tk_loan_management_bg.state_bg_HKV,HKV11,Ивайловград,BG422,6585,41.392449,26.133613
bg_settlement_22705,22705,Долно Луково,Dolno Lukovo,с.,HKV,tk_loan_management_bg.state_bg_HKV,HKV11,Ивайловград,BG422,6586,41.374453,26.076426
bg_settlement_14406,14406,Галиче,Galiche,с.,VRC,tk_loan_management_bg.state_bg_VRC,VRC08,Бяла Слатина,BG313,3250,43.558138,23.867896
bg_settlement_66932,66932,Славеево,Slaveevo,с.,HKV,tk_loan_management_bg.state_bg_HKV,HKV11,Ивайловград,BG422,6576,41.539375,26.163987
bg_settlement_66398,66398,Сив кладенец,Siv kladenets,с.,HKV,tk_loan_management_bg.state_bg_HKV,HKV11,Ивайловград,BG422,6585,41.409834,26.157916
bg_settlement_06547,06547,Брод,Brod,с.,HKV,tk_loan_management_bg.state_bg_HKV,HKV09,Димитровград,BG422,6442,42.046432,25.682796
bg_settlement_61889,61889,Райново,Raynovo,с.,HKV,tk_loan_management_bg.state_bg_HKV,HKV09,Димитровград,BG422,6423,42.018162,25.745442
bg_settlement_31156,31156,Златополе,Zlatopole,с.,HKV,tk_loan_management_bg.state_bg_HKV,HKV09,Димитровград,BG422,6421,42.040204,25.721434
bg_settlement_61563,61563,Радойново,Radoynovo,с.,BGS,tk_loan_management_bg.state_bg_BGS,BGS06,Средец,BG341,8323,42.376821,26.985527
bg_settlement_65560,65560,Светлина,Svetlina,с.,BGS,tk_loan_management_bg.state_bg_BGS,BGS06,Средец,BG341,8322,42.372068,27.103849
bg_settlement_03455,03455,Белила,Belila,с.,BGS,tk_loan_management_bg.state_bg_BGS,BGS06,Средец,BG341,8316,42.330867,27.102281
bg_settlement_04128,04128,Бисер,Biser,с.,HKV,tk_loan_management_bg.state_bg_HKV,HKV33,Харманли,BG422,6470,41.866434,25.9884
bg_settlement_23011,23011,Доситеево,Dositeevo,с.,HKV,tk_loan_management_bg.state_bg_HKV,HKV33,Харманли,BG422,6472,41.911126,26.021213
bg_settlement_77181,77181,Харманли,Harmanli,гр.,HKV,tk_loan_management_bg.state_bg_HKV,HKV33,Харманли,BG422,6450,41.923125,25.911056
bg_settlement_75191,75191,Устрем,Ustrem,с.,HKV,tk_loan_management_bg.state_bg_HKV,HKV32,Тополовград,BG422,6563,42.020992,26.462898
bg_settlement_68583,68583,Срем,Srem,с.,HKV,tk_loan_management_bg.state_bg_HKV,HKV32,Тополовград,BG422,6565,42.050131,26.482418
bg_settlement_73643,73643,Търнава,Tarnava,с.,VRC,tk_loan_management_bg.state_bg_VRC,VRC08,Бяла Слатина,BG313,3252,43.502736,23.882237
bg_settlement_59210,59210,Пясъчево,Pyasachevo,с.,HKV,tk_loan_management_bg.state_bg_HKV,HKV29,Симеоновград,BG422,6496,42.107365,25.863253
bg_settlement_35599,35599,Калугерово,Kalugerovo,с.,HKV,tk_loan_management_bg.state_bg_HKV,HKV29,Симеоновград,BG422,6495,42.089967,25.866305
bg_settlement_00401,00401,Алтимир,Altimir,с.,VRC,tk_loan_management_bg.state_bg_VRC,VRC08,Бяла Слатина,BG313,3251,43.529515,23.809979
bg_settlement_65677,65677,Свиленград,Svilengrad,гр.,HKV,tk_loan_management_bg.state_bg_HKV,HKV28,Свиленград,BG422,6500,41.768488,26.206498
bg_settlement_36110,36110,Капитан Андреево,Kapitan Andreevo,с.,HKV,tk_loan_management_bg.state_bg_HKV,HKV28,Свиленград,BG422,6530,41.720871,26.320606
bg_settlement_05846,05846,Ботево,Botevo,с.,VRC,tk_loan_management_bg.state_bg_VRC,VRC35,Хайредин,BG313,3353,43.580568,23.746295
bg_settlement_81116,81116,Чернодъб,Chernodab,с.,HKV,tk_loan_management_bg.state_bg_HKV,HKV28,Свиленград,BG422,6524,41.764031,26.278515
bg_settlement_69746,69746,Страцин,Stratsin,с.,BGS,tk_loan_management_bg.state_bg_BGS,BGS17,Поморие,BG341,8222,42.773415,27.472505
bg_settlement_35938,35938,Каменци,Kamentsi,с.,SLS,tk_loan_management_bg.state_bg_SLS,SLS15,Кайнарджа,BG325,7565,43.867547,27.486975
bg_settlement_48492,48492,Михайлово,Mihaylovo,с.,VRC,tk_loan_management_bg.state_bg_VRC,VRC35,Хайредин,BG313,3355,43.578224,23.597195
bg_settlement_47010,47010,Манастирище,Manastirishte,с.,VRC,tk_loan_management_bg.state_bg_VRC,VRC35,Хайредин,BG313,3354,43.575002,23.64806
bg_settlement_16064,16064,Горица,Goritsa,с.,BGS,tk_loan_management_bg.state_bg_BGS,BGS17,Поморие,BG341,8225,42.791646,27.528442
bg_settlement_18229,18229,Гълъбец,Galabets,с.,BGS,tk_loan_management_bg.state_bg_BGS,BGS17,Поморие,BG341,8220,42.770314,27.52923
bg_settlement_57790,57790,Порой,Poroy,с.,BGS,tk_loan_management_bg.state_bg_BGS,BGS17,Поморие,BG341,8221,42.750882,27.547485
bg_settlement_77102,77102,Хайредин,Hayredin,с.,VRC,tk_loan_management_bg.state_bg_VRC,VRC35,Хайредин,BG313,3357,43.602237,23.663668
bg_settlement_00271,00271,Александрово,Aleksandrovo,с.,BGS,tk_loan_management_bg.state_bg_BGS,BGS17,Поморие,BG341,8211,42.697223,27.596504
bg_settlement_69990,69990,Струя,Struya,с.,BGS,tk_loan_management_bg.state_bg_BGS,BGS18,Руен,BG341,8555,42.960849,27.265347
bg_settlement_80916,80916,Черни връх,Cherni vrah,с.,BGS,tk_loan_management_bg.state_bg_BGS,BGS08,Камено,BG341,8122,42.445992,27.343454
bg_settlement_68254,68254,Срацимир,Sratsimir,с.,SLS,tk_loan_management_bg.state_bg_SLS,SLS31,Силистра,BG325,7541,44.029231,27.347319
bg_settlement_66278,66278,Септемврийци,Septemvriytsi,с.,VID,tk_loan_management_bg.state_bg_VID,VID16,Димово,BG311,3796,43.76251,22.94614
bg_settlement_54386,54386,Остров,Ostrov,с.,VRC,tk_loan_management_bg.state_bg_VRC,VRC31,Оряхово,BG313,3340,43.678091,24.138402
bg_settlement_54020,54020,Оряхово,Oryahovo,гр.,VRC,tk_loan_management_bg.state_bg_VRC,VRC31,Оряхово,BG313,3300,43.73396,23.960851
bg_settlement_43400,43400,Лесковец,Leskovets,с.,VRC,tk_loan_management_bg.state_bg_VRC,VRC31,Оряхово,BG313,3341,43.708259,24.01441
bg_settlement_22321,22321,Долни Вадин,Dolni Vadin,с.,VRC,tk_loan_management_bg.state_bg_VRC,VRC31,Оряхово,BG313,3344,43.689506,24.276505
bg_settlement_16451,16451,Горни Вадин,Gorni Vadin,с.,VRC,tk_loan_management_bg.state_bg_VRC,VRC31,Оряхово,BG313,3343,43.681994,24.242455
bg_settlement_14427,14427,Галово,Galovo,с.,VRC,tk_loan_management_bg.state_bg_VRC,VRC31,Оряхово,BG313,3342,43.647305,24.08098
bg_settlement_70723,70723,Селановци,Selanovtsi,с.,VRC,tk_loan_management_bg.state_bg_VRC,VRC31,Оряхово,BG313,3301,43.673829,24.006175
bg_settlement_65396,65396,Сараево,Saraevo,с.,VRC,tk_loan_management_bg.state_bg_VRC,VRC28,Мизия,BG313,3333,43.716079,23.858414
bg_settlement_48043,48043,Мизия,Mizia,гр.,VRC,tk_loan_management_bg.state_bg_VRC,VRC28,Мизия,BG313,3330,43.691564,23.854675
bg_settlement_43774,43774,Липница,Lipnitsa,с.,VRC,tk_loan_management_bg.state_bg_VRC,VRC28,Мизия,BG313,3352,43.591401,23.818132
bg_settlement_40200,40200,Крушовица,Krushovitsa,с.,VRC,tk_loan_management_bg.state_bg_VRC,VRC28,Мизия,BG313,3349,43.625125,23.849152
bg_settlement_11853,11853,Войводово,Voyvodovo,с.,VRC,tk_loan_management_bg.state_bg_VRC,VRC28,Мизия,BG313,3332,43.649654,23.8429
bg_settlement_68148,68148,Софрониево,Sofronievo,с.,VRC,tk_loan_management_bg.state_bg_VRC,VRC28,Мизия,BG313,3348,43.63646,23.786688
bg_settlement_30168,30168,Загорци,Zagortsi,с.,BGS,tk_loan_management_bg.state_bg_BGS,BGS06,Средец,BG341,8321,42.394191,27.05806
bg_settlement_66528,66528,Синеморец,Sinemorets,с.,BGS,tk_loan_management_bg.state_bg_BGS,BGS13,Царево,BG341,8279,42.060683,27.976097
bg_settlement_76025,76025,Фазаново,Fazanovo,с.,BGS,tk_loan_management_bg.state_bg_BGS,BGS13,Царево,BG341,8272,42.200884,27.720776
bg_settlement_77548,77548,Хърлец,Harlets,с.,VRC,tk_loan_management_bg.state_bg_VRC,VRC20,Козлодуй,BG313,3329,43.711251,23.824981
bg_settlement_18505,18505,Гложене,Glozhene,с.,VRC,tk_loan_management_bg.state_bg_VRC,VRC20,Козлодуй,BG313,3327,43.69166,23.812049
bg_settlement_39730,39730,Крива бара,Kriva bara,с.,VRC,tk_loan_management_bg.state_bg_VRC,VRC20,Козлодуй,BG313,3328,43.63754,23.709676
bg_settlement_07116,07116,Бутан,Butan,с.,VRC,tk_loan_management_bg.state_bg_VRC,VRC20,Козлодуй,BG313,3326,43.652108,23.755253
bg_settlement_10094,10094,Варвара,Varvara,с.,BGS,tk_loan_management_bg.state_bg_BGS,BGS13,Царево,BG341,8278,42.121596,27.90024
bg_settlement_10361,10361,Велика,Velika,с.,BGS,tk_loan_management_bg.state_bg_BGS,BGS13,Царево,BG341,8271,42.183854,27.779493
bg_settlement_38947,38947,Кости,Kosti,с.,BGS,tk_loan_management_bg.state_bg_BGS,BGS13,Царево,BG341,8283,42.059331,27.778704
bg_settlement_11538,11538,Свети Влас,Sveti Vlas,гр.,BGS,tk_loan_management_bg.state_bg_BGS,BGS15,Несебър,BG341,8256,42.713819,27.758656
bg_settlement_37825,37825,Козница,Koznitsa,с.,BGS,tk_loan_management_bg.state_bg_BGS,BGS15,Несебър,BG341,8255,42.877591,27.676081
bg_settlement_16095,16095,Горичане,Gorichane,с.,DOB,tk_loan_management_bg.state_bg_DOB,DOB29,Шабла,BG332,9688,43.528156,28.453467
bg_settlement_17275,17275,Горун,Gorun,с.,DOB,tk_loan_management_bg.state_bg_DOB,DOB29,Шабла,BG332,9689,43.495746,28.485278
bg_settlement_30394,30394,Захари Стояново,Zahari Stoyanovo,с.,DOB,tk_loan_management_bg.state_bg_DOB,DOB29,Шабла,BG332,9671,43.693722,28.456061
bg_settlement_58596,58596,Пролез,Prolez,с.,DOB,tk_loan_management_bg.state_bg_DOB,DOB29,Шабла,BG332,9685,43.577083,28.454548
bg_settlement_73746,73746,Търняне,Tarnyane,с.,VID,tk_loan_management_bg.state_bg_VID,VID09,Видин,BG311,3741,43.922007,22.798294
bg_settlement_02508,02508,Балчик,Balchik,гр.,DOB,tk_loan_management_bg.state_bg_DOB,DOB03,Балчик,BG332,9600,43.411607,28.166805
bg_settlement_66473,66473,Синаговци,Sinagovtsi,с.,VID,tk_loan_management_bg.state_bg_VID,VID09,Видин,BG311,3737,43.898256,22.76425
bg_settlement_70665,70665,Сърпово,Sarpovo,с.,SLS,tk_loan_management_bg.state_bg_SLS,SLS31,Силистра,BG325,7578,44.015715,27.09166
bg_settlement_40381,40381,Кръстина,Krastina,с.,BGS,tk_loan_management_bg.state_bg_BGS,BGS08,Камено,BG341,8121,42.58073,27.237552
bg_settlement_72881,72881,Тотлебен,Totleben,с.,PVN,tk_loan_management_bg.state_bg_PVN,PVN27,Пордим,BG314,5899,43.439343,24.909123
bg_settlement_81551,81551,Чомаковци,Chomakovtsi,с.,PVN,tk_loan_management_bg.state_bg_PVN,PVN37,Червен бряг,BG314,5989,43.330374,24.066794
bg_settlement_14934,14934,Глава,Glava,с.,PVN,tk_loan_management_bg.state_bg_PVN,PVN37,Червен бряг,BG314,5985,43.398233,24.197895
bg_settlement_20383,20383,Девенци,Deventsi,с.,PVN,tk_loan_management_bg.state_bg_PVN,PVN37,Червен бряг,BG314,5995,43.321312,24.165121
bg_settlement_37863,37863,Койнаре,Koynare,гр.,PVN,tk_loan_management_bg.state_bg_PVN,PVN37,Червен бряг,BG314,5986,43.355699,24.143577
bg_settlement_72179,72179,Твърдица,Tvarditsa,с.,DOB,tk_loan_management_bg.state_bg_DOB,DOB29,Шабла,BG332,9675,43.613571,28.460344
bg_settlement_68610,68610,Стаевци,Staevtsi,с.,DOB,tk_loan_management_bg.state_bg_DOB,DOB29,Шабла,BG332,9673,43.691713,28.494447
bg_settlement_39493,39493,Крапец,Krapets,с.,DOB,tk_loan_management_bg.state_bg_DOB,DOB29,Шабла,BG332,9674,43.625007,28.566596
bg_settlement_66425,66425,Силистра,Silistra,гр.,SLS,tk_loan_management_bg.state_bg_SLS,SLS31,Силистра,BG325,7500,44.114539,27.266524
bg_settlement_67526,67526,Смилец,Smilets,с.,SLS,tk_loan_management_bg.state_bg_SLS,SLS31,Силистра,BG325,7577,44.029204,27.146652
bg_settlement_27108,27108,Езерец,Ezerets,с.,DOB,tk_loan_management_bg.state_bg_DOB,DOB29,Шабла,BG332,9687,43.59249,28.530448
bg_settlement_24102,24102,Дуранкулак,Durankulak,с.,DOB,tk_loan_management_bg.state_bg_DOB,DOB29,Шабла,BG332,9670,43.691988,28.527477
bg_settlement_17782,17782,Граничар,Granichar,с.,DOB,tk_loan_management_bg.state_bg_DOB,DOB29,Шабла,BG332,9669,43.721904,28.502097
bg_settlement_10032,10032,Ваклино,Vaklino,с.,DOB,tk_loan_management_bg.state_bg_DOB,DOB29,Шабла,BG332,9672,43.644808,28.504958
bg_settlement_04927,04927,Божаново,Bozhanovo,с.,DOB,tk_loan_management_bg.state_bg_DOB,DOB29,Шабла,BG332,9677,43.62231,28.49063
bg_settlement_67180,67180,Слана бара,Slana bara,с.,VID,tk_loan_management_bg.state_bg_VID,VID09,Видин,BG311,3728,43.969753,22.806023
bg_settlement_66442,66442,Цар Симеоново,Tsar Simeonovo,с.,VID,tk_loan_management_bg.state_bg_VID,VID09,Видин,BG311,3745,43.854071,22.84151
bg_settlement_68299,68299,Сребърна,Srebarna,с.,SLS,tk_loan_management_bg.state_bg_SLS,SLS31,Силистра,BG325,7587,44.093939,27.06404
bg_settlement_58356,58356,Приморско,Primorsko,гр.,BGS,tk_loan_management_bg.state_bg_BGS,BGS27,Приморско,BG341,8180,42.266647,27.755223
bg_settlement_10135,10135,Варна,Varna,гр.,VAR,tk_loan_management_bg.state_bg_VAR,VAR06,Варна,BG331,9000,43.20483,27.910886
bg_settlement_27125,27125,Езерово,Ezerovo,с.,VAR,tk_loan_management_bg.state_bg_VAR,VAR04,Белослав,BG331,9168,43.201823,27.767124
bg_settlement_24739,24739,Дюлино,Dyulino,с.,VAR,tk_loan_management_bg.state_bg_VAR,VAR05,Бяла,BG331,9108,42.860114,27.72549
bg_settlement_57131,57131,Покрайна,Pokrayna,с.,VID,tk_loan_management_bg.state_bg_VID,VID09,Видин,BG311,3764,44.03223,22.902831
bg_settlement_10611,10611,Венелин,Venelin,с.,VAR,tk_loan_management_bg.state_bg_VAR,VAR13,Долни чифлик,BG331,9119,43.047056,27.668861
bg_settlement_32095,32095,Иваново,Ivanovo,с.,RSE,tk_loan_management_bg.state_bg_RSE,RSE13,Иваново,BG323,7088,43.68661,25.954604
bg_settlement_52283,52283,Новоселци,Novoseltsi,с.,VID,tk_loan_management_bg.state_bg_VID,VID09,Видин,BG311,3725,43.984021,22.821484
bg_settlement_41263,41263,Кутово,Kutovo,с.,VID,tk_loan_management_bg.state_bg_VID,VID09,Видин,BG311,3767,44.029543,22.964238
bg_settlement_39147,39147,Кошава,Koshava,с.,VID,tk_loan_management_bg.state_bg_VID,VID09,Видин,BG311,3771,44.071636,23.030783
bg_settlement_36141,36141,Капитановци,Kapitanovtsi,с.,VID,tk_loan_management_bg.state_bg_VID,VID09,Видин,BG311,3768,44.034815,22.877141
bg_settlement_51956,51956,Нова Черна,Nova Cherna,с.,SLS,tk_loan_management_bg.state_bg_SLS,SLS34,Тутракан,BG325,7645,43.993268,26.465463
bg_settlement_14708,14708,Генералово,Generalovo,с.,HKV,tk_loan_management_bg.state_bg_HKV,HKV28,Свиленград,BG422,6523,41.722477,26.276126
bg_settlement_02796,02796,Басарбово,Basarbovo,с.,RSE,tk_loan_management_bg.state_bg_RSE,RSE27,Русе,BG323,7071,43.778667,25.950064
bg_settlement_47336,47336,Мартен,Marten,гр.,RSE,tk_loan_management_bg.state_bg_RSE,RSE27,Русе,BG323,7058,43.920352,26.084808
bg_settlement_63427,63427,Русе,Ruse,гр.,RSE,tk_loan_management_bg.state_bg_RSE,RSE27,Русе,BG323,7000,43.845995,25.96025
bg_settlement_65348,65348,Сандрово,Sandrovo,с.,RSE,tk_loan_management_bg.state_bg_RSE,RSE27,Русе,BG323,7059,43.934704,26.113723
bg_settlement_73393,73393,Тръстиково,Trastikovo,с.,VAR,tk_loan_management_bg.state_bg_VAR,VAR01,Аврен,BG331,9134,43.144687,27.594229
bg_settlement_86057,86057,Юнак,Yunak,с.,VAR,tk_loan_management_bg.state_bg_VAR,VAR01,Аврен,BG331,9138,43.079238,27.611034
bg_settlement_70220,70220,Царевци,Tsarevtsi,с.,VAR,tk_loan_management_bg.state_bg_VAR,VAR01,Аврен,BG331,9129,43.091973,27.571911
bg_settlement_10495,10495,Величково,Velichkovo,с.,VAR,tk_loan_management_bg.state_bg_VAR,VAR16,Дългопол,BG331,9263,43.049016,27.445799
bg_settlement_10663,10663,Венчан,Venchan,с.,VAR,tk_loan_management_bg.state_bg_VAR,VAR24,Провадия,BG331,9219,43.235725,27.389745
bg_settlement_00833,00833,Ахелой,Aheloy,гр.,BGS,tk_loan_management_bg.state_bg_BGS,BGS17,Поморие,BG341,8217,42.645702,27.649498
bg_settlement_44425,44425,Лъка,Laka,с.,BGS,tk_loan_management_bg.state_bg_BGS,BGS17,Поморие,BG341,8216,42.624615,27.53545
bg_settlement_51963,51963,Нова Шипка,Nova Shipka,с.,VAR,tk_loan_management_bg.state_bg_VAR,VAR13,Долни чифлик,BG331,9116,43.056455,27.523277
bg_settlement_52115,52115,Ново Оряхово,Novo Oryahovo,с.,VAR,tk_loan_management_bg.state_bg_VAR,VAR13,Долни чифлик,BG331,9113,42.987047,27.838919
bg_settlement_57491,57491,Поморие,Pomorie,гр.,BGS,tk_loan_management_bg.state_bg_BGS,BGS17,Поморие,BG341,8200,42.559535,27.638055
bg_settlement_31005,31005,Златина,Zlatina,с.,VAR,tk_loan_management_bg.state_bg_VAR,VAR24,Провадия,BG331,9218,43.236133,27.417444
bg_settlement_58503,58503,Провадия,Provadia,гр.,VAR,tk_loan_management_bg.state_bg_VAR,VAR24,Провадия,BG331,9200,43.17219,27.442058
bg_settlement_73506,73506,Тутраканци,Tutrakantsi,с.,VAR,tk_loan_management_bg.state_bg_VAR,VAR24,Провадия,BG331,9275,43.118935,27.439657
bg_settlement_02083,02083,Бабово,Babovo,с.,RSE,tk_loan_management_bg.state_bg_RSE,RSE33,Сливо поле,BG323,7068,43.98352,26.302187
bg_settlement_05517,05517,Борисово,Borisovo,с.,RSE,tk_loan_management_bg.state_bg_RSE,RSE33,Сливо поле,BG323,7064,43.933831,26.231189
bg_settlement_06673,06673,Бръшлен,Brashlen,с.,RSE,tk_loan_management_bg.state_bg_RSE,RSE33,Сливо поле,BG323,7069,43.996591,26.364826
bg_settlement_15829,15829,Голямо Враново,Golyamo Vranovo,с.,RSE,tk_loan_management_bg.state_bg_RSE,RSE33,Сливо поле,BG323,7065,43.962117,26.339211
bg_settlement_63668,63668,Ряхово,Ryahovo,с.,RSE,tk_loan_management_bg.state_bg_RSE,RSE33,Сливо поле,BG323,7070,43.98827,26.246142
bg_settlement_67444,67444,Сливо поле,Slivo pole,гр.,RSE,tk_loan_management_bg.state_bg_RSE,RSE33,Сливо поле,BG323,7060,43.947205,26.204191
bg_settlement_20599,20599,Дебелец,Debelets,с.,VAR,tk_loan_management_bg.state_bg_VAR,VAR16,Дългопол,BG331,,43.013066,27.330096
bg_settlement_03745,03745,Белцов,Beltsov,с.,RSE,tk_loan_management_bg.state_bg_RSE,RSE37,Ценово,BG323,7138,43.566198,25.641214
bg_settlement_03808,03808,Беляново,Belyanovo,с.,RSE,tk_loan_management_bg.state_bg_RSE,RSE37,Ценово,BG323,7134,43.612479,25.615542
bg_settlement_22277,22277,Долна Студена,Dolna Studena,с.,RSE,tk_loan_management_bg.state_bg_RSE,RSE37,Ценово,BG323,7123,43.526961,25.692749
bg_settlement_78361,78361,Ценово,Tsenovo,с.,RSE,tk_loan_management_bg.state_bg_RSE,RSE37,Ценово,BG323,7139,43.5378,25.655315
bg_settlement_57090,57090,Пожарево,Pozharevo,с.,SLS,tk_loan_management_bg.state_bg_SLS,SLS34,Тутракан,BG325,7622,44.051961,26.705915
bg_settlement_14547,14547,Гарван,Garvan,с.,SLS,tk_loan_management_bg.state_bg_SLS,SLS32,Ситово,BG325,7589,44.084376,26.901227
bg_settlement_76145,76145,Флорентин,Florentin,с.,VID,tk_loan_management_bg.state_bg_VID,VID30,Ново село,BG311,3778,44.134935,22.849689
bg_settlement_57577,57577,Попина,Popina,с.,SLS,tk_loan_management_bg.state_bg_SLS,SLS32,Ситово,BG325,7590,44.119207,26.949022
bg_settlement_29249,29249,Желязово,Zhelyazovo,с.,BGS,tk_loan_management_bg.state_bg_BGS,BGS08,Камено,BG341,8106,42.480464,27.138434
bg_settlement_35883,35883,Камено,Kameno,гр.,BGS,tk_loan_management_bg.state_bg_BGS,BGS08,Камено,BG341,8120,42.572832,27.295356
bg_settlement_43623,43623,Ливада,Livada,с.,BGS,tk_loan_management_bg.state_bg_BGS,BGS08,Камено,BG341,8107,42.446112,27.22069
bg_settlement_58921,58921,Пчелник,Pchelnik,с.,VAR,tk_loan_management_bg.state_bg_VAR,VAR13,Долни чифлик,BG331,9118,43.013037,27.6693
bg_settlement_66490,66490,Синдел,Sindel,с.,VAR,tk_loan_management_bg.state_bg_VAR,VAR01,Аврен,BG331,9125,43.110165,27.605259
bg_settlement_68028,68028,Солник,Solnik,с.,VAR,tk_loan_management_bg.state_bg_VAR,VAR13,Долни чифлик,BG331,9122,42.921942,27.65248
bg_settlement_83404,83404,Шкорпиловци,Shkorpilovtsi,с.,VAR,tk_loan_management_bg.state_bg_VAR,VAR13,Долни чифлик,BG331,9112,42.963144,27.8778
bg_settlement_24565,24565,Дългопол,Dalgopol,гр.,VAR,tk_loan_management_bg.state_bg_VAR,VAR16,Дългопол,BG331,9250,43.052851,27.343123
bg_settlement_78519,78519,Цонево,Tsonevo,с.,VAR,tk_loan_management_bg.state_bg_VAR,VAR16,Дългопол,BG331,9261,43.033446,27.436813
bg_settlement_57635,57635,Попович,Popovich,с.,VAR,tk_loan_management_bg.state_bg_VAR,VAR05,Бяла,BG331,9104,42.834133,27.793861
bg_settlement_22530,22530,Долни Цибър,Dolni Tsibar,с.,MON,tk_loan_management_bg.state_bg_MON,MON11,Вълчедръм,BG312,3642,43.813725,23.512239
bg_settlement_16639,16639,Горни Цибър,Gorni Tsibar,с.,MON,tk_loan_management_bg.state_bg_MON,MON11,Вълчедръм,BG312,3632,43.800558,23.530819
bg_settlement_70130,70130,Стърмен,Starmen,с.,RSE,tk_loan_management_bg.state_bg_RSE,RSE04,Бяла,BG323,7124,43.481733,25.692238
bg_settlement_20482,20482,Девня,Devnya,гр.,VAR,tk_loan_management_bg.state_bg_VAR,VAR14,Девня,BG331,9160,43.218285,27.557435
bg_settlement_02957,02957,Бацова махала,Batsova mahala,с.,PVN,tk_loan_management_bg.state_bg_PVN,PVN21,Никопол,BG314,5948,43.506667,24.996614
bg_settlement_18099,18099,Гулянци,Gulyantsi,гр.,PVN,tk_loan_management_bg.state_bg_PVN,PVN08,Гулянци,BG314,5960,43.637317,24.690531
bg_settlement_29310,29310,Жернов,Zhernov,с.,PVN,tk_loan_management_bg.state_bg_PVN,PVN21,Никопол,BG314,5964,43.655389,24.863175
bg_settlement_22335,22335,Долни Вит,Dolni Vit,с.,PVN,tk_loan_management_bg.state_bg_PVN,PVN08,Гулянци,BG314,5969,43.662474,24.757154
bg_settlement_24308,24308,Дъбован,Dabovan,с.,PVN,tk_loan_management_bg.state_bg_PVN,PVN08,Гулянци,BG314,5973,43.724652,24.608839
bg_settlement_30199,30199,Загражден,Zagrazhden,с.,PVN,tk_loan_management_bg.state_bg_PVN,PVN08,Гулянци,BG314,5974,43.744323,24.561561
bg_settlement_52279,52279,Константиново,Konstantinovo,с.,BGS,tk_loan_management_bg.state_bg_BGS,BGS08,Камено,BG341,8129,42.408238,27.315878
bg_settlement_14249,14249,Габър,Gabar,с.,BGS,tk_loan_management_bg.state_bg_BGS,BGS21,Созопол,BG341,8158,42.312147,27.353748
bg_settlement_30822,30822,Зидарово,Zidarovo,с.,BGS,tk_loan_management_bg.state_bg_BGS,BGS21,Созопол,BG341,8160,42.327197,27.401995
bg_settlement_57337,57337,Полски извор,Polski izvor,с.,BGS,tk_loan_management_bg.state_bg_BGS,BGS08,Камено,BG341,8123,42.450014,27.290189
bg_settlement_49415,49415,Муселиево,Muselievo,с.,PVN,tk_loan_management_bg.state_bg_PVN,PVN21,Никопол,BG314,5963,43.636991,24.852284
bg_settlement_83394,83394,Шияково,Shiyakovo,с.,PVN,tk_loan_management_bg.state_bg_PVN,PVN08,Гулянци,BG314,5962,43.606624,24.707413
bg_settlement_04457,04457,Блъсково,Blaskovo,с.,VAR,tk_loan_management_bg.state_bg_VAR,VAR24,Провадия,BG331,9240,43.121591,27.328971
bg_settlement_16050,16050,Горен чифлик,Goren chiflik,с.,VAR,tk_loan_management_bg.state_bg_VAR,VAR13,Долни чифлик,BG331,9100,43.01064,27.63028
bg_settlement_05102,05102,Бозвелийско,Bozveliysko,с.,VAR,tk_loan_management_bg.state_bg_VAR,VAR24,Провадия,BG331,9273,43.102203,27.475515
bg_settlement_51932,51932,Новачене,Novachene,с.,PVN,tk_loan_management_bg.state_bg_PVN,PVN21,Никопол,BG314,5950,43.553093,24.931989
bg_settlement_00878,00878,Ахтопол,Ahtopol,гр.,BGS,tk_loan_management_bg.state_bg_BGS,BGS13,Царево,BG341,8280,42.099414,27.937604
bg_settlement_06553,06553,Бродилово,Brodilovo,с.,BGS,tk_loan_management_bg.state_bg_BGS,BGS13,Царево,BG341,8282,42.087786,27.857648
bg_settlement_06745,06745,Брягово,Bryagovo,с.,PDV,tk_loan_management_bg.state_bg_PDV,PDV23,Първомай,BG421,4294,41.985417,25.173411
bg_settlement_32754,32754,Иново,Inovo,с.,VID,tk_loan_management_bg.state_bg_VID,VID09,Видин,BG311,3763,44.0316,22.834869
bg_settlement_24061,24061,Дунавци,Dunavtsi,гр.,VID,tk_loan_management_bg.state_bg_VID,VID09,Видин,BG311,3740,43.913341,22.813675
bg_settlement_10971,10971,Видин,Vidin,гр.,VID,tk_loan_management_bg.state_bg_VID,VID09,Видин,BG311,3700,43.986488,22.875103
bg_settlement_65320,65320,Санадиново,Sanadinovo,с.,PVN,tk_loan_management_bg.state_bg_PVN,PVN21,Никопол,BG314,5949,43.538347,25.004841
bg_settlement_37798,37798,Козлодуй,Kozloduy,гр.,VRC,tk_loan_management_bg.state_bg_VRC,VRC20,Козлодуй,BG313,3320,43.775681,23.732107
bg_settlement_35211,35211,Казашко,Kazashko,с.,VAR,tk_loan_management_bg.state_bg_VAR,VAR06,Варна,BG331,9140,43.198055,27.821684
bg_settlement_03719,03719,Белослав,Beloslav,гр.,VAR,tk_loan_management_bg.state_bg_VAR,VAR04,Белослав,BG331,9178,43.187185,27.703174
bg_settlement_17912,17912,Гроздьово,Grozdyovo,с.,VAR,tk_loan_management_bg.state_bg_VAR,VAR13,Долни чифлик,BG331,9106,43.026019,27.54093
bg_settlement_21912,21912,Долни чифлик,Dolni chiflik,гр.,VAR,tk_loan_management_bg.state_bg_VAR,VAR13,Долни чифлик,BG331,9120,42.993002,27.718607
bg_settlement_35746,35746,Камен бряг,Kamen bryag,с.,DOB,tk_loan_management_bg.state_bg_DOB,DOB17,Каварна,BG332,9661,43.455747,28.550571
bg_settlement_51408,51408,Нейково,Neykovo,с.,DOB,tk_loan_management_bg.state_bg_DOB,DOB17,Каварна,BG332,9692,43.608632,28.425929
bg_settlement_58712,58712,Проход,Prohod,с.,BGS,tk_loan_management_bg.state_bg_BGS,BGS06,Средец,BG341,8336,42.331289,27.060446
bg_settlement_44094,44094,Лозенец,Lozenets,с.,BGS,tk_loan_management_bg.state_bg_BGS,BGS13,Царево,BG341,8277,42.20869,27.806211
bg_settlement_48619,48619,Царево,Tsarevo,гр.,BGS,tk_loan_management_bg.state_bg_BGS,BGS13,Царево,BG341,8260,42.170174,27.848341
bg_settlement_62459,62459,Резово,Rezovo,с.,BGS,tk_loan_management_bg.state_bg_BGS,BGS13,Царево,BG341,8281,41.984528,28.02994
bg_settlement_24400,24400,Дъбравино,Dabravino,с.,VAR,tk_loan_management_bg.state_bg_VAR,VAR01,Аврен,BG331,9126,43.053231,27.597562
bg_settlement_35208,35208,Казашка река,Kazashka reka,с.,VAR,tk_loan_management_bg.state_bg_VAR,VAR01,Аврен,BG331,9125,43.088171,27.630694
bg_settlement_52180,52180,Ново село,Novo selo,с.,VID,tk_loan_management_bg.state_bg_VID,VID30,Ново село,BG311,3784,44.158763,22.786124
bg_settlement_20273,20273,Дебелт,Debelt,с.,BGS,tk_loan_management_bg.state_bg_BGS,BGS06,Средец,BG341,8314,42.395928,27.262469
bg_settlement_58400,58400,Присад,Prisad,с.,BGS,tk_loan_management_bg.state_bg_BGS,BGS21,Созопол,BG341,8161,42.375551,27.382012
bg_settlement_61042,61042,Равадиново,Ravadinovo,с.,BGS,tk_loan_management_bg.state_bg_BGS,BGS21,Созопол,BG341,8146,42.383078,27.666883
bg_settlement_67800,67800,Созопол,Sozopol,гр.,BGS,tk_loan_management_bg.state_bg_BGS,BGS21,Созопол,BG341,8130,42.417316,27.696294
bg_settlement_81178,81178,Черноморец,Chernomorets,гр.,BGS,tk_loan_management_bg.state_bg_BGS,BGS21,Созопол,BG341,8142,42.44437,27.638703
bg_settlement_17974,17974,Средец,Sredets,гр.,BGS,tk_loan_management_bg.state_bg_BGS,BGS06,Средец,BG341,8300,42.344955,27.181733
bg_settlement_69078,69078,Старо село,Staro selo,с.,SLS,tk_loan_management_bg.state_bg_SLS,SLS34,Тутракан,BG325,7637,43.987797,26.541879
bg_settlement_18469,18469,Гюльовца,Gyulyovtsa,с.,BGS,tk_loan_management_bg.state_bg_BGS,BGS15,Несебър,BG341,8249,42.769398,27.599129
bg_settlement_51500,51500,Несебър,Nesebar,гр.,BGS,tk_loan_management_bg.state_bg_BGS,BGS15,Несебър,BG341,8230,42.659522,27.725834
bg_settlement_53045,53045,Обзор,Obzor,гр.,BGS,tk_loan_management_bg.state_bg_BGS,BGS15,Несебър,BG341,8250,42.817692,27.879809
bg_settlement_53822,53822,Оризаре,Orizare,с.,BGS,tk_loan_management_bg.state_bg_BGS,BGS15,Несебър,BG341,8248,42.751087,27.619536
bg_settlement_58431,58431,Приселци,Priseltsi,с.,BGS,tk_loan_management_bg.state_bg_BGS,BGS15,Несебър,BG341,8251,42.824334,27.797225
bg_settlement_61056,61056,Равда,Ravda,с.,BGS,tk_loan_management_bg.state_bg_BGS,BGS15,Несебър,BG341,8238,42.643929,27.677881
bg_settlement_73571,73571,Тънково,Tankovo,с.,BGS,tk_loan_management_bg.state_bg_BGS,BGS15,Несебър,BG341,8237,42.694389,27.649648
bg_settlement_02227,02227,Байкал,Baykal,с.,PVN,tk_loan_management_bg.state_bg_PVN,PVN10,Долна Митрополия,BG314,5861,43.710365,24.422518
bg_settlement_06152,06152,Братово,Bratovo,с.,BGS,tk_loan_management_bg.state_bg_BGS,BGS04,Бургас,BG341,8111,42.504187,27.304121
bg_settlement_63478,63478,Русокастро,Rusokastro,с.,BGS,tk_loan_management_bg.state_bg_BGS,BGS08,Камено,BG341,8105,42.465643,27.186587
bg_settlement_65783,65783,Свобода,Svoboda,с.,BGS,tk_loan_management_bg.state_bg_BGS,BGS08,Камено,BG341,8103,42.570492,27.317391
bg_settlement_73388,73388,Тръстиково,Trastikovo,с.,BGS,tk_loan_management_bg.state_bg_BGS,BGS08,Камено,BG341,8128,42.427263,27.261902
bg_settlement_40066,40066,Круша,Krusha,с.,VAR,tk_loan_management_bg.state_bg_VAR,VAR01,Аврен,BG331,9121,43.026488,27.758549
bg_settlement_73780,73780,Тюленово,Tyulenovo,с.,DOB,tk_loan_management_bg.state_bg_DOB,DOB29,Шабла,BG332,9684,43.494229,28.577818
bg_settlement_83017,83017,Шабла,Shabla,гр.,DOB,tk_loan_management_bg.state_bg_DOB,DOB29,Шабла,BG332,9680,43.535504,28.531119
bg_settlement_07079,07079,Бургас,Burgas,гр.,BGS,tk_loan_management_bg.state_bg_BGS,BGS04,Бургас,BG341,8000,42.513077,27.464419
bg_settlement_21141,21141,Димчево,Dimchevo,с.,BGS,tk_loan_management_bg.state_bg_BGS,BGS04,Бургас,BG341,8159,42.405014,27.409281
bg_settlement_38145,38145,Комарево,Komarevo,с.,PVN,tk_loan_management_bg.state_bg_PVN,PVN10,Долна Митрополия,BG314,5853,43.585319,24.630473
bg_settlement_40195,40195,Крушовене,Krushovene,с.,PVN,tk_loan_management_bg.state_bg_PVN,PVN10,Долна Митрополия,BG314,5860,43.643479,24.399623
bg_settlement_39459,39459,Кранево,Kranevo,с.,DOB,tk_loan_management_bg.state_bg_DOB,DOB03,Балчик,BG332,9649,43.341849,28.053805
bg_settlement_53120,53120,Оброчище,Obrochishte,с.,DOB,tk_loan_management_bg.state_bg_DOB,DOB03,Балчик,BG332,9630,43.401895,28.047413
bg_settlement_00919,00919,Антимово,Antimovo,с.,VID,tk_loan_management_bg.state_bg_VID,VID09,Видин,BG311,3776,44.029861,22.943945
bg_settlement_53655,53655,Ореховица,Orehovitsa,с.,PVN,tk_loan_management_bg.state_bg_PVN,PVN10,Долна Митрополия,BG314,5859,43.587594,24.383107
bg_settlement_78238,78238,Цар Самуил,Tsar Samuil,с.,SLS,tk_loan_management_bg.state_bg_SLS,SLS34,Тутракан,BG325,7640,43.980772,26.404527
bg_settlement_47202,47202,Маринка,Marinka,с.,BGS,tk_loan_management_bg.state_bg_BGS,BGS04,Бургас,BG341,8154,42.401516,27.482141
bg_settlement_67194,67194,Сланотрън,Slanotran,с.,VID,tk_loan_management_bg.state_bg_VID,VID09,Видин,BG311,3769,44.04522,23.014633
bg_settlement_72709,72709,Тополи,Topoli,с.,VAR,tk_loan_management_bg.state_bg_VAR,VAR06,Варна,BG331,9140,43.218643,27.821794
bg_settlement_00895,00895,Айдемир,Aydemir,с.,SLS,tk_loan_management_bg.state_bg_SLS,SLS31,Силистра,BG325,7538,44.097759,27.168801
bg_settlement_61741,61741,Разделна,Razdelna,с.,VAR,tk_loan_management_bg.state_bg_VAR,VAR04,Белослав,BG331,9181,43.16293,27.634895
bg_settlement_41143,41143,Калипетрово,Kalipetrovo,с.,SLS,tk_loan_management_bg.state_bg_SLS,SLS31,Силистра,BG325,7539,44.076073,27.242459
bg_settlement_67787,67787,Совата,Sovata,с.,VTR,tk_loan_management_bg.state_bg_VTR,VTR28,Свищов,BG321,5283,43.548899,25.449896
bg_settlement_37023,37023,Китен,Kiten,гр.,BGS,tk_loan_management_bg.state_bg_BGS,BGS27,Приморско,BG341,8183,42.234464,27.772709
bg_settlement_61145,61145,Равнец,Ravnets,с.,BGS,tk_loan_management_bg.state_bg_BGS,BGS04,Бургас,BG341,8117,42.514544,27.240465
bg_settlement_72151,72151,Твърдица,Tvarditsa,с.,BGS,tk_loan_management_bg.state_bg_BGS,BGS04,Бургас,BG341,8155,42.407936,27.455522
bg_settlement_40213,40213,Крушовица,Krushovitsa,с.,PVN,tk_loan_management_bg.state_bg_PVN,PVN11,Долни Дъбник,BG314,5881,43.349113,24.415002
bg_settlement_63700,63700,Ракитница,Rakitnitsa,с.,VID,tk_loan_management_bg.state_bg_VID,VID06,Брегово,BG311,3791,44.121853,22.648506
bg_settlement_03366,03366,Белене,Belene,гр.,PVN,tk_loan_management_bg.state_bg_PVN,PVN03,Белене,BG314,5930,43.644044,25.125362
bg_settlement_06224,06224,Брегово,Bregovo,гр.,VID,tk_loan_management_bg.state_bg_VID,VID06,Брегово,BG311,3790,44.152485,22.638816
bg_settlement_32367,32367,Извор,Izvor,с.,BGS,tk_loan_management_bg.state_bg_BGS,BGS04,Бургас,BG341,8153,42.353378,27.461214
bg_settlement_69763,69763,Страшимирово,Strashimirovo,с.,VAR,tk_loan_management_bg.state_bg_VAR,VAR04,Белослав,BG331,9179,43.195402,27.735237
bg_settlement_06402,06402,Брест,Brest,с.,PVN,tk_loan_management_bg.state_bg_PVN,PVN08,Гулянци,BG314,5971,43.642419,24.591632
bg_settlement_14876,14876,Гиген,Gigen,с.,PVN,tk_loan_management_bg.state_bg_PVN,PVN08,Гулянци,BG314,5970,43.695207,24.484759
